Workbook

Sheet XUẤT
A1: ĐIỀU PHỐI QUAROMI | M1: CHỈ TIÊU | AA1: VẬN CHUYỂN
A3: STT | B3: Ngày | C3: Đơn hàng | D3: Công việc | E3: Kho | F3: Số lượng | J3: Người thực hiện | K3: Hỗ Trợ (trạm QL) | L3: Kết quả | M3: Chỉ tiêu | N3: Chỉ tiêu CBCNV | O3: Sản phẩm | P3: Số lượng | X3: Đơn giá | Y3: Doanh thu | Z3: Thu tiền | AA3: Người vận chuyển | AB3: Số lượng | AC3: Số tiền | AD3: GHI CHÚ
F4: Thùng | G4: Vỉ | H4: Bình | I4: Cộng | M4: XN/CTY | N4: CBCNV | P4: Vỉ 500ml | Q4: Vỉ 350 ml | R4: Hộp 500ml | S4: Hộp 350ml | T4: Bình kiềm | U4: Bình RO | V4: KM | W4: Cộng
P5: =SUBTOTAL(9,P6:P256) -> 1019 | Q5: =SUBTOTAL(9,Q6:Q256) -> 67 | R5: =SUBTOTAL(9,R6:R256) -> 10 | S5: =SUBTOTAL(9,S6:S256) -> 6 | T5: =SUBTOTAL(9,T6:T256) -> 109 | U5: =SUBTOTAL(9,U6:U256) -> 79 | V5: =SUBTOTAL(9,V6:V256) -> 89 | W5: =SUBTOTAL(9,W6:W161) -> 746 | AB5: =SUBTOTAL(9,AB6:AB161) -> 693 | AC5: =SUBTOTAL(9,AC6:AC161) -> 3465000
A6: 9 | B6: 46272 | C6: Nguyễn Giang Qtri: công ty luật minh hà: 275 hà trung, 5+1 vỉ 500ml | D6: Vận chuyển | G6: 6 | I6: =H6+G6 -> 6 | J6: Phương + Huế | L6: Đã hoàn thành | M6: Công ty | O6: Vỉ 500ml | P6: 5 | V6: 1 | W6: =SUM(P6:V6) -> 6 | X6: =SUMIFS('Đơn giá'!C:C,'Đơn giá'!B:B,XUẤT!O6) -> 98000 | Y6: =X6*P6 -> 490000 | AB6: =W6-V6 -> 5 | AC6: =AB6*5000 -> 25000
A7: 10 | B7: 46272 | C7: Hồng Hạnh PCN: 0367338092 Mộc baby store cao xanh đường Vạn Hạnh có nhu cầu 1 bình kiềm ship từ 08h đến 10h sáng nay, khách hàng thanh toán! | D7: Vận chuyển | H7: 1 | I7: =H7+G7 -> 1 | J7: A Khoa - Trạm Hồng Gai | L7: Đã hoàn thành | M7: Công ty | O7: Bình kiềm | P7: 1 | W7: =SUM(P7:V7) -> 1 | X7: =SUMIFS('Đơn giá'!C:C,'Đơn giá'!B:B,XUẤT!O7) -> 52000 | Y7: =X7*P7 -> 52000 | AB7: =W7-V7 -> 1
A8: 11 | B8: 46272 | C8: Đơn bốc miền đông: 10+1 bình úp đến khách hàng anh Lân: 0363831668 - 10 bình úp tới công trường lideco bãi muối. | D8: Bốc xếp | H8: 11 | I8: =H8+G8 -> 11 | J8: Chú Hưng - Trạm Hà Lầm | L8: Đã hoàn thành | M8: Miền Đông | O8: Bình RO | P8: 10 | V8: 1 | W8: =SUM(P8:V8) -> 11 | X8: =SUMIFS('Đơn giá'!C:C,'Đơn giá'!B:B,XUẤT!O8) -> 48000 | Y8: =X8*P8 -> 480000 | AB8: =W8-V8 -> 10 | AC8: =AB8*5000 -> 50000
A9: 12 | B9: 46272 | C9: Hồng Hạnh PCN: 0913060333 A Cường gần KS Trang Yến cenco 5 Yết Kiêu cạnh nhà Hạnh Phạm có nhu cầu 10 vỉ 500ml ship trong sáng nay, THU TIỀN LUÔN | D9: Vận chuyển | G9: 11 | I9: =H9+G9 -> 11 | J9: Phương + Huế | L9: Đã hoàn thành | M9: Công ty | O9: Vỉ 500ml | P9: 10 | V9: 1 | W9: =SUM(P9:V9) -> 11 | X9: =SUMIFS('Đơn giá'!C:C,'Đơn giá'!B:B,XUẤT!O9) -> 98000 | Y9: =X9*P9 -> 980000 | AB9: =W9-V9 -> 10 | AC9: =AB9*5000 -> 50000
A10: 13 | B10: 46272 | C10: Minh Hạnh PCN: Ship 2 vỉ 500ml đến chợ cột 2 mặt sau khách sạn Cốc Mốc. 0984016322 | D10: Vận chuyển | G10: 2 | I10: =H10+G10 -> 2 | J10: Đan Thanh | L10: Đã hoàn thành | M10: Công ty | O10: Vỉ 500ml | P10: 2 | W10: =SUM(P10:V10) -> 2 | X10: =SUMIFS('Đơn giá'!C:C,'Đơn giá'!B:B,XUẤT!O10) -> 98000 | Y10: =X10*P10 -> 196000 | AB10: =W10-V10 -> 2 | AC10: =AB10*5000 -> 10000
A11: 16 | B11: 46272 | C11: Minh Hải PKD: Mai Trang +84335190193 - ngõ 14 Bãi muối - 10+1 vỉ 500ml - THU TIÊN LUÔN | D11: Vận chuyển | G11: 11 | I11: =H11+G11 -> 11 | J11: Trạm hà Lầm | L11: Đã hoàn thành | M11: Công ty | O11: Vỉ 500ml | P11: 10 | V11: 1 | W11: =SUM(P11:V11) -> 11 | X11: =SUMIFS('Đơn giá'!C:C,'Đơn giá'!B:B,XUẤT!O11) -> 98000 | Y11: =X11*P11 -> 980000 | AB11: =W11-V11 -> 10 | AC11: =AB11*5000 -> 50000 | AD11: CÔNG TY VAY
A12: 12 | B12: 21/9/2026 | C12: Sếp Mạnh: Thủy 0904218278 - 10 +1 bình kiềm kiềm đơn của sếp Mạnh đến VP Vietravel đường 25/4. | D12: vận chuyển | E12: Văn phòng | H12: 11 | I12: =F12+G12+H12 -> 11 | J12: Nguyễn Văn Khoa (Cẩm Phả) | L12: hoàn thành | M12: Công ty | N12: Sếp Mạnh | O12: Bình kiềm | T12: 10 | V12: 1 | W12: =SUM(P12:V12) -> 11 | X12: =SUMIFS('Đơn giá'!C:C,'Đơn giá'!B:B,XUẤT!O12) -> 52000 | Y12: =X12*T12 -> 520000 | AA12: Nguyễn Văn Khoa (Cẩm Phả) | AB12: =W12-V12 -> 10 | AC12: =AB12*5000 -> 50000
A13: 17 | B13: 46273 | C13: Nhà Nghỉ Hà Duy, phố Trần Cao Vân, đường sông 3, 10 vỉ 500ml, ĐT 0977 367679 | D13: Vận chuyển | E13: Xe điện | G13: 11 | I13: 11 | J13: Phương + Huế | L13: Đã hoàn thành | M13: Xí nghiệp | N13: Nguyễn T.Phương Thanh | O13: Vỉ 500ml | P13: 10 | V13: 1 | W13: =SUM(P13:V13) -> 11 | X13: =SUMIFS('Đơn giá'!C:C,'Đơn giá'!B:B,XUẤT!O13) -> 98000 | Y13: =X13*P13 -> 980000 | Z13: CK 14/9 | AA13: Đinh Thu Huế | AB13: =W13-V13 -> 10 | AC13: =AB13*5000 -> 50000 | AE13: xuất hóa đơn 15/9
A14: 18 | B14: 46273 | C14: VNPT (Chị Yến): 0915 299 036, vỉ 350 ml | D14: Vận chuyển | E14: tăng áp | G14: 11 | I14: 11 | J14: Phương + Huế | L14: Đã hoàn thành | M14: Xí nghiệp | N14: Nguyễn Thị Lan | O14: Vỉ 350ml | Q14: 10 | V14: 1 | W14: =SUM(P14:V14) -> 11 | X14: =SUMIFS('Đơn giá'!C:C,'Đơn giá'!B:B,XUẤT!O14) -> 85000 | Y14: =X14*Q14 -> 850000 | Z14: CK 18/9 | AA14: Đinh Thu Huế | AB14: =W14-V14 -> 10 | AC14: =AB14*5000 -> 50000
A15: 19 | B15: 46273 | C15: Tiểu thủ công nghiệp | D15: Vận chuyển | E15: tăng áp | G15: 22 | I15: 22 | J15: Phương + Huế | L15: Đã hoàn thành | M15: Xí nghiệp | N15: Bùi Thị Thu | O15: Vỉ 500ml | P15: 20 | V15: 2 | W15: =SUM(P15:V15) -> 22 | X15: =SUMIFS('Đơn giá'!C:C,'Đơn giá'!B:B,XUẤT!O15) -> 98000 | Y15: =X15*P15 -> 1960000 | Z15: CK11/9 | AA15: Đinh Thu Huế | AB15: =W15-V15 -> 20 | AC15: =AB15*5000 -> 100000 | AD15: Chị Huế đã thu tiền | AE15: xuất hóa đơn 15/9
A16: 20 | B16: 46273 | C16: Sân pick cột 8 | D16: Vận chuyển | E16: tăng áp | G16: 22 | I16: 22 | J16: Phương + Huế | L16: Đã hoàn thành | M16: Xí nghiệp | N16: Nguyễn Thị Thu Hiên | O16: Vỉ 500ml | P16: 10 | V16: 1 | W16: =SUM(P16:V16) -> 11 | X16: =SUMIFS('Đơn giá'!C:C,'Đơn giá'!B:B,XUẤT!O16) -> 98000 | Y16: =X16*P16 -> 980000 | Z16: CK11/9 | AA16: Đinh Thu Huế | AB16: =W16-V16 -> 10 | AC16: =AB16*5000 -> 50000
A17: 21 | D17: Vận chuyển | E17: tăng áp | L17: Đã hoàn thành | M17: Xí nghiệp | N17: Lương Thị Vân Mai | O17: Vỉ 500ml | P17: 10 | V17: 1 | W17: =SUM(P17:V17) -> 11 | X17: =SUMIFS('Đơn giá'!C:C,'Đơn giá'!B:B,XUẤT!O17) -> 98000 | Y17: =X17*P17 -> 980000 | Z17: CK11/9 | AA17: Đinh Thu Huế | AB17: =W17-V17 -> 10 | AC17: =AB17*5000 -> 50000
A18: 22 | B18: 46273 | C18: Nguyễn Văn Hiếu phòng KT: đki 4 bình kiềm ship qua cửa hàng Monbay A2-01 ạ, ng nhận: Châm nhận +84964566350 - Thu tiền luôn (Quán rượu Mao Đài đối diện thư viện tỉnh) | D18: Vận chuyển | E18: tăng áp | H18: 4 | I18: 4 | J18: Phương + Huế | L18: Đã hoàn thành | M18: Công ty | N18: Nguyễn văn hiếu (kỹ thuật) | O18: Bình kiềm | T18: 4 | W18: =SUM(P18:V18) -> 4 | X18: =SUMIFS('Đơn giá'!C:C,'Đơn giá'!B:B,XUẤT!O18) -> 52000 | Y18: =T18*X18 -> 208000 | Z18: công ty thu tiền | AB18: =W18-V18 -> 4 | AC18: =AB18*5000 -> 20000
A19: 23 | B19: 46273 | C19: 3 vỉ to + 3 vỉ nhỏ Địa chỉ : số nhà 45, Lê Chân mới , tổ 7 khu Hồng Hà 2, ĐT: 0934639858 | D19: Vận chuyển | G19: 6 | I19: 6 | J19: Xuân | L19: Đã hoàn thành | M19: Bãi Cháy | O19: Vỉ 500ml | P19: 3 | W19: =SUM(P19:V19) -> 3 | X19: =SUMIFS('Đơn giá'!C:C,'Đơn giá'!B:B,XUẤT!O19) -> 98000 | Y19: =X19*P19 -> 294000 | Z19: Bãi Cháy tự thu | AA19: Lê Thanh Xuân | AB19: =W19-V19 -> 3 | AC19: =AB19*5000 -> 15000 | AD19: BÃI CHÁY VAY
M20: Bãi Cháy | O20: Vỉ 350 ml | Q20: 3 | W20: =SUM(P20:V20) -> 3 | X20: 85000 | Y20: =Q20*X20 -> 255000 | Z20: Bãi Cháy tự thu | AA20: Lê Thanh Xuân | AB20: =W20-V20 -> 3 | AC20: =AB20*5000 -> 15000
A21: 24 | B21: 46273 | C21: Hồng Hạnh PCN: 0982835366 Phương Hiền gần chợ Loong Tổng 20+2 vỉ 350ml | D21: Vận chuyển | E21: tăng áp | G21: 22 | I21: 22 | J21: Phương + Huyền + Ly tổ DV | L21: Đã hoàn thành | M21: Công ty | N21: Hồng Hạnh PCN | O21: Vỉ 350 ml | Q21: 20 | V21: 2 | W21: =SUM(P21:V21) -> 22 | X21: 85000 | Y21: =Q21*X21 -> 1700000 | Z21: công ty thu tiền | AA21: Nguyễn Viết Tạo | AB21: =W21-V21 -> 20 | AC21: =AB21*5000 -> 100000 | AD21: CÔNG TY VAY
A22: 25 | B22: 46273 | C22: Em Hà ở sảnh 2 chung cư sapphire. 2 vỉ 500ml, 0911898336 | D22: Vận chuyển | E22: Hồng Gai | G22: 2 | I22: 2 | J22: Huyền + Ly tổ DV | L22: Đã hoàn thành | M22: Xí nghiệp | N22: Đoàn Thị Nhung | O22: Vỉ 500ml | P22: 2 | W22: =SUM(P22:V22) -> 2 | X22: =SUMIFS('Đơn giá'!C:C,'Đơn giá'!B:B,XUẤT!O22) -> 98000 | Y22: =X22*P22 -> 196000 | Z22: CK11/9 | AA22: Nguyễn Viết Tạo | AB22: =W22-V22 -> 2 | AC22: =AB22*5000 -> 10000 | AD22: chị Huyền thu tiền
A23: 26 | B23: 46273 | C23: Em Quỳnh ở 94 Văn Lang ( sau trường Văn Lang) 2 vỉ 500ml, ĐT 0973367844 | D23: Vận chuyển | E23: Hồng Gai | G23: 2 | I23: 2 | J23: Huyền + Ly tổ DV | L23: Đã hoàn thành | M23: Xí nghiệp | N23: Đoàn Thị Nhung | O23: Vỉ 500ml | P23: 2 | W23: =SUM(P23:V23) -> 2 | X23: =SUMIFS('Đơn giá'!C:C,'Đơn giá'!B:B,XUẤT!O23) -> 98000 | Y23: =X23*P23 -> 196000 | Z23: CK9/9 | AA23: Nguyễn Viết Tạo | AB23: =W23-V23 -> 2 | AC23: =AB23*5000 -> 10000 | AD23: Chị Nguyệt thu ngân cũ thu tiền
A24: 27 | B24: 46273 | C24: 10+1 Vỉ bia Bà Hợi Cao Xanh | D24: Vận chuyển | G24: 11 | I24: 11 | J24: Phương + Huế | L24: Đã hoàn thành | M24: Xí nghiệp | N24: Đinh Thu Huế | O24: Vỉ 500ml | P24: 10 | V24: 1 | W24: =SUM(P24:V24) -> 11 | X24: =SUMIFS('Đơn giá'!C:C,'Đơn giá'!B:B,XUẤT!O24) -> 98000 | Y24: =X24*P24 -> 980000 | Z24: TM29/9 | AA24: Huế + Phương lái xe | AB24: =W24-V24 -> 10 | AC24: =AB24*5000 -> 50000 | AD24: vay công ty
A25: 28 | B25: 46273 | C25: 10+1 vỉ chế biến than qn | D25: Vận chuyển | G25: 11 | I25: 11 | J25: Phương + Huế | L25: Đã hoàn thành | M25: Xí nghiệp | N25: Nguyễn Thị Hồng Phương | O25: Vỉ 500ml | P25: 10 | V25: 1 | W25: =SUM(P25:V25) -> 11 | X25: =SUMIFS('Đơn giá'!C:C,'Đơn giá'!B:B,XUẤT!O25) -> 98000 | Y25: =X25*P25 -> 980000 | Z25: CK11/9 | AA25: Huế + Phương lái xe | AB25: =W25-V25 -> 10 | AC25: =AB25*5000 -> 50000 | AD25: vay công ty
A26: 29 | B26: 46273 | C26: hồng hạnh pcn: 0936812781 Số 1 ngõ 5 phố hải long cạnh phòng khám đa khoa Hoàng Anh KH có nhu cầu 3 bình kiem 19l ship ngay, thu tiền + đổi vỏ | D26: Vận chuyển | E26: tăng áp | H26: 3 | I26: 3 | J26: Hằng bảo vệ | L26: Đã hoàn thành | M26: Công ty | N26: Hồng Hạnh PCN | O26: Bình kiềm | T26: 3 | W26: =SUM(P26:V26) -> 3 | X26: =SUMIFS('Đơn giá'!C:C,'Đơn giá'!B:B,XUẤT!O26) -> 52000 | Y26: =T26*X26 -> 156000 | Z26: TM22/9 | AA26: Nguyễn Thị Hằng | AB26: =W26-V26 -> 3 | AC26: =AB26*5000 -> 15000 | AD26: chị hằng đã thu tiền + 3 vỏ
A27: 30 | B27: 46273 | C27: chị Hằng đen ghi số | D27: Vận chuyển | E27: Hồng Gai | G27: 3 | M27: Xí nghiệp | N27: Nguyễn Thị Thúy Hằng | O27: Vỉ 500ml | P27: 3 | W27: =SUM(P27:V27) -> 3 | X27: =SUMIFS('Đơn giá'!C:C,'Đơn giá'!B:B,XUẤT!O27) -> 98000 | Y27: =X27*P27 -> 294000 | AA27: Nguyễn Thị Thúy Hằng | AB27: =W27-V27 -> 3 | AC27: =AB27*5000 -> 15000
A28: 31 | B28: 46273 | C28: Lại Lan | D28: Vận chuyển | E28: tăng áp | G28: 2 | I28: 2 | L28: Đã hoàn thành | M28: Xí nghiệp | N28: Lại Thị Lan | O28: Vỉ 500ml | P28: 2 | W28: =SUM(P28:V28) -> 2 | X28: =SUMIFS('Đơn giá'!C:C,'Đơn giá'!B:B,XUẤT!O28) -> 98000 | Y28: =X28*P28 -> 196000 | Z28: CK9/9 | AA28: Lại Thị Lan | AB28: =W28-V28 -> 2 | AC28: =AB28*5000 -> 10000
B29: 46273 | C29: Chị Xuân | D29: Vận chuyển | E29: tăng áp | G29: 3 | I29: 3 | L29: Đã hoàn thành | M29: Xí nghiệp | N29: Lê Thanh Xuân | O29: Vỉ 500ml | P29: 3 | W29: =SUM(P29:V29) -> 3 | X29: =SUMIFS('Đơn giá'!C:C,'Đơn giá'!B:B,XUẤT!O29) -> 98000 | Y29: =X29*P29 -> 294000 | Z29: CK3/10 | AA29: Lê Thanh Xuân
A30: 32 | B30: 46273 | C30: Chị Hằng bảo vệ | D30: Vận chuyển | E30: tăng áp | G30: 4 | I30: 4 | J30: Hằng bảo vệ | L30: Đã hoàn thành | M30: Xí nghiệp | N30: Nguyễn Thị Hằng | O30: Vỉ 500ml | P30: 4 | W30: =SUM(P30:V30) -> 4 | X30: =SUMIFS('Đơn giá'!C:C,'Đơn giá'!B:B,XUẤT!O30) -> 98000 | Y30: =X30*P30 -> 392000 | Z30: TM22/9 | AA30: Nguyễn Thị Hằng | AB30: =W30-V30 -> 4 | AC30: =AB30*5000 -> 20000
A31: 33 | B31: 46274 | C31: KH lấy 10 + 1 thùng 500ml, cạnh tòa nhà Đa Năng Hà Tu, ĐT: 0902 009 566 | D31: Vận chuyển | E31: tăng áp | F31: 11 | I31: 11 | J31: Xuân | M31: Xí nghiệp | N31: Đỗ Thị Liễu | O31: Hộp 500ml | R31: 10 | V31: 1 | W31: =SUM(P31:V31) -> 11 | X31: =SUMIFS('Đơn giá'!C:C,'Đơn giá'!B:B,XUẤT!O31) -> 106000 | Y31: =R31*X31 -> 1060000 | Z31: ck11/9 | AA31: Lê Thanh Xuân | AB31: =W31-V31 -> 10 | AC31: =AB31*5000 -> 50000 | AD31: Liễu thu tiền
A32: 34 | B32: 46274 | C32: Lại Lan, 1 bình kiềm | D32: Vận chuyển | E32: tăng áp | H32: 1 | I32: 1 | J32: Lại Lan | L32: hoàn thành | M32: Xí nghiệp | N32: Lại Thị Lan | O32: Bình kiềm | T32: 1 | W32: =SUM(P32:V32) -> 1 | X32: =SUMIFS('Đơn giá'!C:C,'Đơn giá'!B:B,XUẤT!O32) -> 52000 | Y32: =X32*T32 -> 52000 | Z32: CK9/9 | AA32: Lại Thị Lan | AB32: =W32-V32 -> 1 | AC32: =AB32*5000 -> 5000 | AD32: Lại Lan thu tiền
A33: 35 | B33: 46274 | C33: Vũ Anh BKS: Sau nhà văn hóa khu 3, tỉnh ủy cột 5, dốc nhà máy in đi lên, đến nơi gọi chị để chị lên đường vì nhà chị ko có số em ạ, 0948910518, lấy 3 vỉ 500 và 1 vỉ 350, chị tên Thảo. | D33: 3 vỉ 500 + 1 vỉ 350 | E33: tăng áp | G33: 4 | I33: =H33+G33 -> 4 | J33: Lại Lan | L33: hoàn thành | M33: Công ty | N33: Vũ Anh BKS | O33: Bình kiềm | P33: 3 | Q33: 1 | W33: =SUM(P33:V33) -> 4 | X33: =SUMIFS('Đơn giá'!C:C,'Đơn giá'!B:B,XUẤT!O33) -> 52000 | Y33: =X33*P33 -> 156000 | Z33: Chị Lệ thu tiền | AA33: Lại Thị Lan | AB33: =W33-V33 -> 4 | AC33: =AB33*5000 -> 20000 | AD33: CÔNG TY VAY
B34: 46274 | C34: Em chi | E34: tăng áp | H34: 2 | I34: =H34+G34 -> 2 | J34: Chi | L34: hoàn thành | M34: Xí nghiệp | N34: Nguyễn Thị Chi | O34: Bình kiềm | T34: 2 | W34: =SUM(P34:V34) -> 2 | X34: =SUMIFS('Đơn giá'!C:C,'Đơn giá'!B:B,XUẤT!O34) -> 52000 | Y34: =T34*X34 -> 104000 | Z34: CK2/10 | AA34: Nguyễn Thị Chi | AB34: =W34-V34 -> 2 | AC34: =AB34*5000 -> 10000
B35: 46274 | C35: Chị Xuân | E35: tăng áp | G35: 4 | I35: =H35+G35 -> 4 | J35: Chị Xuân | L35: hoàn thành | M35: Xí nghiệp | N35: Lê Thanh Xuân | O35: Vỉ 500ml | P35: 4 | W35: =SUM(P35:V35) -> 4 | X35: =SUMIFS('Đơn giá'!C:C,'Đơn giá'!B:B,XUẤT!O35) -> 98000 | Y35: =X35*P35 -> 392000 | Z35: CK3/10 | AA35: Lê Thanh Xuân | AB35: =W35-V35 -> 4 | AC35: =AB35*5000 -> 20000
A36: 1 | B36: 10/9/2026 | C36: 4 vỉ 500ml vào 315 Cao Xanh. Cửa hàng đt Dũng Tí, 098 4312638 | D36: Vận chuyển | E36: Hồng Gai | G36: 4 | I36: =H36+G36 -> 4 | J36: Tùng + Huế | L36: hoàn thành | M36: Xí nghiệp | N36: Mai Anh Dũng | O36: Vỉ 500ml | P36: 4 | W36: =SUM(P36:V36) -> 4 | X36: =SUMIFS('Đơn giá'!C:C,'Đơn giá'!B:B,XUẤT!O36) -> 98000 | Y36: =X36*P36 -> 392000 | Z36: TM29/9 | AA36: Đinh Thu Huế | AB36: =W36-V36 -> 4 | AC36: =AB36*5000 -> 20000
A37: 2 | B37: 10/9/2026 | C37: Tươi Đá Trắng số 19 Ba Đèo, 8 bình ion+ 11 vỉ 500 ml, 0915158863, chở đến điêm gọi chị tươi đến bốc | D37: Vận chuyển | E37: tăng áp | G37: 11 | I37: =H37+G37 -> 11 | J37: Tùng + Huế | M37: Xí nghiệp | N37: Vũ Thị Tươi | O37: Vỉ 500ml | P37: 10 | V37: 1 | W37: =SUM(P37:V37) -> 11 | X37: =SUMIFS('Đơn giá'!C:C,'Đơn giá'!B:B,XUẤT!O37) -> 98000 | Y37: =X37*P37 -> 980000 | Z37: Ck29/9 | AA37: Vũ Thị Tươi | AB37: =W37-V37 -> 10 | AC37: =AB37*5000 -> 50000
E38: tăng áp | H38: 8 | I38: =H38+G38 -> 8 | J38: Tùng + Huế | M38: Xí nghiệp | N38: Vũ Thị Tươi | O38: Bình kiềm | T38: 7 | V38: 1 | W38: =SUM(P38:V38) -> 8 | X38: =SUMIFS('Đơn giá'!C:C,'Đơn giá'!B:B,XUẤT!O38) -> 52000 | Y38: =T38*X38 -> 364000 | Z38: Ck29/9 | AA38: Vũ Thị Tươi | AB38: =W38-V38 -> 7 | AC38: =AB38*5000 -> 35000
A39: 3 | B39: 10/9/2026 | C39: 15 bình nước cho hội trường cơ sở 2 cạnh trụ sở liên cơ quan số 4, 0988167724 | D39: Vận chuyển | E39: tăng áp | H39: 15 | I39: =H39+G39 -> 15 | J39: Tùng + Huế | K39: Lại Lan + Chi | L39: hoàn thành | M39: Xí nghiệp | N39: Nguyễn Thị Hiếu | O39: Bình kiềm | T39: 15 | W39: =SUM(P39:V39) -> 15 | X39: =SUMIFS('Đơn giá'!C:C,'Đơn giá'!B:B,XUẤT!O39) -> 52000 | Y39: =X39*T39 -> 780000 | AA39: Đinh Thu Huế | AB39: =W39-V39 -> 15 | AC39: =AB39*5000 -> 75000
A40: 4 | B40: 10/9/2026 | C40: Thư Tuyền PXD: E ơi ship giúp c 10 vỉ 500ml (980k) + 1 vỉ khuyến mãi đến nhà chú Thắng ở tổ 13 khu phố Hà Trung 2 (ship 10h30) +84972133886. | D40: Vận chuyển | E40: tăng áp | G40: 11 | I40: =H40+G40 -> 11 | J40: Tùng + Huế | L40: hoàn thành | M40: Công ty | N40: Thư Tuyền | O40: Vỉ 500ml | P40: 10 | V40: 1 | W40: =SUM(P40:V40) -> 11 | X40: =SUMIFS('Đơn giá'!C:C,'Đơn giá'!B:B,XUẤT!O40) -> 98000 | Y40: =X40*P40 -> 980000 | Z40: công ty thu tiền | AA40: Đinh Thu Huế | AB40: =W40-V40 -> 10 | AC40: =AB40*5000 -> 50000 | AD40: CÔNG TY VAY
A41: 5 | B41: 10/9/2026 | C41: chiều 1 đơn karaoke Luxury yết kiêu 30+3 vỉ 500 | D41: Vận chuyển | E41: Hồng Gai | G41: 33 | I41: =H41+G41 -> 33 | J41: Tùng + Huế | K41: trạm Hồng Gai | L41: hoàn thành | M41: Xí nghiệp | N41: Đinh Thu Huế | O41: Vỉ 500ml | P41: 30 | V41: 3 | W41: =SUM(P41:V41) -> 33 | X41: =SUMIFS('Đơn giá'!C:C,'Đơn giá'!B:B,XUẤT!O41) -> 98000 | Y41: =X41*P41 -> 2940000 | Z41: TM29/9 | AA41: Đinh Thu Huế | AB41: =W41-V41 -> 30 | AC41: =AB41*5000 -> 150000
A42: 6 | B42: 10/9/2026 | C42: 10 vỉ 500ml +1 nc, nhận ở trường dân tộc nội trú, phường Hạ long -0985515202 Phạm việt Hà | D42: Vận chuyển | E42: VPXN | G42: 11 | I42: =H42+G42 -> 11 | J42: Chị Vượng + Chi | K42: Trạm Hạ Long | L42: hoàn thành | M42: Diễn Vọng | N42: Chị Hiền Diễn Vọng | O42: Vỉ 500ml | P42: 10 | V42: 1 | W42: =SUM(P42:V42) -> 11 | X42: =SUMIFS('Đơn giá'!C:C,'Đơn giá'!B:B,XUẤT!O42) -> 98000 | Y42: =X42*P42 -> 980000 | AA42: Trần Trọng Khoa | AB42: =W42-V42 -> 10 | AC42: =AB42*5000 -> 50000 | AD42: DIỄN VỌNG VAY
A43: 7 | B43: 10/9/2026 | C43: Hồng Hạnh P.CN Sân pick Star cạnh nhà hàng Lan Hương có nhu cầu 10+1 vỉ 500ml - 0979748188. SHip luôn | D43: Vận chuyển | E43: tăng áp | G43: 11 | I43: =H43+G43 -> 11 | J43: Lại Lan + Xuân | L43: hoàn thành | M43: Công ty | N43: Hồng Hạnh PCN | O43: Vỉ 500ml | P43: 5 | V43: 1 | W43: =SUM(P43:V43) -> 6 | X43: =SUMIFS('Đơn giá'!C:C,'Đơn giá'!B:B,XUẤT!O43) -> 98000 | Y43: =X43*P43 -> 490000 | Z43: Chị Lệ thu tiền | AA43: Lại Thị Lan | AB43: =W43-V43 -> 5 | AC43: =AB43*5000 -> 25000 | AD43: CÔNG TY VAY
P44: 5 | W44: =SUM(P44:V44) -> 5 | X44: 98000 | Y44: =X44*P44 -> 490000 | AA44: Lê Thanh Xuân | AB44: =W44-V44 -> 5 | AC44: =AB44*5000 -> 25000
A45: 8 | B45: 10/9/2026 | C45: Lương Vân Mai bán lẻ | D45: Vận chuyển | E45: Văn phòng | G45: 2 | I45: =H45+G45 -> 2 | J45: Lương Thị Vân Mai | L45: hoàn thành | M45: Xí nghiệp | N45: Lương Thị Vân Mai | O45: Vỉ 500ml | P45: 2 | W45: =SUM(P45:V45) -> 2 | X45: =SUMIFS('Đơn giá'!C:C,'Đơn giá'!B:B,XUẤT!O45) -> 98000 | Y45: =X45*P45 -> 196000 | Z45: CK29/9 | AA45: Lương Thị Vân Mai | AB45: =W45-V45 -> 2 | AC45: =AB45*5000 -> 10000
A46: 9 | B46: 10/9/2026 | C46: Đơn bốc nước của Công ty 22 bình đến Đảng ủy phường Hạ Long | D46: Bốc xếp | E46: Cẩm Phả | H46: 22 | I46: =H46+G46 -> 22 | J46: 5 ghi số trạm Hạ Long và Liễu, Xuân | K46: Hạ Long | L46: hoàn thành | M46: Công ty | N46: Tùng TC | O46: Bình kiềm | T46: 20 | V46: 2 | W46: =SUM(P46:V46) -> 22 | X46: =SUMIFS('Đơn giá'!C:C,'Đơn giá'!B:B,XUẤT!O46) -> 52000 | Y46: =T46*X46 -> 1040000 | AA46: Nguyễn Thị Chi | AB46: =W46-V46 -> 20 | AC46: =AB46*5000 -> 100000
A47: 10 | B47: 10/9/2026 | C47: Hồng Hạnh PCN: 0852091985 khách hàng có nhu cầu ngay 20+2 vỉ 350 ml (cần ngay) đến 32 Phan Đăng Lưu, thu tiền luôn | D47: Vận chuyển | E47: Hồng Gai | G47: 22 | I47: =H47+G47 -> 22 | J47: Tùng + Huế | L47: hoàn thành | M47: Công ty | N47: Hồng Hạnh PCN | O47: Vỉ 500ml | Q47: 10 | V47: 2 | W47: =SUM(P47:V47) -> 12 | X47: 85000 | Y47: =Q47*X47 -> 850000 | Z47: TM11/9 | AA47: Đinh Thu Huế | AB47: =W47-V47 -> 10 | AC47: =AB47*5000 -> 50000 | AD47: CÔNG TY VAY
M48: Công ty | O48: Vỉ 500ml | Q48: 10 | W48: =SUM(P48:V48) -> 10 | X48: 85000 | Y48: =Q48*X48 -> 850000 | Z48: TM11/9 | AA48: Đỗ Thị Vượng | AB48: =W48-V48 -> 10 | AC48: =AB48*5000 -> 50000
A49: 11 | B49: 10/9/2026 | C49: Chiị Bùi Thu lấy 8 vỉ ship ngã 3 thành công | D49: Vận chuyển | E49: Hồng Gai | G49: 8 | I49: =H49+G49 -> 8 | J49: Bùi Thị Thu | L49: hoàn thành | M49: Xí nghiệp | N49: Bùi Thị Thu | O49: Vỉ 500ml | P49: 8 | W49: =SUM(P49:V49) -> 8 | X49: =SUMIFS('Đơn giá'!C:C,'Đơn giá'!B:B,XUẤT!O49) -> 98000 | Y49: =X49*P49 -> 784000 | Z49: CK 23/9 cùng 12 vỉ của Hương | AA49: Bùi Thị Thu | AB49: =W49-V49 -> 8 | AC49: =AB49*5000 -> 40000
A50: 12 | B50: 10/9/2026 | C50: Chj yến trạm Hồng Gai 2 vỉ | D50: Vận chuyển | E50: Hồng Gai | G50: 2 | I50: =H50+G50 -> 2 | J50: Lưu Hải Yến | L50: hoàn thành | M50: Xí nghiệp | N50: Lưu Hải Yến | O50: Vỉ 500ml | P50: 2 | W50: =SUM(P50:V50) -> 2 | X50: =SUMIFS('Đơn giá'!C:C,'Đơn giá'!B:B,XUẤT!O50) -> 98000 | Y50: =X50*P50 -> 196000 | Z50: CK1/10 | AA50: Lưu Hải Yến | AB50: =W50-V50 -> 2 | AC50: =AB50*5000 -> 10000
A51: 1 | B51: 11/9/2026 | C51: 6 vì đến bún cá Thu Hiên, gầm cầu ở hồ điều hòa Yết Kiêu, thu tiền luôn, 0326851888 | D51: Vận chuyển | E51: Hồng Gai | G51: 6 | I51: =H51+G51 -> 6 | J51: Đinh Thu Huế | L51: hoàn thành | M51: Xí nghiệp | N51: Nguyễn Viết Tạo | O51: Vỉ 500ml | P51: 5 | W51: =SUM(P51:V51) -> 5 | X51: =SUMIFS('Đơn giá'!C:C,'Đơn giá'!B:B,XUẤT!O51) -> 98000 | Y51: =X51*P51 -> 490000 | AA51: Đinh Thu Huế | AB51: =W51-V51 -> 5 | AC51: =AB51*5000 -> 25000
A52: 2 | B52: 11/9/2026 | C52: anh Nguyên bán 4 vỉ | D52: Vận chuyển | E52: VP | G52: 4 | I52: =H52+G52 -> 4 | J52: Bùi Ngọc Nguyên | L52: hoàn thành | M52: Xí nghiệp | N52: Bùi Ngọc Nguyên | O52: Vỉ 500ml | P52: 4 | W52: =SUM(P52:V52) -> 4 | X52: =SUMIFS('Đơn giá'!C:C,'Đơn giá'!B:B,XUẤT!O52) -> 98000 | Y52: =X52*P52 -> 392000 | Z52: TM | AA52: Bùi Ngọc Nguyên | AB52: =W52-V52 -> 4 | AC52: =AB52*5000 -> 20000
A53: 3 | B53: 11/9/2026 | C53: Minh Hạnh PCN: 4 vỉ nước 500ml đến khu gara ô tô 123 gần chợ Sa Tô 090 3414898 (MInh Hạnh thanh toán) | D53: Vận chuyển | E53: Hồng Gai | G53: 4 | I53: =H53+G53 -> 4 | J53: Đinh Thu Huế | L53: hoàn thành | M53: Công ty | N53: Minh Hạnh | O53: Vỉ 500ml | P53: 4 | W53: =SUM(P53:V53) -> 4 | X53: =SUMIFS('Đơn giá'!C:C,'Đơn giá'!B:B,XUẤT!O53) -> 98000 | Y53: =X53*P53 -> 392000 | Z53: Chị Lệ thu tiền | AA53: Đinh Thu Huế | AB53: =W53-V53 -> 4 | AC53: =AB53*5000 -> 20000
A54: 4 | B54: 11/9/2026 | C54: Chị lấy ở số nhà 42 mặt đường. Gần dốc đèo bụt hà phong, Hương thu ngân cũ | D54: Vận chuyển | E54: Tăng áp | G54: 11 | I54: =H54+G54 -> 11 | J54: Lê Như Hùng | M54: Xí nghiệp | N54: Phạm Thị Thanh Hương | O54: Vỉ 500ml | P54: 10 | V54: 1 | W54: =SUM(P54:V54) -> 11 | X54: =SUMIFS('Đơn giá'!C:C,'Đơn giá'!B:B,XUẤT!O54) -> 98000 | Y54: =X54*P54 -> 980000 | AA54: Lê Như Hùng | AB54: =W54-V54 -> 10 | AC54: =AB54*5000 -> 50000
A55: 5 | B55: 11/9/2026 | C55: Đơn bốc nước của Công ty 11 bình đến Ames Lán Bè | D55: Bốc xếp | H55: 11 | I55: =H55+G55 -> 11 | J55: Đinh Thu Huế | L55: hoàn thành | M55: Công ty | O55: Bình kiềm | T55: 5 | V55: 1 | W55: =SUM(P55:V55) -> 6 | X55: =SUMIFS('Đơn giá'!C:C,'Đơn giá'!B:B,XUẤT!O55) -> 52000 | Y55: =T55*X55 -> 260000 | AA55: Đinh Thu Huế | AB55: =W55-V55 -> 5 | AC55: =AB55*5000 -> 25000
I56: =H56+G56 -> 0 | J56: Nguyễn Thị Huy | L56: hoàn thành | M56: Công ty | O56: Bình kiềm | T56: 5 | W56: =SUM(P56:V56) -> 5 | X56: =SUMIFS('Đơn giá'!C:C,'Đơn giá'!B:B,XUẤT!O56) -> 52000 | Y56: =T56*X56 -> 260000 | AA56: Nguyễn Thị Huy | AB56: =W56-V56 -> 5 | AC56: =AB56*5000 -> 25000
A57: 6 | B57: 11/9/2026 | C57: Đoàn Sơn Tùng : 3 vỉ 500ml ion Kiềm đến chỗ trường tiểu học Cao Thắng, 0982953270 | D57: Vận chuyển | E57: Hà Lầm | G57: 3 | I57: 12 | J57: Hùng + Huế + Huy | L57: hoàn thành | M57: Công ty | O57: Vỉ 500ml | P57: 3 | W57: =SUM(P57:V57) -> 3 | X57: =SUMIFS('Đơn giá'!C:C,'Đơn giá'!B:B,XUẤT!O57) -> 98000 | Y57: =X57*P57 -> 294000 | Z57: ck15/9 | AA57: Mạc Thị Thanh Tú | AB57: =W57-V57 -> 3 | AC57: =AB57*5000 -> 15000 | AD57: Vay Hà Lầm
A58: 7 | B58: 46335 | C58: Số nhà 512, đường Nguyễn Văn Cừ - Hồng Hà (Đàm Hồng Hà) | D58: Vận chuyển | E58: Hồng Gai | G58: 11 | I58: =H58+G58 -> 11 | J58: Phương + Huế | M58: Xí nghiệp | N58: Bùi Ngọc Đàm | O58: Vỉ 500ml | P58: 10 | W58: =SUM(P58:V58) -> 10 | X58: =SUMIFS('Đơn giá'!C:C,'Đơn giá'!B:B,XUẤT!O58) -> 98000 | Y58: =X58*P58 -> 980000 | Z58: CK12/9 | AA58: Đinh Thu Huế | AB58: =W58-V58 -> 10 | AC58: =AB58*5000 -> 50000
A59: 8 | B59: 46335 | C59: Hằng bảo vệ | D59: Vận chuyển | E59: Văn phòng | G59: 2 | I59: =H59+G59 -> 2 | J59: Nguyễn Thị Hằng | L59: hoàn thành | M59: Xí nghiệp | N59: Nguyễn Thị Hằng | O59: Vỉ 500ml | P59: 2 | W59: =SUM(P59:V59) -> 2 | X59: =SUMIFS('Đơn giá'!C:C,'Đơn giá'!B:B,XUẤT!O59) -> 98000 | Y59: =X59*P59 -> 196000 | Z59: TM22/9 | AA59: Nguyễn Thị Hằng | AB59: =W59-V59 -> 2 | AC59: =AB59*5000 -> 10000
A60: 9 | B60: 46335 | C60: Chị dki 1 đơn sân pick gần chợ cột 5 cũ 10+1 vỉ 500 | D60: Vận chuyển | E60: Hồng Gai | G60: 11 | I60: =H60+G60 -> 11 | J60: Đinh Thu Huế | L60: hoàn thành | M60: Xí nghiệp | N60: Đinh Thu Huế | O60: Vỉ 500ml | P60: 10 | V60: 1 | W60: =SUM(P60:V60) -> 11 | X60: =SUMIFS('Đơn giá'!C:C,'Đơn giá'!B:B,XUẤT!O60) -> 98000 | Y60: =X60*P60 -> 980000 | Z60: TM29/9 | AA60: Đinh Thu Huế | AB60: =W60-V60 -> 10 | AC60: =AB60*5000 -> 50000
A61: 10 | B61: 46335 | C61: Cúc ghi số | D61: Vận chuyển | E61: Tăng áp | W61: =SUM(P61:V61) -> 0 | X61: =SUMIFS('Đơn giá'!C:C,'Đơn giá'!B:B,XUẤT!O61) -> 0 | Y61: =X61*P61 -> 0 | AB61: =W61-V61 -> 0 | AC61: =AB61*5000 -> 0
A62: 11 | B62: 46335 | C62: Xuân | D62: Vận chuyển | E62: Tăng áp | G62: 3 | I62: =H62+G62 -> 3 | M62: Xí nghiệp | N62: Lê Thanh Xuân | O62: Vỉ 500ml | P62: 3 | W62: =SUM(P62:V62) -> 3 | X62: =SUMIFS('Đơn giá'!C:C,'Đơn giá'!B:B,XUẤT!O62) -> 98000 | Y62: =X62*P62 -> 294000 | Z62: CK3/10 | AA62: Lê Thanh Xuân | AB62: =W62-V62 -> 3 | AC62: =AB62*5000 -> 15000
A63: 1 | B63: 46365 | C63: 5 vỉ 350 và 2 vỉ 500 đám cưới ngay gần trường Hồng Hải 0915367686 | D63: Vận chuyển | E63: VP | G63: 2 | I63: =H63+G63 -> 2 | J63: Đan Thanh | L63: hoàn thành | M63: Xí nghiệp | N63: Phạm Phương Dung | O63: Vỉ 500ml | P63: 2 | W63: =SUM(P63:V63) -> 2 | X63: =SUMIFS('Đơn giá'!C:C,'Đơn giá'!B:B,XUẤT!O63) -> 98000 | Y63: =X63*P63 -> 196000 | AA63: Phạm Thị Đan Thanh | AB63: =W63-V63 -> 2 | AC63: =AB63*5000 -> 10000
D64: Vận chuyển | E64: Tăng áp | G64: 5 | I64: =H64+G64 -> 5 | J64: Lại Lan | L64: hoàn thành | M64: Xí nghiệp | N64: Phạm Phương Dung | O64: Vỉ 350ml | Q64: 5 | W64: =SUM(P64:V64) -> 5 | X64: 85000 | Y64: =Q64*X64 -> 425000 | AA64: Lại Thị Lan | AB64: =W64-V64 -> 5 | AC64: =AB64*5000 -> 25000
A65: 2 | B65: 46365 | C65: Bùi Hà Thu ghi số | D65: Vận chuyển | E65: Hồng Gai | G65: 22 | I65: =H65+G65 -> 22 | J65: Bùi Hà Thu | L65: hoàn thành | M65: Xí nghiệp | N65: Bùi Hà Thu | O65: Vỉ 500ml | P65: 20 | V65: 2 | W65: =SUM(P65:V65) -> 22 | X65: =SUMIFS('Đơn giá'!C:C,'Đơn giá'!B:B,XUẤT!O65) -> 98000 | Y65: =X65*P65 -> 1960000 | Z65: CK29/9 | AA65: Bùi Hà Thu | AB65: =W65-V65 -> 20 | AC65: =AB65*5000 -> 100000
A66: 3 | B66: 46365 | C66: 17 ngõ 16 c xanh, 3 vỉ , ĐT 0983768788 | D66: Vận chuyển | E66: Hồng Gai | G66: 3 | I66: =H66+G66 -> 3 | J66: Đinh Thu Huế | L66: hoàn thành | M66: Xí nghiệp | N66: Phan Hồng Hạnh | O66: Vỉ 500ml | P66: 3 | W66: =SUM(P66:V66) -> 3 | X66: =SUMIFS('Đơn giá'!C:C,'Đơn giá'!B:B,XUẤT!O66) -> 98000 | Y66: =X66*P66 -> 294000 | Z66: ck 12/9 | AA66: Đinh Thu Huế | AB66: =W66-V66 -> 3 | AC66: =AB66*5000 -> 15000
A67: 4 | B67: 46365 | C67: 10 vi +1 cho c Lan số 298 đường Trần nhân tông Quang Yeen 0913628066 ( cứ mở cổng be vào cua nhà cho c ấy nhớ )chỉ tiêu Đan Thanh. | E67: vay Quảng Yên | G67: 11 | I67: =H67+G67 -> 11 | J67: Quảng Yên | M67: Xí nghiệp | N67: Phạm Thị Đan Thanh | O67: Vỉ 500ml | P67: 10 | V67: 1 | W67: =SUM(P67:V67) -> 11 | X67: =SUMIFS('Đơn giá'!C:C,'Đơn giá'!B:B,XUẤT!O67) -> 98000 | Y67: =X67*P67 -> 980000 | Z67: CK17/9 | AA67: Yến Quảng Yên | AB67: =W67-V67 -> 10 | AC67: =AB67*5000 -> 50000
A68: 5 | B68: 46365 | C68: E gửi đơn ship Vịnh hoàng hôn ( đồi mặt trời ) 3 vỉ to chị nhé, ghi biên bản đưa cho chị thị trường giao nước ai nhận thì kí xong gửi ảnh chụp biên bản cho e chị nhé | D68: Vận chuyển | E68: Hồng Gai | G68: 3 | I68: =H68+G68 -> 3 | J68: Trạm Hồng Gai | L68: hoàn thành | M68: Bãi Cháy | O68: Vỉ 500ml | P68: 3 | W68: =SUM(P68:V68) -> 3 | X68: =SUMIFS('Đơn giá'!C:C,'Đơn giá'!B:B,XUẤT!O68) -> 98000 | Y68: =X68*P68 -> 294000 | Z68: Bãi Cháy tự thu | AB68: =W68-V68 -> 3 | AC68: =AB68*5000 -> 15000 | AD68: BÃI CHÁY VAY
A69: 6 | B69: 46365 | C69: Chiị Huế lấy bán 11 vỉ 350 ml | D69: Vận chuyển | E69: Tăng áp | G69: 11 | H69: 11 | I69: =H69+G69 -> 22 | J69: Đinh Thu Huế | L69: hoàn thành | M69: Xí nghiệp | N69: Đinh Thu Huế | O69: Vỉ 350ml | Q69: 10 | V69: 1 | W69: =SUM(P69:V69) -> 11 | X69: =SUMIFS('Đơn giá'!C:C,'Đơn giá'!B:B,XUẤT!O69) -> 85000 | Y69: =Q69*X69 -> 850000 | Z69: TM29/9 | AA69: Đinh Thu Huế | AB69: =W69-V69 -> 10 | AC69: =AB69*5000 -> 50000
A70: 7 | B70: 46365 | C70: Công ty vay đám ma bố anh Hùng tuyến mạng | D70: Vận chuyển | E70: Tăng áp | G70: 20 | I70: =H70+G70 -> 20 | J70: Đinh Thu Huế | L70: hoàn thành | M70: nội bộ công ty | Q70: 20 | W70: =SUM(P70:V70) -> 20 | X70: =SUMIFS('Đơn giá'!C:C,'Đơn giá'!B:B,XUẤT!O70) -> 0 | Y70: =X70*P70 -> 0 | AB70: =W70-V70 -> 20 | AC70: =AB70*5000 -> 100000 | AD70: công ty trả nợ luôn rồi
A71: 8 | B71: 46365 | C71: Trần Thảo PQT: chiều chị cho e 5 vỉ nước 500ml đến 75 đặng Thùy Trâm - quán bún cá cay Vân Quyết - 0983406128 - Thu tiền luôn | D71: Vận chuyển | E71: Tăng áp | G71: 5 | I71: =H71+G71 -> 5 | J71: Chị Xuân | M71: Công ty | O71: Vỉ 500ml | P71: 5 | W71: =SUM(P71:V71) -> 5 | X71: =SUMIFS('Đơn giá'!C:C,'Đơn giá'!B:B,XUẤT!O71) -> 98000 | Y71: =X71*P71 -> 490000 | Z71: CK14/9 | AA71: Lê Thanh Xuân | AB71: =W71-V71 -> 5 | AC71: =AB71*5000 -> 25000
A72: 9 | B72: 46365 | C72: chị Hằng bảo vệ 2 vỉ to | D72: Vận chuyển | E72: vp | I72: =H72+G72 -> 0 | J72: Nguyễn Thị Hằng | L72: hoàn thành | M72: Xí nghiệp | N72: Nguyễn Thị Hằng | O72: Vỉ 500ml | W72: =SUM(P72:V72) -> 0 | X72: =SUMIFS('Đơn giá'!C:C,'Đơn giá'!B:B,XUẤT!O72) -> 98000 | Y72: =X72*P72 -> 0 | Z72: TM22/9 | AA72: Nguyễn Thị Hằng | AB72: =W72-V72 -> 0 | AC72: =AB72*5000 -> 0
A73: 10 | B73: 46365 | C73: Hiệu thuốc ông An - moonbay Thu tiền luôn | D73: Vận chuyển | E73: Tăng áp | G73: 11 | I73: =H73+G73 -> 11 | J73: Phương + Huế | L73: hoàn thành | M73: Xí nghiệp | N73: Lương Minh Hương | O73: Vỉ 500ml | P73: 10 | V73: 1 | W73: =SUM(P73:V73) -> 11 | X73: =SUMIFS('Đơn giá'!C:C,'Đơn giá'!B:B,XUẤT!O73) -> 98000 | Y73: =X73*P73 -> 980000 | Z73: TM14/9 | AA73: Nguyễn Thị Hồng Phương | AB73: =W73-V73 -> 10 | AC73: =AB73*5000 -> 50000 | AD73: Chị Huế đã thu tiền
A74: 11 | B74: 46365 | C74: Thủy béo ghi số | D74: Vận chuyển | E74: Hồng Gai | G74: 4 | I74: =H74+G74 -> 4 | J74: Nguyễn Thị Thủy (B) | L74: hoàn thành | M74: Xí nghiệp | N74: Nguyễn Thị Thủy (B) | O74: Vỉ 500ml | P74: 4 | W74: =SUM(P74:V74) -> 4 | X74: =SUMIFS('Đơn giá'!C:C,'Đơn giá'!B:B,XUẤT!O74) -> 98000 | Y74: =X74*P74 -> 392000 | AA74: Nguyễn Thị Thủy (B) | AB74: =W74-V74 -> 4 | AC74: =AB74*5000 -> 20000
A75: 1 | B75: 13/9/2026 | C75: Chị Hiếu ghi số lấy ship đơn chị Chế Dung 11 vỉ 500 | D75: Vận chuyển | E75: vp | G75: 11 | I75: =H75+G75 -> 11 | J75: Nguyễn Thị Hiếu | L75: hoàn thành | M75: Xí nghiệp | N75: Chế Thùy Dung | O75: Vỉ 500ml | P75: 10 | V75: 1 | W75: =SUM(P75:V75) -> 11 | X75: =SUMIFS('Đơn giá'!C:C,'Đơn giá'!B:B,XUẤT!O75) -> 98000 | Y75: =X75*P75 -> 980000 | AA75: Nguyễn Thị Hiếu | AB75: =W75-V75 -> 10 | AC75: =AB75*5000 -> 50000
A76: 2 | B76: 13/9/2026 | C76: Quán bia Quang Đông (Cúc ghi số) | D76: Vận chuyển | E76: xe điện | G76: 11 | I76: =H76+G76 -> 11 | J76: Nguyễn Thị Hồng Phương | L76: hoàn thành | M76: Xí nghiệp | N76: Tăng Thị Cúc | O76: Vỉ 500ml | P76: 10 | V76: 1 | W76: =SUM(P76:V76) -> 11 | X76: =SUMIFS('Đơn giá'!C:C,'Đơn giá'!B:B,XUẤT!O76) -> 98000 | Y76: =X76*P76 -> 980000 | Z76: CK 18/9 | AA76: Nguyễn Thị Hồng Phương | AB76: =W76-V76 -> 10 | AC76: =AB76*5000 -> 50000 | AD76: Chị Cúc thu tiền
A77: 3 | B77: 13/9/2026 | C77: Quán bia Cây Dừa (Cúc ghi số) | D77: Vận chuyển | E77: xe điện | G77: 11 | I77: =H77+G77 -> 11 | J77: Nguyễn Thị Hồng Phương | L77: hoàn thành | M77: Xí nghiệp | N77: Nguyễn Văn Nhâm | O77: Vỉ 500ml | P77: 10 | V77: 1 | W77: =SUM(P77:V77) -> 11 | X77: =SUMIFS('Đơn giá'!C:C,'Đơn giá'!B:B,XUẤT!O77) -> 98000 | Y77: =X77*P77 -> 980000 | Z77: TM14/9 | AA77: Nguyễn Thị Hồng Phương | AB77: =W77-V77 -> 10 | AC77: =AB77*5000 -> 50000 | AD77: Phương lái xe thu tiền
A78: 4 | B78: 13/9/2026 | C78: Mai ghi số | D78: Vận chuyển | E78: xe điện | G78: 11 | I78: =H78+G78 -> 11 | J78: Nguyễn Thị Hồng Phương | L78: hoàn thành | M78: Xí nghiệp | N78: Lương Thị Vân Mai | O78: Vỉ 500ml | P78: 10 | V78: 1 | W78: =SUM(P78:V78) -> 11 | X78: =SUMIFS('Đơn giá'!C:C,'Đơn giá'!B:B,XUẤT!O78) -> 98000 | Y78: =X78*P78 -> 980000 | Z78: TM14/9 | AA78: Nguyễn Thị Hồng Phương | AB78: =W78-V78 -> 10 | AC78: =AB78*5000 -> 50000 | AD78: Phương lái xe thu tiền
A79: 5 | B79: 13/9/2026 | C79: Mai ghi số cho chỉ tiêu Phạm Thị Thu Đá Trắng | D79: Vận chuyển | E79: xe điện | G79: 11 | I79: =H79+G79 -> 11 | J79: Nguyễn Thị Hồng Phương | L79: hoàn thành | M79: Xí nghiệp | N79: Phạm Thị Thu (B) | O79: Vỉ 500ml | P79: 10 | V79: 1 | W79: =SUM(P79:V79) -> 11 | X79: 98000 | Y79: =X79*P79 -> 980000 | Z79: TM14/9 | AA79: Nguyễn Thị Hồng Phương | AB79: =W79-V79 -> 10 | AC79: =AB79*5000 -> 50000 | AD79: Phương lái xe thu tiền
A80: 6 | B80: 13/9/2026 | C80: Dung vịt Cao Xanh | D80: Vận chuyển | E80: xe điện | G80: 2 | I80: =H80+G80 -> 2 | J80: Nguyễn Thị Hồng Phương | L80: hoàn thành | M80: Xí nghiệp | N80: Nguyễn Thị Hồng Phương | O80: Vỉ 500ml | P80: 2 | W80: =SUM(P80:V80) -> 2 | X80: =SUMIFS('Đơn giá'!C:C,'Đơn giá'!B:B,XUẤT!O80) -> 98000 | Y80: =X80*P80 -> 196000 | Z80: TM14/9 | AA80: Nguyễn Thị Hồng Phương | AB80: =W80-V80 -> 2 | AC80: =AB80*5000 -> 10000 | AD80: Phương lái xe thu tiền
A81: 7 | B81: 13/9/2026 | C81: Hương Biển (chị Hiếu ghi só) | D81: Vận chuyển | E81: Tăng áp | G81: 30 | I81: =H81+G81 -> 30 | J81: Nguyễn Thị Hồng Phương | L81: hoàn thành | M81: Xí nghiệp | N81: Nguyễn Thị Hiếu | O81: Vỉ 500ml | P81: 30 | W81: =SUM(P81:V81) -> 30 | X81: 98000 | Y81: =P81*X81 -> 2940000 | AA81: Nguyễn Thị Hồng Phương | AB81: =W81-V81 -> 30 | AC81: =AB81*5000 -> 150000
A82: 1 | B82: 14/9/2026 | C82: Thư tuyền PXD: Ship c 10+1 vỉ 500 đến số 134 ngõ 3 cao thắng. Tạp hoá kim loan. Đối diện trường tiểu học cao thắng cơ sở 2. +84989376850 THU TIỀN LUÔN | D82: Vận chuyển | E82: Tăng áp | G82: 11 | I82: =H82+G82 -> 11 | J82: Huế + Phương | L82: hoàn thành | M82: Công ty | N82: Thư Tuyền | O82: Vỉ 500ml | P82: 10 | V82: 1 | W82: =SUM(P82:V82) -> 11 | X82: =SUMIFS('Đơn giá'!C:C,'Đơn giá'!B:B,XUẤT!O82) -> 98000 | Y82: =X82*P82 -> 980000 | Z82: CK 20/9 | AA82: Đinh Thu Huế | AB82: =W82-V82 -> 10 | AC82: =AB82*5000 -> 50000 | AD82: Đinh Thu Huế
A83: 2 | B83: 14/9/2026 | C83: Anh Nghĩa 090 2735666 - số 2 Nguyễn Thái Học, Yết Kiêu - lấy 10+1 vỉ 500. (Mai Hương BQL) | D83: Vận chuyển | E83: Hồng Gai | G83: 11 | I83: =H83+G83 -> 11 | J83: Huế + Phương | L83: hoàn thành | M83: Công ty | O83: Vỉ 500ml | P83: 10 | V83: 1 | W83: =SUM(P83:V83) -> 11 | X83: =SUMIFS('Đơn giá'!C:C,'Đơn giá'!B:B,XUẤT!O83) -> 98000 | Y83: =X83*P83 -> 980000 | Z83: CK17/9 | AB83: =W83-V83 -> 10 | AC83: =AB83*5000 -> 50000
A84: 3 | B84: 14/9/2026 | C84: chuyển 10+1 vỉ nước 500ml đến trường Lê Thánh Tông - A Hân GĐ XNN Miền Đông gửi thầy Phương - Hiệu trưởng | D84: Vận chuyển | E84: Tăng áp | G84: 11 | I84: =H84+G84 -> 11 | J84: Huế + Phương | L84: hoàn thành | M84: Miền Đông | O84: Hộp 500ml | P84: 10 | V84: 1 | W84: =SUM(P84:V84) -> 11 | X84: =SUMIFS('Đơn giá'!C:C,'Đơn giá'!B:B,XUẤT!O84) -> 106000 | Y84: =X84*P84 -> 1060000 | AB84: =W84-V84 -> 10 | AC84: =AB84*5000 -> 50000
A85: 4 | B85: 14/9/2026 | C85: Hằng bảo vệ (lấy ngày CN7 vỉ ) | D85: Vận chuyển | E85: vp | G85: 7 | I85: =H85+G85 -> 7 | J85: Nguyễn Thị Hằng | L85: hoàn thành | M85: Xí nghiệp | N85: Nguyễn Thị Hằng | O85: Vỉ 500ml | P85: 7 | W85: =SUM(P85:V85) -> 7 | X85: =SUMIFS('Đơn giá'!C:C,'Đơn giá'!B:B,XUẤT!O85) -> 98000 | Y85: =X85*P85 -> 686000 | Z85: TM22/9 | AA85: Nguyễn Thị Hằng | AB85: =W85-V85 -> 7 | AC85: =AB85*5000 -> 35000
A86: 5 | B86: 14/9/2026 | C86: e gửi đơn khách lấy 10 vỉ to + 1km chai 500ml chị nhé (176 Nguyễn Bá Ngọc, Hà Lầm) 0363259488 | D86: Vận chuyển | E86: Tăng áp | G86: 11 | I86: =H86+G86 -> 11 | J86: Huế + Phương | L86: hoàn thành | M86: Bãi Cháy | O86: Vỉ 500ml | P86: 10 | V86: 1 | W86: =SUM(P86:V86) -> 11 | X86: =SUMIFS('Đơn giá'!C:C,'Đơn giá'!B:B,XUẤT!O86) -> 98000 | Y86: =X86*P86 -> 980000 | AA86: Đinh Thu Huế | AB86: =W86-V86 -> 10 | AC86: =AB86*5000 -> 50000 | AD86: Bãi Cháy thu tiền
A87: 6 | B87: 14/9/2026 | C87: Chị Thu trạm Đá trắng (Số 41, tổ 2 khu 1 phường Hạ Long, đối diện đường sông 3), ĐT 0383810322 | D87: Vận chuyển | E87: Tăng áp | G87: 11 | I87: =H87+G87 -> 11 | J87: Huế + Phương | L87: hoàn thành | M87: Xí nghiệp | N87: Phạm Thị Thu (B) | O87: Vỉ 500ml | P87: 10 | V87: 1 | W87: =SUM(P87:V87) -> 11 | X87: =SUMIFS('Đơn giá'!C:C,'Đơn giá'!B:B,XUẤT!O87) -> 98000 | Y87: =X87*P87 -> 980000 | AA87: Huế + Phương lái xe | AB87: =W87-V87 -> 10 | AC87: =AB87*5000 -> 50000
A88: 7 | B88: 14/9/2026 | C88: Lê Việt Dũng PCN: khách lấy 10 bình (không lấy khuyến mại) kiềm 25B PHỐ HẢI HÀ ( ĐỐI DIỆN CỔNG CHỢ HẠ LONG 3- TÒA NHÀ CÓ NHÀ VĂN HÓA KHU 8) GỌI SỐ 0918.300.385 nhé shiop sáng nay - THU TIỀN LUÔN + Đặt cọc 500.000 | D88: Vận chuyển | E88: Tăng áp | H88: 10 | I88: =H88+G88 -> 10 | J88: Huế + Phương | L88: hoàn thành | M88: Công ty | N88: Lê Việt Dũng PCN | O88: Bình kiềm | T88: 10 | W88: =SUM(P88:V88) -> 10 | X88: 52000 | Y88: =T88*X88 -> 520000 | Z88: ck 15/9 | AA88: Huế + Phương lái xe | AB88: =W88-V88 -> 10 | AC88: =AB88*5000 -> 50000
A89: 8 | B89: 14/9/2026 | C89: Bảo hiểm Bưu Điện (15 bình trong đó 11 úp + 4 vòi) 0988764046 | D89: Vận chuyển | E89: VP | H89: 15 | I89: =H89+G89 -> 15 | L89: hoàn thành | M89: Công ty | N89: Chị Tâm trưởng BKS | O89: Bình kiềm | T89: 14 | V89: 1 | W89: =SUM(P89:V89) -> 15 | X89: =SUMIFS('Đơn giá'!C:C,'Đơn giá'!B:B,XUẤT!O89) -> 52000 | Y89: =T89*X89 -> 728000 | Z89: CK Tài khoản xí nghiệp | AB89: =W89-V89 -> 14 | AC89: =AB89*5000 -> 70000
G90: 2 | I90: =H90+G90 -> 2 | L90: hoàn thành | M90: Công ty | N90: Chị Tâm trưởng BKS | O90: Vỉ 350ml | S90: 2 | W90: =SUM(P90:V90) -> 2 | X90: =SUMIFS('Đơn giá'!C:C,'Đơn giá'!B:B,XUẤT!O90) -> 85000 | Y90: =S90*X90 -> 170000 | Z90: CK Tài khoản xí nghiệp | AB90: =W90-V90 -> 2 | AC90: =AB90*5000 -> 10000
A91: 9 | B91: 14/9/2026 | C91: Phạm ĐỨc Thương SCC: Anh Mạnh 0888382988, ĐC 81 Phạm Ngọc Thạch, Cao Xanh, 5 vỉ 500 ml | D91: Vận chuyển | E91: Hồng Gai | G91: 5 | I91: =H91+G91 -> 5 | J91: Huế + Phương | L91: hoàn thành | M91: Công ty | N91: Thương SCC | O91: Vỉ 500ml | P91: 5 | W91: =SUM(P91:V91) -> 5 | X91: =SUMIFS('Đơn giá'!C:C,'Đơn giá'!B:B,XUẤT!O91) -> 98000 | Y91: =X91*P91 -> 490000 | Z91: CK17/9 | AA91: Đinh Thu Huế | AB91: =W91-V91 -> 5 | AC91: =AB91*5000 -> 25000
A92: 10 | B92: 14/9/2026 | C92: Xuất 40 vỉ 500 ml cho trạm Hạ Long | D92: Vận chuyển | E92: VP | G92: 40 | I92: =H92+G92 -> 40 | J92: Trạm hạ Long | L92: hoàn thành | M92: Xí nghiệp | N92: Nguyễn Xuân Hùng | O92: Vỉ 500ml | P92: 40 | W92: =SUM(P92:V92) -> 40 | X92: =SUMIFS('Đơn giá'!C:C,'Đơn giá'!B:B,XUẤT!O92) -> 98000 | Y92: =X92*P92 -> 3920000 | Z92: CK 25/9 | AA92: Nguyễn Xuân Hùng | AB92: =W92-V92 -> 40 | AC92: =AB92*5000 -> 200000 | AD92: Trạm Hạ Long thu tiền
A93: 11 | B93: 14/9/2026 | C93: Dung vịt Cao Xanh | D93: Vận chuyển | E93: Tăng áp | G93: 5 | I93: =H93+G93 -> 5 | J93: Phương | L93: hoàn thành | M93: Xí nghiệp | N93: Nguyễn Thị Hồng Phương | O93: Vỉ 500ml | P93: 5 | W93: =SUM(P93:V93) -> 5 | X93: =SUMIFS('Đơn giá'!C:C,'Đơn giá'!B:B,XUẤT!O93) -> 98000 | Y93: =X93*P93 -> 490000 | Z93: TM15/9 | AA93: Nguyễn Thị Hồng Phương | AB93: =W93-V93 -> 5 | AC93: =AB93*5000 -> 25000
A94: 1 | B94: 15/9/2026 | C94: Minh Hằng PXD: 0387111662, thương 2 bình kiềm - Thu tiền + vỏ, Shland cà phê, B38, khu đô thị MKL, Moonbay, cạnh trường UK cổng trước, THU ĐỦ 2 VỎ + THU TIỀN | D94: Vận chuyển | E94: Tăng áp | H94: 2 | I94: =H94+G94 -> 2 | J94: Huế + Phương | K94: Trạm Hạ Long | M94: Công ty | N94: Minh Hằng | O94: Bình kiềm | T94: 2 | W94: =SUM(P94:V94) -> 2 | X94: =SUMIFS('Đơn giá'!C:C,'Đơn giá'!B:B,XUẤT!O94) -> 52000 | Y94: =T94*X94 -> 104000 | Z94: CK23/9 | AA94: Huế + Phương lái xe | AB94: =W94-V94 -> 2 | AC94: =AB94*5000 -> 10000
A95: 2 | B95: 15/9/2026 | C95: Cty Hannet C3-02 khu biệt thự Monbay luôn- Quỳnh: 0915355986 ( đơn này lấy hoá đơn như mọi lần) 2 bình vòi và 2 vỉ 350ml ĐẶT CỌC VỎ BÌNH 120.000) | D95: Vận chuyển | E95: Tăng áp | H95: 2 | I95: =H95+G95 -> 2 | J95: Huế + Phương | L95: hoàn thành | M95: Xí nghiệp | N95: Đỗ Thị Thanh Hà | O95: Bình kiềm | T95: 2 | W95: =SUM(P95:V95) -> 2 | X95: =SUMIFS('Đơn giá'!C:C,'Đơn giá'!B:B,XUẤT!O95) -> 52000 | Y95: =T95*X95 -> 104000 | Z95: CK Tài khoản xí nghiệp | AA95: Huế + Phương lái xe | AB95: =W95-V95 -> 2 | AC95: =AB95*5000 -> 10000
D96: Vận chuyển | E96: Tăng áp | G96: 2 | I96: =H96+G96 -> 2 | J96: Huế + Phương | L96: hoàn thành | M96: Xí nghiệp | N96: Đỗ Thị Thanh Hà | O96: Vỉ 350ml | Q96: 2 | W96: =SUM(P96:V96) -> 2 | X96: =SUMIFS('Đơn giá'!C:C,'Đơn giá'!B:B,XUẤT!O96) -> 85000 | Y96: =Q96*X96 -> 170000 | Z96: CK Tài khoản xí nghiệp | AA96: Huế + Phương lái xe | AB96: =W96-V96 -> 2 | AC96: =AB96*5000 -> 10000 | AD96: Lưu ý hóa đơn như mọi lần
A97: 3 | B97: 15/9/2026 | C97: Hóa chất mỏ Quảng Ninh, 20 vỉ 500 + 4 bình RO (Lưu ý: THU ĐỦ 4 VỎ MỚI (GIAO 4 BÌNH, CÓ BAO NHIÊU VỎ GIAO BẤY NHIÊU BÌNH) | D97: Vận chuyển | E97: xe điện | G97: 22 | I97: =H97+G97 -> 22 | J97: Huế + Phương | K97: Trạm Hạ Long | M97: Xí nghiệp | N97: Trương Thị Hải Yến | O97: Vỉ 500ml | P97: 20 | V97: 2 | W97: =SUM(P97:V97) -> 22 | X97: =SUMIFS('Đơn giá'!C:C,'Đơn giá'!B:B,XUẤT!O97) -> 98000 | Y97: =X97*P97 -> 1960000 | AA97: Đinh Thu Huế | AB97: =W97-V97 -> 20 | AC97: =AB97*5000 -> 100000
D98: Vận chuyển | E98: Tăng áp | H98: 4 | I98: =H98+G98 -> 4 | J98: Huế + Phương | M98: Xí nghiệp | N98: Trương Thị Hải Yến | O98: Bình RO | U98: 4 | W98: =SUM(P98:V98) -> 4 | X98: =SUMIFS('Đơn giá'!C:C,'Đơn giá'!B:B,XUẤT!O98) -> 48000 | Y98: =U98*X98 -> 192000 | AA98: Đinh Thu Huế | AB98: =W98-V98 -> 4 | AC98: =AB98*5000 -> 20000
A99: 4 | B99: 15/9/2026 | C99: Sn 56A , đường nguyễn du, cẩm tây, Cẩm Phả, 11 vỉ 500 + 2 bình RO,0367 989 555, THU VỎ LUÔN (vỏ bị méo - trả lại vỏ) coi như nợ vỏ | D99: Vận chuyển | E99: vay Cẩm Phả | G99: 11 | I99: =H99+G99 -> 11 | J99: Cẩm phả | M99: Xí nghiệp | N99: Trần Thị Thu Huyền | O99: Vỉ 500ml | P99: 10 | V99: 1 | W99: =SUM(P99:V99) -> 11 | X99: =SUMIFS('Đơn giá'!C:C,'Đơn giá'!B:B,XUẤT!O99) -> 98000 | Y99: =X99*P99 -> 980000 | Z99: CK 23/9 | AA99: Thảo Cẩm Phả | AB99: =W99-V99 -> 10 | AC99: =AB99*5000 -> 50000
D100: Vận chuyển | E100: vay Cẩm Phả | H100: 2 | I100: =H100+G100 -> 2 | J100: Cẩm phả | M100: Xí nghiệp | N100: Trần Thị Thu Huyền | O100: Bình RO | U100: 2 | W100: =SUM(P100:V100) -> 2 | X100: =SUMIFS('Đơn giá'!C:C,'Đơn giá'!B:B,XUẤT!O100) -> 48000 | Y100: =X100*U100 -> 96000 | Z100: CK 23/9 | AA100: Thảo Cẩm Phả | AB100: =W100-V100 -> 2 | AC100: =AB100*5000 -> 10000
A101: 6 | B101: 15/9/2026 | C101: Thùy Vân PQT: 6 bình nước ion kiềm đến trà sữa noosan tầng 3 monbay nhé 0782181190 - Đổi 6 vỏ thu tiền luôn | D101: Vận chuyển | E101: Tăng áp | H101: 6 | I101: =H101+G101 -> 6 | J101: Huế + Phương | K101: Trạm Hạ Long | M101: Công ty | N101: Thùy Vân | O101: Bình kiềm | T101: 6 | W101: =SUM(P101:V101) -> 6 | X101: =SUMIFS('Đơn giá'!C:C,'Đơn giá'!B:B,XUẤT!O101) -> 52000 | Y101: =T101*X101 -> 312000 | AA101: Đinh Thu Huế | AB101: =W101-V101 -> 6 | AC101: =AB101*5000 -> 30000
...

Sheet XUẤT (2)
A1: ĐIỀU PHỐI QUAROMI | M1: CHỈ TIÊU | AA1: VẬN CHUYỂN
A3: STT | B3: Ngày | C3: Đơn hàng | D3: Công việc | E3: Kho | F3: Số lượng | J3: Người thực hiện | K3: Hỗ Trợ (trạm QL) | L3: Kết quả | M3: Chỉ tiêu | N3: Chỉ tiêu CBCNV | O3: Sản phẩm | P3: Số lượng | X3: Đơn giá | Y3: Doanh thu | Z3: Thu tiền | AA3: Người vận chuyển | AB3: Số lượng | AC3: Số tiền | AD3: GHI CHÚ
F4: Thùng | G4: Vỉ | H4: Bình | I4: Cộng | M4: XN/CTY | N4: CBCNV | P4: Vỉ 500ml | Q4: Vỉ 350 ml | R4: Hộp 500ml | S4: Hộp 350ml | T4: Bình kiềm | U4: Bình RO | V4: KM | W4: Cộng
P5: =SUBTOTAL(9,P63:P247) -> 1020 | Q5: =SUBTOTAL(9,Q63:Q247) -> 73 | R5: =SUBTOTAL(9,R63:R247) -> 0 | S5: =SUBTOTAL(9,S63:S247) -> 8 | T5: =SUBTOTAL(9,T63:T247) -> 191 | U5: =SUBTOTAL(9,U63:U247) -> 162 | V5: =SUBTOTAL(9,V63:V247) -> 100 | W5: =SUBTOTAL(9,W63:W247) -> 1554 | AB5: =SUBTOTAL(9,AB6:AB153) -> 993 | AC5: =SUBTOTAL(9,AC6:AC153) -> 4965000
A6: 17 | B6: 46273 | C6: Nhà Nghỉ Hà Duy, phố Trần Cao Vân, đường sông 3, 10 vỉ 500ml, ĐT 0977 367679 | D6: Vận chuyển | E6: Xe điện | G6: 11 | I6: 11 | J6: Phương + Huế | L6: Đã hoàn thành | M6: Xí nghiệp | N6: Nguyễn T.Phương Thanh | O6: Vỉ 500ml | P6: 10 | V6: 1 | W6: =SUM(P6:V6) -> 11 | X6: =SUMIFS('Đơn giá'!C:C,'Đơn giá'!B:B,'XUẤT (2)'!O6) -> 98000 | Y6: =X6*P6 -> 980000 | Z6: CK 14/9 | AA6: Đinh Thu Huế | AB6: =W6-V6 -> 10 | AC6: =AB6*5000 -> 50000 | AE6: xuất hóa đơn 15/9
A7: 18 | B7: 46273 | C7: VNPT (Chị Yến): 0915 299 036, vỉ 350 ml | D7: Vận chuyển | E7: tăng áp | G7: 11 | I7: 11 | J7: Phương + Huế | L7: Đã hoàn thành | M7: Xí nghiệp | N7: Nguyễn Thị Lan | O7: Vỉ 350ml | Q7: 10 | V7: 1 | W7: =SUM(P7:V7) -> 11 | X7: =SUMIFS('Đơn giá'!C:C,'Đơn giá'!B:B,'XUẤT (2)'!O7) -> 85000 | Y7: =X7*Q7 -> 850000 | Z7: CK 18/9 | AA7: Đinh Thu Huế | AB7: =W7-V7 -> 10 | AC7: =AB7*5000 -> 50000
A8: 19 | B8: 46273 | C8: Tiểu thủ công nghiệp | D8: Vận chuyển | E8: tăng áp | G8: 22 | I8: 22 | J8: Phương + Huế | L8: Đã hoàn thành | M8: Xí nghiệp | N8: Bùi Thị Thu | O8: Vỉ 500ml | P8: 20 | V8: 2 | W8: =SUM(P8:V8) -> 22 | X8: =SUMIFS('Đơn giá'!C:C,'Đơn giá'!B:B,'XUẤT (2)'!O8) -> 98000 | Y8: =X8*P8 -> 1960000 | Z8: CK11/9 | AA8: Đinh Thu Huế | AB8: =W8-V8 -> 20 | AC8: =AB8*5000 -> 100000 | AD8: Chị Huế đã thu tiền | AE8: xuất hóa đơn 15/9
A9: 20 | B9: 46273 | C9: Sân pick cột 8 | D9: Vận chuyển | E9: tăng áp | G9: 22 | I9: 22 | J9: Phương + Huế | L9: Đã hoàn thành | M9: Xí nghiệp | N9: Nguyễn Thị Thu Hiên | O9: Vỉ 500ml | P9: 10 | V9: 1 | W9: =SUM(P9:V9) -> 11 | X9: =SUMIFS('Đơn giá'!C:C,'Đơn giá'!B:B,'XUẤT (2)'!O9) -> 98000 | Y9: =X9*P9 -> 980000 | Z9: CK11/9 | AA9: Đinh Thu Huế | AB9: =W9-V9 -> 10 | AC9: =AB9*5000 -> 50000
A10: 21 | D10: Vận chuyển | E10: tăng áp | L10: Đã hoàn thành | M10: Xí nghiệp | N10: Lương Thị Vân Mai | O10: Vỉ 500ml | P10: 10 | V10: 1 | W10: =SUM(P10:V10) -> 11 | X10: =SUMIFS('Đơn giá'!C:C,'Đơn giá'!B:B,'XUẤT (2)'!O10) -> 98000 | Y10: =X10*P10 -> 980000 | Z10: CK11/9 | AA10: Đinh Thu Huế | AB10: =W10-V10 -> 10 | AC10: =AB10*5000 -> 50000
A11: 22 | B11: 46273 | C11: Nguyễn Văn Hiếu phòng KT: đki 4 bình kiềm ship qua cửa hàng Monbay A2-01 ạ, ng nhận: Châm nhận +84964566350 - Thu tiền luôn (Quán rượu Mao Đài đối diện thư viện tỉnh) | D11: Vận chuyển | E11: tăng áp | H11: 4 | I11: 4 | J11: Phương + Huế | L11: Đã hoàn thành | M11: Công ty | N11: Nguyễn văn hiếu (kỹ thuật) | O11: Bình kiềm | T11: 4 | W11: =SUM(P11:V11) -> 4 | X11: =SUMIFS('Đơn giá'!C:C,'Đơn giá'!B:B,'XUẤT (2)'!O11) -> 52000 | Y11: =T11*X11 -> 208000 | Z11: công ty thu tiền | AB11: =W11-V11 -> 4 | AC11: =AB11*5000 -> 20000
A12: 23 | B12: 46273 | C12: 3 vỉ to + 3 vỉ nhỏ Địa chỉ : số nhà 45, Lê Chân mới , tổ 7 khu Hồng Hà 2, ĐT: 0934639858 | D12: Vận chuyển | G12: 6 | I12: 6 | J12: Xuân | L12: Đã hoàn thành | M12: Bãi Cháy | O12: Vỉ 500ml | P12: 3 | W12: =SUM(P12:V12) -> 3 | X12: =SUMIFS('Đơn giá'!C:C,'Đơn giá'!B:B,'XUẤT (2)'!O12) -> 98000 | Y12: =X12*P12 -> 294000 | Z12: Bãi Cháy tự thu | AA12: Lê Thanh Xuân | AB12: =W12-V12 -> 3 | AC12: =AB12*5000 -> 15000 | AD12: BÃI CHÁY VAY
M13: Bãi Cháy | O13: Vỉ 350 ml | Q13: 3 | W13: =SUM(P13:V13) -> 3 | X13: 85000 | Y13: =Q13*X13 -> 255000 | Z13: Bãi Cháy tự thu | AA13: Lê Thanh Xuân | AB13: =W13-V13 -> 3 | AC13: =AB13*5000 -> 15000
A14: 24 | B14: 46273 | C14: Hồng Hạnh PCN: 0982835366 Phương Hiền gần chợ Loong Tổng 20+2 vỉ 350ml | D14: Vận chuyển | E14: tăng áp | G14: 22 | I14: 22 | J14: Phương + Huyền + Ly tổ DV | L14: Đã hoàn thành | M14: Công ty | N14: Hồng Hạnh PCN | O14: Vỉ 350 ml | Q14: 20 | V14: 2 | W14: =SUM(P14:V14) -> 22 | X14: 85000 | Y14: =Q14*X14 -> 1700000 | Z14: công ty thu tiền | AA14: Tổ DVCTT | AB14: =W14-V14 -> 20 | AC14: =AB14*5000 -> 100000 | AD14: CÔNG TY VAY
A15: 25 | B15: 46273 | C15: Em Hà ở sảnh 2 chung cư sapphire. 2 vỉ 500ml, 0911898336 | D15: Vận chuyển | E15: Hồng Gai | G15: 2 | I15: 2 | J15: Huyền + Ly tổ DV | L15: Đã hoàn thành | M15: Xí nghiệp | N15: Đoàn Thị Nhung | O15: Vỉ 500ml | P15: 2 | W15: =SUM(P15:V15) -> 2 | X15: =SUMIFS('Đơn giá'!C:C,'Đơn giá'!B:B,'XUẤT (2)'!O15) -> 98000 | Y15: =X15*P15 -> 196000 | Z15: CK11/9 | AA15: Tổ DVCTT | AB15: =W15-V15 -> 2 | AC15: =AB15*5000 -> 10000 | AD15: chị Huyền thu tiền
A16: 26 | B16: 46273 | C16: Em Quỳnh ở 94 Văn Lang ( sau trường Văn Lang) 2 vỉ 500ml, ĐT 0973367844 | D16: Vận chuyển | E16: Hồng Gai | G16: 2 | I16: 2 | J16: Huyền + Ly tổ DV | L16: Đã hoàn thành | M16: Xí nghiệp | N16: Đoàn Thị Nhung | O16: Vỉ 500ml | P16: 2 | W16: =SUM(P16:V16) -> 2 | X16: =SUMIFS('Đơn giá'!C:C,'Đơn giá'!B:B,'XUẤT (2)'!O16) -> 98000 | Y16: =X16*P16 -> 196000 | Z16: CK9/9 | AA16: Tổ DVCTT | AB16: =W16-V16 -> 2 | AC16: =AB16*5000 -> 10000 | AD16: Chị Nguyệt thu ngân cũ thu tiền
A17: 27 | B17: 46273 | C17: 10+1 Vỉ bia Bà Hợi Cao Xanh | D17: Vận chuyển | G17: 11 | I17: 11 | J17: Phương + Huế | L17: Đã hoàn thành | M17: Xí nghiệp | N17: Đinh Thu Huế | O17: Vỉ 500ml | P17: 10 | V17: 1 | W17: =SUM(P17:V17) -> 11 | X17: =SUMIFS('Đơn giá'!C:C,'Đơn giá'!B:B,'XUẤT (2)'!O17) -> 98000 | Y17: =X17*P17 -> 980000 | Z17: TM29/9 | AA17: Phương + Huế | AB17: =W17-V17 -> 10 | AC17: =AB17*5000 -> 50000 | AD17: vay công ty
A18: 28 | B18: 46273 | C18: 10+1 vỉ chế biến than qn | D18: Vận chuyển | G18: 11 | I18: 11 | J18: Phương + Huế | L18: Đã hoàn thành | M18: Xí nghiệp | N18: Nguyễn Thị Hồng Phương | O18: Vỉ 500ml | P18: 10 | V18: 1 | W18: =SUM(P18:V18) -> 11 | X18: =SUMIFS('Đơn giá'!C:C,'Đơn giá'!B:B,'XUẤT (2)'!O18) -> 98000 | Y18: =X18*P18 -> 980000 | Z18: CK11/9 | AA18: Phương + Huế | AB18: =W18-V18 -> 10 | AC18: =AB18*5000 -> 50000 | AD18: vay công ty
A19: 29 | B19: 46273 | C19: hồng hạnh pcn: 0936812781 Số 1 ngõ 5 phố hải long cạnh phòng khám đa khoa Hoàng Anh KH có nhu cầu 3 bình kiem 19l ship ngay, thu tiền + đổi vỏ | D19: Vận chuyển | E19: tăng áp | H19: 3 | I19: 3 | J19: Hằng bảo vệ | L19: Đã hoàn thành | M19: Công ty | N19: Hồng Hạnh PCN | O19: Bình kiềm | T19: 3 | W19: =SUM(P19:V19) -> 3 | X19: =SUMIFS('Đơn giá'!C:C,'Đơn giá'!B:B,'XUẤT (2)'!O19) -> 52000 | Y19: =T19*X19 -> 156000 | Z19: TM22/9 | AA19: Nguyễn Thị Hằng | AB19: =W19-V19 -> 3 | AC19: =AB19*5000 -> 15000 | AD19: chị hằng đã thu tiền + 3 vỏ
A20: 30 | B20: 46273 | C20: chị Hằng đen ghi số | D20: Vận chuyển | E20: Hồng Gai | G20: 3 | M20: Xí nghiệp | N20: Nguyễn Thị Thúy Hằng | O20: Vỉ 500ml | P20: 3 | W20: =SUM(P20:V20) -> 3 | X20: =SUMIFS('Đơn giá'!C:C,'Đơn giá'!B:B,'XUẤT (2)'!O20) -> 98000 | Y20: =X20*P20 -> 294000 | AA20: Nguyễn Thị Thúy Hằng | AB20: =W20-V20 -> 3 | AC20: =AB20*5000 -> 15000
A21: 31 | B21: 46273 | C21: Lại Lan | D21: Vận chuyển | E21: tăng áp | G21: 2 | I21: 2 | L21: Đã hoàn thành | M21: Xí nghiệp | N21: Lại Thị Lan | O21: Vỉ 500ml | P21: 2 | W21: =SUM(P21:V21) -> 2 | X21: =SUMIFS('Đơn giá'!C:C,'Đơn giá'!B:B,'XUẤT (2)'!O21) -> 98000 | Y21: =X21*P21 -> 196000 | Z21: CK9/9 | AA21: Lại Thị Lan | AB21: =W21-V21 -> 2 | AC21: =AB21*5000 -> 10000
A22: 32 | B22: 46273 | C22: Chị Hằng bảo vệ | D22: Vận chuyển | E22: tăng áp | G22: 4 | I22: 4 | J22: Hằng bảo vệ | L22: Đã hoàn thành | M22: Xí nghiệp | N22: Nguyễn Thị Hằng | O22: Vỉ 500ml | P22: 4 | W22: =SUM(P22:V22) -> 4 | X22: =SUMIFS('Đơn giá'!C:C,'Đơn giá'!B:B,'XUẤT (2)'!O22) -> 98000 | Y22: =X22*P22 -> 392000 | Z22: TM22/9 | AA22: Nguyễn Thị Hằng | AB22: =W22-V22 -> 4 | AC22: =AB22*5000 -> 20000
A23: 33 | B23: 46274 | C23: KH lấy 10 + 1 thùng 500ml, cạnh tòa nhà Đa Năng Hà Tu, ĐT: 0902 009 566 | D23: Vận chuyển | E23: tăng áp | F23: 11 | I23: 11 | J23: Xuân | M23: Xí nghiệp | N23: Đỗ Thị Liễu | O23: Hộp 500ml | R23: 10 | V23: 1 | W23: =SUM(P23:V23) -> 11 | X23: =SUMIFS('Đơn giá'!C:C,'Đơn giá'!B:B,'XUẤT (2)'!O23) -> 106000 | Y23: =R23*X23 -> 1060000 | Z23: ck11/9 | AA23: Lê Thanh Xuân | AB23: =W23-V23 -> 10 | AC23: =AB23*5000 -> 50000 | AD23: Liễu thu tiền
A24: 34 | B24: 46274 | C24: Lại Lan, 1 bình kiềm | D24: Vận chuyển | E24: tăng áp | H24: 1 | I24: 1 | J24: Lại Lan | L24: hoàn thành | M24: Xí nghiệp | N24: Lại Thị Lan | O24: Bình kiềm | T24: 1 | W24: =SUM(P24:V24) -> 1 | X24: =SUMIFS('Đơn giá'!C:C,'Đơn giá'!B:B,'XUẤT (2)'!O24) -> 52000 | Y24: =X24*T24 -> 52000 | Z24: CK9/9 | AA24: Lại Thị Lan | AB24: =W24-V24 -> 1 | AC24: =AB24*5000 -> 5000 | AD24: Lại Lan thu tiền
A25: 35 | B25: 46274 | C25: Vũ Anh BKS: Sau nhà văn hóa khu 3, tỉnh ủy cột 5, dốc nhà máy in đi lên, đến nơi gọi chị để chị lên đường vì nhà chị ko có số em ạ, 0948910518, lấy 3 vỉ 500 và 1 vỉ 350, chị tên Thảo. | D25: 3 vỉ 500 + 1 vỉ 350 | E25: tăng áp | G25: 4 | I25: =H25+G25 -> 4 | J25: Lại Lan | L25: hoàn thành | M25: Công ty | N25: Vũ Anh BKS | O25: Bình kiềm | P25: 3 | Q25: 1 | W25: =SUM(P25:V25) -> 4 | X25: =SUMIFS('Đơn giá'!C:C,'Đơn giá'!B:B,'XUẤT (2)'!O25) -> 52000 | Y25: =X25*P25 -> 156000 | Z25: Chị Lệ thu tiền | AA25: Lại Thị Lan | AB25: =W25-V25 -> 4 | AC25: =AB25*5000 -> 20000 | AD25: CÔNG TY VAY
B26: 46274 | C26: Em chi | E26: tăng áp | H26: 2 | I26: =H26+G26 -> 2 | J26: Chi | L26: hoàn thành | M26: Xí nghiệp | N26: Nguyễn Thị Chi | O26: Bình kiềm | T26: 2 | W26: =SUM(P26:V26) -> 2 | X26: =SUMIFS('Đơn giá'!C:C,'Đơn giá'!B:B,'XUẤT (2)'!O26) -> 52000 | Y26: =T26*X26 -> 104000 | AA26: Nguyễn Thị Chi | AB26: =W26-V26 -> 2 | AC26: =AB26*5000 -> 10000
B27: 46274 | C27: Chị Xuân | E27: tăng áp | G27: 4 | I27: =H27+G27 -> 4 | J27: Chị Xuân | L27: hoàn thành | M27: Xí nghiệp | N27: Lê Thanh Xuân | O27: Vỉ 500ml | P27: 4 | W27: =SUM(P27:V27) -> 4 | X27: =SUMIFS('Đơn giá'!C:C,'Đơn giá'!B:B,'XUẤT (2)'!O27) -> 98000 | Y27: =X27*P27 -> 392000 | Z27: Nộp tiền cho chị Thúy | AA27: Lê Thanh Xuân | AB27: =W27-V27 -> 4 | AC27: =AB27*5000 -> 20000
A28: 1 | B28: 10/9/2026 | C28: 4 vỉ 500ml vào 315 Cao Xanh. Cửa hàng đt Dũng Tí, 098 4312638 | D28: Vận chuyển | E28: Hồng Gai | G28: 4 | I28: =H28+G28 -> 4 | J28: Tùng + Huế | L28: hoàn thành | M28: Xí nghiệp | N28: Mai Anh Dũng | O28: Vỉ 500ml | P28: 4 | W28: =SUM(P28:V28) -> 4 | X28: =SUMIFS('Đơn giá'!C:C,'Đơn giá'!B:B,'XUẤT (2)'!O28) -> 98000 | Y28: =X28*P28 -> 392000 | Z28: TM29/9 | AA28: Đinh Thu Huế | AB28: =W28-V28 -> 4 | AC28: =AB28*5000 -> 20000
A29: 2 | B29: 10/9/2026 | C29: Tươi Đá Trắng số 19 Ba Đèo, 8 bình ion+ 11 vỉ 500 ml, 0915158863, chở đến điêm gọi chị tươi đến bốc | D29: Vận chuyển | E29: tăng áp | G29: 11 | I29: =H29+G29 -> 11 | J29: Tùng + Huế | M29: Xí nghiệp | N29: Vũ Thị Tươi | O29: Vỉ 500ml | P29: 10 | V29: 1 | W29: =SUM(P29:V29) -> 11 | X29: =SUMIFS('Đơn giá'!C:C,'Đơn giá'!B:B,'XUẤT (2)'!O29) -> 98000 | Y29: =X29*P29 -> 980000 | Z29: Ck29/9 | AA29: Vũ Thị Tươi | AB29: =W29-V29 -> 10 | AC29: =AB29*5000 -> 50000
E30: tăng áp | H30: 8 | I30: =H30+G30 -> 8 | J30: Tùng + Huế | M30: Xí nghiệp | N30: Vũ Thị Tươi | O30: Bình kiềm | T30: 7 | V30: 1 | W30: =SUM(P30:V30) -> 8 | X30: =SUMIFS('Đơn giá'!C:C,'Đơn giá'!B:B,'XUẤT (2)'!O30) -> 52000 | Y30: =T30*X30 -> 364000 | Z30: Ck29/9 | AA30: Vũ Thị Tươi | AB30: =W30-V30 -> 7 | AC30: =AB30*5000 -> 35000
A31: 3 | B31: 10/9/2026 | C31: 15 bình nước cho hội trường cơ sở 2 cạnh trụ sở liên cơ quan số 4, 0988167724 | D31: Vận chuyển | E31: tăng áp | H31: 15 | I31: =H31+G31 -> 15 | J31: Tùng + Huế | K31: Lại Lan + Chi | L31: hoàn thành | M31: Xí nghiệp | N31: Nguyễn Thị Hiếu | O31: Bình kiềm | T31: 15 | W31: =SUM(P31:V31) -> 15 | X31: =SUMIFS('Đơn giá'!C:C,'Đơn giá'!B:B,'XUẤT (2)'!O31) -> 52000 | Y31: =X31*T31 -> 780000 | AA31: Đinh Thu Huế | AB31: =W31-V31 -> 15 | AC31: =AB31*5000 -> 75000
A32: 4 | B32: 10/9/2026 | C32: Thư Tuyền PXD: E ơi ship giúp c 10 vỉ 500ml (980k) + 1 vỉ khuyến mãi đến nhà chú Thắng ở tổ 13 khu phố Hà Trung 2 (ship 10h30) +84972133886. | D32: Vận chuyển | E32: tăng áp | G32: 11 | I32: =H32+G32 -> 11 | J32: Tùng + Huế | L32: hoàn thành | M32: Công ty | N32: Thư Tuyền | O32: Vỉ 500ml | P32: 10 | V32: 1 | W32: =SUM(P32:V32) -> 11 | X32: =SUMIFS('Đơn giá'!C:C,'Đơn giá'!B:B,'XUẤT (2)'!O32) -> 98000 | Y32: =X32*P32 -> 980000 | Z32: công ty thu tiền | AA32: Đinh Thu Huế | AB32: =W32-V32 -> 10 | AC32: =AB32*5000 -> 50000 | AD32: CÔNG TY VAY
A33: 5 | B33: 10/9/2026 | C33: chiều 1 đơn karaoke Luxury yết kiêu 30+3 vỉ 500 | D33: Vận chuyển | E33: Hồng Gai | G33: 33 | I33: =H33+G33 -> 33 | J33: Tùng + Huế | K33: trạm Hồng Gai | L33: hoàn thành | M33: Xí nghiệp | N33: Đinh Thu Huế | O33: Vỉ 500ml | P33: 30 | V33: 3 | W33: =SUM(P33:V33) -> 33 | X33: =SUMIFS('Đơn giá'!C:C,'Đơn giá'!B:B,'XUẤT (2)'!O33) -> 98000 | Y33: =X33*P33 -> 2940000 | Z33: TM29/9 | AA33: Đinh Thu Huế | AB33: =W33-V33 -> 30 | AC33: =AB33*5000 -> 150000
A34: 6 | B34: 10/9/2026 | C34: 10 vỉ 500ml +1 nc, nhận ở trường dân tộc nội trú, phường Hạ long -0985515202 Phạm việt Hà | D34: Vận chuyển | E34: VPXN | G34: 11 | I34: =H34+G34 -> 11 | J34: Chị Vượng + Chi | K34: Trạm Hạ Long | L34: hoàn thành | M34: Diễn Vọng | N34: Chị Hiền Diễn Vọng | O34: Vỉ 500ml | P34: 10 | V34: 1 | W34: =SUM(P34:V34) -> 11 | X34: =SUMIFS('Đơn giá'!C:C,'Đơn giá'!B:B,'XUẤT (2)'!O34) -> 98000 | Y34: =X34*P34 -> 980000 | AA34: Trần Trọng Khoa | AB34: =W34-V34 -> 10 | AC34: =AB34*5000 -> 50000 | AD34: DIỄN VỌNG VAY
A35: 7 | B35: 10/9/2026 | C35: Hồng Hạnh P.CN Sân pick Star cạnh nhà hàng Lan Hương có nhu cầu 10+1 vỉ 500ml - 0979748188. SHip luôn | D35: Vận chuyển | E35: tăng áp | G35: 11 | I35: =H35+G35 -> 11 | J35: Lại Lan + Xuân | L35: hoàn thành | M35: Công ty | N35: Hồng Hạnh PCN | O35: Vỉ 500ml | P35: 5 | V35: 1 | W35: =SUM(P35:V35) -> 6 | X35: =SUMIFS('Đơn giá'!C:C,'Đơn giá'!B:B,'XUẤT (2)'!O35) -> 98000 | Y35: =X35*P35 -> 490000 | Z35: Chị Lệ thu tiền | AA35: Lại Thị Lan | AB35: =W35-V35 -> 5 | AC35: =AB35*5000 -> 25000 | AD35: CÔNG TY VAY
P36: 5 | W36: =SUM(P36:V36) -> 5 | X36: 98000 | Y36: =X36*P36 -> 490000 | AA36: Lê Thanh Xuân | AB36: =W36-V36 -> 5 | AC36: =AB36*5000 -> 25000
A37: 8 | B37: 10/9/2026 | C37: Lương Vân Mai bán lẻ | D37: Vận chuyển | E37: Văn phòng | G37: 2 | I37: =H37+G37 -> 2 | J37: Lương Thị Vân Mai | L37: hoàn thành | M37: Xí nghiệp | N37: Lương Thị Vân Mai | O37: Vỉ 500ml | P37: 2 | W37: =SUM(P37:V37) -> 2 | X37: =SUMIFS('Đơn giá'!C:C,'Đơn giá'!B:B,'XUẤT (2)'!O37) -> 98000 | Y37: =X37*P37 -> 196000 | Z37: CK29/9 | AA37: Lương Thị Vân Mai | AB37: =W37-V37 -> 2 | AC37: =AB37*5000 -> 10000
A38: 9 | B38: 10/9/2026 | C38: Đơn bốc nước của Công ty 22 bình đến Đảng ủy phường Hạ Long | D38: Bốc xếp | E38: Cẩm Phả | H38: 22 | I38: =H38+G38 -> 22 | J38: 5 ghi số trạm Hạ Long và Liễu, Xuân | K38: Hạ Long | L38: hoàn thành | M38: Công ty | N38: Nguyễn Thị Chi | O38: Bình kiềm | T38: 20 | V38: 2 | W38: =SUM(P38:V38) -> 22 | X38: =SUMIFS('Đơn giá'!C:C,'Đơn giá'!B:B,'XUẤT (2)'!O38) -> 52000 | Y38: =T38*X38 -> 1040000 | AA38: Nguyễn Thị Chi | AB38: =W38-V38 -> 20 | AC38: =AB38*5000 -> 100000
A39: 10 | B39: 10/9/2026 | C39: Hồng Hạnh PCN: 0852091985 khách hàng có nhu cầu ngay 20+2 vỉ 350 ml (cần ngay) đến 32 Phan Đăng Lưu, thu tiền luôn | D39: Vận chuyển | E39: Hồng Gai | G39: 22 | I39: =H39+G39 -> 22 | J39: Tùng + Huế | L39: hoàn thành | M39: Công ty | N39: Hồng Hạnh PCN | O39: Vỉ 500ml | Q39: 10 | V39: 2 | W39: =SUM(P39:V39) -> 12 | X39: 85000 | Y39: =Q39*X39 -> 850000 | Z39: TM11/9 | AA39: Đinh Thu Huế | AB39: =W39-V39 -> 10 | AC39: =AB39*5000 -> 50000 | AD39: CÔNG TY VAY
M40: Công ty | O40: Vỉ 500ml | Q40: 10 | W40: =SUM(P40:V40) -> 10 | X40: 85000 | Y40: =Q40*X40 -> 850000 | Z40: TM11/9 | AA40: Đỗ Thị Vượng | AB40: =W40-V40 -> 10 | AC40: =AB40*5000 -> 50000
A41: 11 | B41: 10/9/2026 | C41: Chiị Bùi Thu lấy 8 vỉ ship ngã 3 thành công | D41: Vận chuyển | E41: Hồng Gai | G41: 8 | I41: =H41+G41 -> 8 | J41: Bùi Thị Thu | L41: hoàn thành | M41: Xí nghiệp | N41: Bùi Thị Thu | O41: Vỉ 500ml | P41: 8 | W41: =SUM(P41:V41) -> 8 | X41: =SUMIFS('Đơn giá'!C:C,'Đơn giá'!B:B,'XUẤT (2)'!O41) -> 98000 | Y41: =X41*P41 -> 784000 | Z41: CK 23/9 cùng 12 vỉ của Hương | AA41: Bùi Thị Thu | AB41: =W41-V41 -> 8 | AC41: =AB41*5000 -> 40000
A42: 12 | B42: 10/9/2026 | C42: Chj yến trạm Hồng Gai 2 vỉ | D42: Vận chuyển | E42: Hồng Gai | G42: 2 | I42: =H42+G42 -> 2 | J42: Lưu Hải Yến | L42: hoàn thành | M42: Xí nghiệp | N42: Lưu Hải Yến | O42: Vỉ 500ml | P42: 2 | W42: =SUM(P42:V42) -> 2 | X42: =SUMIFS('Đơn giá'!C:C,'Đơn giá'!B:B,'XUẤT (2)'!O42) -> 98000 | Y42: =X42*P42 -> 196000 | AA42: Lưu Hải Yến | AB42: =W42-V42 -> 2 | AC42: =AB42*5000 -> 10000
A43: 1 | B43: 11/9/2026 | C43: 6 vì đến bún cá Thu Hiên, gầm cầu ở hồ điều hòa Yết Kiêu, thu tiền luôn, 0326851888 | D43: Vận chuyển | E43: Hồng Gai | G43: 6 | I43: =H43+G43 -> 6 | J43: Đinh Thu Huế | L43: hoàn thành | M43: Xí nghiệp | N43: Nguyễn Viết Tạo | O43: Vỉ 500ml | P43: 5 | W43: =SUM(P43:V43) -> 5 | X43: =SUMIFS('Đơn giá'!C:C,'Đơn giá'!B:B,'XUẤT (2)'!O43) -> 98000 | Y43: =X43*P43 -> 490000 | AA43: Đinh Thu Huế | AB43: =W43-V43 -> 5 | AC43: =AB43*5000 -> 25000
A44: 2 | B44: 11/9/2026 | C44: anh Nguyên bán 4 vỉ | D44: Vận chuyển | E44: VP | G44: 4 | I44: =H44+G44 -> 4 | J44: Bùi Ngọc Nguyên | L44: hoàn thành | M44: Xí nghiệp | N44: Bùi Ngọc Nguyên | O44: Vỉ 500ml | P44: 4 | W44: =SUM(P44:V44) -> 4 | X44: =SUMIFS('Đơn giá'!C:C,'Đơn giá'!B:B,'XUẤT (2)'!O44) -> 98000 | Y44: =X44*P44 -> 392000 | Z44: TM | AA44: Bùi Ngọc Nguyên | AB44: =W44-V44 -> 4 | AC44: =AB44*5000 -> 20000
A45: 3 | B45: 11/9/2026 | C45: Minh Hạnh PCN: 4 vỉ nước 500ml đến khu gara ô tô 123 gần chợ Sa Tô 090 3414898 (MInh Hạnh thanh toán) | D45: Vận chuyển | E45: Hồng Gai | G45: 4 | I45: =H45+G45 -> 4 | J45: Đinh Thu Huế | L45: hoàn thành | M45: Công ty | N45: Minh Hạnh | O45: Vỉ 500ml | P45: 4 | W45: =SUM(P45:V45) -> 4 | X45: =SUMIFS('Đơn giá'!C:C,'Đơn giá'!B:B,'XUẤT (2)'!O45) -> 98000 | Y45: =X45*P45 -> 392000 | Z45: Chị Lệ thu tiền | AA45: Đinh Thu Huế | AB45: =W45-V45 -> 4 | AC45: =AB45*5000 -> 20000
A46: 4 | B46: 11/9/2026 | C46: Chị lấy ở số nhà 42 mặt đường. Gần dốc đèo bụt hà phong, Hương thu ngân cũ | D46: Vận chuyển | E46: Tăng áp | G46: 11 | I46: =H46+G46 -> 11 | J46: Lê Như Hùng | M46: Xí nghiệp | N46: Phạm Thị Thanh Hương | O46: Vỉ 500ml | P46: 10 | V46: 1 | W46: =SUM(P46:V46) -> 11 | X46: =SUMIFS('Đơn giá'!C:C,'Đơn giá'!B:B,'XUẤT (2)'!O46) -> 98000 | Y46: =X46*P46 -> 980000 | AA46: Lê Như Hùng | AB46: =W46-V46 -> 10 | AC46: =AB46*5000 -> 50000
A47: 5 | B47: 11/9/2026 | C47: Đơn bốc nước của Công ty 11 bình đến Ames Lán Bè | D47: Bốc xếp | H47: 11 | I47: =H47+G47 -> 11 | J47: Đinh Thu Huế | L47: hoàn thành | M47: Công ty | O47: Bình kiềm | T47: 5 | V47: 1 | W47: =SUM(P47:V47) -> 6 | X47: =SUMIFS('Đơn giá'!C:C,'Đơn giá'!B:B,'XUẤT (2)'!O47) -> 52000 | Y47: =T47*X47 -> 260000 | AA47: Đinh Thu Huế | AB47: =W47-V47 -> 5 | AC47: =AB47*5000 -> 25000
I48: =H48+G48 -> 0 | J48: Nguyễn Thị Huy | L48: hoàn thành | M48: Công ty | O48: Bình kiềm | T48: 5 | W48: =SUM(P48:V48) -> 5 | X48: =SUMIFS('Đơn giá'!C:C,'Đơn giá'!B:B,'XUẤT (2)'!O48) -> 52000 | Y48: =T48*X48 -> 260000 | AA48: Nguyễn Thị Huy | AB48: =W48-V48 -> 5 | AC48: =AB48*5000 -> 25000
A49: 6 | B49: 11/9/2026 | C49: Đoàn Sơn Tùng : 3 vỉ 500ml ion Kiềm đến chỗ trường tiểu học Cao Thắng, 0982953270 | D49: Vận chuyển | E49: Hà Lầm | G49: 3 | I49: 12 | J49: Hùng + Huế + Huy | L49: hoàn thành | M49: Công ty | O49: Vỉ 500ml | P49: 3 | W49: =SUM(P49:V49) -> 3 | X49: =SUMIFS('Đơn giá'!C:C,'Đơn giá'!B:B,'XUẤT (2)'!O49) -> 98000 | Y49: =X49*P49 -> 294000 | Z49: ck15/9 | AA49: Mạc Thị Thanh Tú | AB49: =W49-V49 -> 3 | AC49: =AB49*5000 -> 15000 | AD49: Vay Hà Lầm
A50: 7 | B50: 46335 | C50: Số nhà 512, đường Nguyễn Văn Cừ - Hồng Hà (Đàm Hồng Hà) | D50: Vận chuyển | E50: Hồng Gai | G50: 11 | I50: =H50+G50 -> 11 | J50: Phương + Huế | M50: Xí nghiệp | N50: Bùi Ngọc Đàm | O50: Vỉ 500ml | P50: 10 | W50: =SUM(P50:V50) -> 10 | X50: =SUMIFS('Đơn giá'!C:C,'Đơn giá'!B:B,'XUẤT (2)'!O50) -> 98000 | Y50: =X50*P50 -> 980000 | Z50: CK12/9 | AA50: Đinh Thu Huế | AB50: =W50-V50 -> 10 | AC50: =AB50*5000 -> 50000
A51: 8 | B51: 46335 | C51: Hằng bảo vệ | D51: Vận chuyển | E51: Văn phòng | G51: 2 | I51: =H51+G51 -> 2 | J51: Nguyễn Thị Hằng | L51: hoàn thành | M51: Xí nghiệp | N51: Nguyễn Thị Hằng | O51: Vỉ 500ml | P51: 2 | W51: =SUM(P51:V51) -> 2 | X51: =SUMIFS('Đơn giá'!C:C,'Đơn giá'!B:B,'XUẤT (2)'!O51) -> 98000 | Y51: =X51*P51 -> 196000 | Z51: TM22/9 | AA51: Nguyễn Thị Hằng | AB51: =W51-V51 -> 2 | AC51: =AB51*5000 -> 10000
A52: 9 | B52: 46335 | C52: Chị dki 1 đơn sân pick gần chợ cột 5 cũ 10+1 vỉ 500 | D52: Vận chuyển | E52: Hồng Gai | G52: 11 | I52: =H52+G52 -> 11 | J52: Đinh Thu Huế | L52: hoàn thành | M52: Xí nghiệp | N52: Đinh Thu Huế | O52: Vỉ 500ml | P52: 10 | V52: 1 | W52: =SUM(P52:V52) -> 11 | X52: =SUMIFS('Đơn giá'!C:C,'Đơn giá'!B:B,'XUẤT (2)'!O52) -> 98000 | Y52: =X52*P52 -> 980000 | Z52: TM29/9 | AA52: Đinh Thu Huế | AB52: =W52-V52 -> 10 | AC52: =AB52*5000 -> 50000
A53: 10 | B53: 46335 | C53: Cúc ghi số | D53: Vận chuyển | E53: Tăng áp | W53: =SUM(P53:V53) -> 0 | X53: =SUMIFS('Đơn giá'!C:C,'Đơn giá'!B:B,'XUẤT (2)'!O53) -> 0 | Y53: =X53*P53 -> 0 | AB53: =W53-V53 -> 0 | AC53: =AB53*5000 -> 0
A54: 11 | B54: 46335 | C54: Xuân | D54: Vận chuyển | E54: Tăng áp | G54: 3 | I54: =H54+G54 -> 3 | M54: Xí nghiệp | N54: Lê Thanh Xuân | O54: Vỉ 500ml | P54: 3 | W54: =SUM(P54:V54) -> 3 | X54: =SUMIFS('Đơn giá'!C:C,'Đơn giá'!B:B,'XUẤT (2)'!O54) -> 98000 | Y54: =X54*P54 -> 294000 | Z54: Nộp tiền cho chị Thúy | AA54: Lê Thanh Xuân | AB54: =W54-V54 -> 3 | AC54: =AB54*5000 -> 15000
A55: 1 | B55: 46365 | C55: 5 vỉ 350 và 2 vỉ 500 đám cưới ngay gần trường Hồng Hải 0915367686 | D55: Vận chuyển | E55: VP | G55: 2 | I55: =H55+G55 -> 2 | J55: Đan Thanh | L55: hoàn thành | M55: Xí nghiệp | N55: Phạm Phương Dung | O55: Vỉ 500ml | P55: 2 | W55: =SUM(P55:V55) -> 2 | X55: =SUMIFS('Đơn giá'!C:C,'Đơn giá'!B:B,'XUẤT (2)'!O55) -> 98000 | Y55: =X55*P55 -> 196000 | AA55: Phạm Thị Đan Thanh | AB55: =W55-V55 -> 2 | AC55: =AB55*5000 -> 10000
D56: Vận chuyển | E56: Tăng áp | G56: 5 | I56: =H56+G56 -> 5 | J56: Lại Lan | L56: hoàn thành | M56: Xí nghiệp | N56: Phạm Phương Dung | O56: Vỉ 350ml | Q56: 5 | W56: =SUM(P56:V56) -> 5 | X56: 85000 | Y56: =Q56*X56 -> 425000 | AA56: Lại Thị Lan | AB56: =W56-V56 -> 5 | AC56: =AB56*5000 -> 25000
A57: 2 | B57: 46365 | C57: Bùi Hà Thu ghi số | D57: Vận chuyển | E57: Hồng Gai | G57: 22 | I57: =H57+G57 -> 22 | J57: Bùi Hà Thu | L57: hoàn thành | M57: Xí nghiệp | N57: Bùi Hà Thu | O57: Vỉ 500ml | P57: 20 | V57: 2 | W57: =SUM(P57:V57) -> 22 | X57: =SUMIFS('Đơn giá'!C:C,'Đơn giá'!B:B,'XUẤT (2)'!O57) -> 98000 | Y57: =X57*P57 -> 1960000 | Z57: CK29/9 | AA57: Bùi Hà Thu | AB57: =W57-V57 -> 20 | AC57: =AB57*5000 -> 100000
A58: 3 | B58: 46365 | C58: 17 ngõ 16 c xanh, 3 vỉ , ĐT 0983768788 | D58: Vận chuyển | E58: Hồng Gai | G58: 3 | I58: =H58+G58 -> 3 | J58: Đinh Thu Huế | L58: hoàn thành | M58: Xí nghiệp | N58: Phan Hồng Hạnh | O58: Vỉ 500ml | P58: 3 | W58: =SUM(P58:V58) -> 3 | X58: =SUMIFS('Đơn giá'!C:C,'Đơn giá'!B:B,'XUẤT (2)'!O58) -> 98000 | Y58: =X58*P58 -> 294000 | Z58: ck 12/9 | AA58: Đinh Thu Huế | AB58: =W58-V58 -> 3 | AC58: =AB58*5000 -> 15000
A59: 4 | B59: 46365 | C59: 10 vi +1 cho c Lan số 298 đường Trần nhân tông Quang Yeen 0913628066 ( cứ mở cổng be vào cua nhà cho c ấy nhớ )chỉ tiêu Đan Thanh. | E59: vay Quảng Yên | G59: 11 | I59: =H59+G59 -> 11 | J59: Quảng Yên | M59: Xí nghiệp | N59: Phạm Thị Đan Thanh | O59: Vỉ 500ml | P59: 10 | V59: 1 | W59: =SUM(P59:V59) -> 11 | X59: =SUMIFS('Đơn giá'!C:C,'Đơn giá'!B:B,'XUẤT (2)'!O59) -> 98000 | Y59: =X59*P59 -> 980000 | Z59: CK17/9 | AA59: Yến Quảng Yên | AB59: =W59-V59 -> 10 | AC59: =AB59*5000 -> 50000
A60: 5 | B60: 46365 | C60: E gửi đơn ship Vịnh hoàng hôn ( đồi mặt trời ) 3 vỉ to chị nhé, ghi biên bản đưa cho chị thị trường giao nước ai nhận thì kí xong gửi ảnh chụp biên bản cho e chị nhé | D60: Vận chuyển | E60: Hồng Gai | G60: 3 | I60: =H60+G60 -> 3 | J60: Trạm Hồng Gai | L60: hoàn thành | M60: Bãi Cháy | O60: Vỉ 500ml | P60: 3 | W60: =SUM(P60:V60) -> 3 | X60: =SUMIFS('Đơn giá'!C:C,'Đơn giá'!B:B,'XUẤT (2)'!O60) -> 98000 | Y60: =X60*P60 -> 294000 | Z60: Bãi Cháy tự thu | AB60: =W60-V60 -> 3 | AC60: =AB60*5000 -> 15000 | AD60: BÃI CHÁY VAY
A61: 6 | B61: 46365 | C61: Chiị Huế lấy bán 11 vỉ 350 ml | D61: Vận chuyển | E61: Tăng áp | G61: 11 | H61: 11 | I61: =H61+G61 -> 22 | J61: Đinh Thu Huế | L61: hoàn thành | M61: Xí nghiệp | N61: Đinh Thu Huế | O61: Vỉ 350ml | Q61: 10 | V61: 1 | W61: =SUM(P61:V61) -> 11 | X61: =SUMIFS('Đơn giá'!C:C,'Đơn giá'!B:B,'XUẤT (2)'!O61) -> 85000 | Y61: =Q61*X61 -> 850000 | Z61: TM29/9 | AA61: Đinh Thu Huế | AB61: =W61-V61 -> 10 | AC61: =AB61*5000 -> 50000
A62: 7 | B62: 46365 | C62: Công ty vay đám ma bố anh Hùng tuyến mạng | D62: Vận chuyển | E62: Tăng áp | G62: 20 | I62: =H62+G62 -> 20 | J62: Đinh Thu Huế | L62: hoàn thành | M62: nội bộ công ty | Q62: 20 | W62: =SUM(P62:V62) -> 20 | X62: =SUMIFS('Đơn giá'!C:C,'Đơn giá'!B:B,'XUẤT (2)'!O62) -> 0 | Y62: =X62*P62 -> 0 | AB62: =W62-V62 -> 20 | AC62: =AB62*5000 -> 100000 | AD62: công ty trả nợ luôn rồi
A63: 8 | B63: 46365 | C63: Trần Thảo PQT: chiều chị cho e 5 vỉ nước 500ml đến 75 đặng Thùy Trâm - quán bún cá cay Vân Quyết - 0983406128 - Thu tiền luôn | D63: Vận chuyển | E63: Tăng áp | G63: 5 | I63: =H63+G63 -> 5 | J63: Chị Xuân | M63: Công ty | O63: Vỉ 500ml | P63: 5 | W63: =SUM(P63:V63) -> 5 | X63: =SUMIFS('Đơn giá'!C:C,'Đơn giá'!B:B,'XUẤT (2)'!O63) -> 98000 | Y63: =X63*P63 -> 490000 | Z63: CK14/9 | AA63: Lê Thanh Xuân | AB63: =W63-V63 -> 5 | AC63: =AB63*5000 -> 25000
A64: 9 | B64: 46365 | C64: chị Hằng bảo vệ 2 vỉ to | D64: Vận chuyển | E64: vp | I64: =H64+G64 -> 0 | J64: Nguyễn Thị Hằng | L64: hoàn thành | M64: Xí nghiệp | N64: Nguyễn Thị Hằng | O64: Vỉ 500ml | W64: =SUM(P64:V64) -> 0 | X64: =SUMIFS('Đơn giá'!C:C,'Đơn giá'!B:B,'XUẤT (2)'!O64) -> 98000 | Y64: =X64*P64 -> 0 | Z64: TM22/9 | AA64: Nguyễn Thị Hằng | AB64: =W64-V64 -> 0 | AC64: =AB64*5000 -> 0
A65: 10 | B65: 46365 | C65: Hiệu thuốc ông An - moonbay Thu tiền luôn | D65: Vận chuyển | E65: Tăng áp | G65: 11 | I65: =H65+G65 -> 11 | J65: Phương + Huế | L65: hoàn thành | M65: Xí nghiệp | N65: Lương Minh Hương | O65: Vỉ 500ml | P65: 10 | V65: 1 | W65: =SUM(P65:V65) -> 11 | X65: =SUMIFS('Đơn giá'!C:C,'Đơn giá'!B:B,'XUẤT (2)'!O65) -> 98000 | Y65: =X65*P65 -> 980000 | Z65: TM14/9 | AA65: Nguyễn Thị Hồng Phương | AB65: =W65-V65 -> 10 | AC65: =AB65*5000 -> 50000 | AD65: Chị Huế đã thu tiền
A66: 11 | B66: 46365 | C66: Thủy béo ghi số | D66: Vận chuyển | E66: Hồng Gai | G66: 4 | I66: =H66+G66 -> 4 | J66: Nguyễn Thị Thủy (B) | L66: hoàn thành | M66: Xí nghiệp | N66: Nguyễn Thị Thủy (B) | O66: Vỉ 500ml | P66: 4 | W66: =SUM(P66:V66) -> 4 | X66: =SUMIFS('Đơn giá'!C:C,'Đơn giá'!B:B,'XUẤT (2)'!O66) -> 98000 | Y66: =X66*P66 -> 392000 | AA66: Nguyễn Thị Thủy (B) | AB66: =W66-V66 -> 4 | AC66: =AB66*5000 -> 20000
A67: 1 | B67: 13/9/2026 | C67: Chị Hiếu ghi số lấy ship đơn chị Chế Dung 11 vỉ 500 | D67: Vận chuyển | E67: vp | G67: 11 | I67: =H67+G67 -> 11 | J67: Nguyễn Thị Hiếu | L67: hoàn thành | M67: Xí nghiệp | N67: Chế Thùy Dung | O67: Vỉ 500ml | P67: 10 | V67: 1 | W67: =SUM(P67:V67) -> 11 | X67: =SUMIFS('Đơn giá'!C:C,'Đơn giá'!B:B,'XUẤT (2)'!O67) -> 98000 | Y67: =X67*P67 -> 980000 | AA67: Nguyễn Thị Hiếu | AB67: =W67-V67 -> 10 | AC67: =AB67*5000 -> 50000
A68: 2 | B68: 13/9/2026 | C68: Quán bia Quang Đông (Cúc ghi số) | D68: Vận chuyển | E68: xe điện | G68: 11 | I68: =H68+G68 -> 11 | J68: Nguyễn Thị Hồng Phương | L68: hoàn thành | M68: Xí nghiệp | N68: Tăng Thị Cúc | O68: Vỉ 500ml | P68: 10 | V68: 1 | W68: =SUM(P68:V68) -> 11 | X68: =SUMIFS('Đơn giá'!C:C,'Đơn giá'!B:B,'XUẤT (2)'!O68) -> 98000 | Y68: =X68*P68 -> 980000 | Z68: CK 18/9 | AA68: Nguyễn Thị Hồng Phương | AB68: =W68-V68 -> 10 | AC68: =AB68*5000 -> 50000 | AD68: Chị Cúc thu tiền
A69: 3 | B69: 13/9/2026 | C69: Quán bia Cây Dừa (Cúc ghi số) | D69: Vận chuyển | E69: xe điện | G69: 11 | I69: =H69+G69 -> 11 | J69: Nguyễn Thị Hồng Phương | L69: hoàn thành | M69: Xí nghiệp | N69: Nguyễn Văn Nhâm | O69: Vỉ 500ml | P69: 10 | V69: 1 | W69: =SUM(P69:V69) -> 11 | X69: =SUMIFS('Đơn giá'!C:C,'Đơn giá'!B:B,'XUẤT (2)'!O69) -> 98000 | Y69: =X69*P69 -> 980000 | Z69: TM14/9 | AA69: Nguyễn Thị Hồng Phương | AB69: =W69-V69 -> 10 | AC69: =AB69*5000 -> 50000 | AD69: Phương lái xe thu tiền
A70: 4 | B70: 13/9/2026 | C70: Mai ghi số | D70: Vận chuyển | E70: xe điện | G70: 11 | I70: =H70+G70 -> 11 | J70: Nguyễn Thị Hồng Phương | L70: hoàn thành | M70: Xí nghiệp | N70: Lương Thị Vân Mai | O70: Vỉ 500ml | P70: 10 | V70: 1 | W70: =SUM(P70:V70) -> 11 | X70: =SUMIFS('Đơn giá'!C:C,'Đơn giá'!B:B,'XUẤT (2)'!O70) -> 98000 | Y70: =X70*P70 -> 980000 | Z70: TM14/9 | AA70: Nguyễn Thị Hồng Phương | AB70: =W70-V70 -> 10 | AC70: =AB70*5000 -> 50000 | AD70: Phương lái xe thu tiền
A71: 5 | B71: 13/9/2026 | C71: Mai ghi số cho chỉ tiêu Phạm Thị Thu Đá Trắng | D71: Vận chuyển | E71: xe điện | G71: 11 | I71: =H71+G71 -> 11 | J71: Nguyễn Thị Hồng Phương | L71: hoàn thành | M71: Xí nghiệp | N71: Phạm Thị Thu (B) | O71: Vỉ 500ml | P71: 10 | V71: 1 | W71: =SUM(P71:V71) -> 11 | X71: 98000 | Y71: =X71*P71 -> 980000 | Z71: TM14/9 | AA71: Nguyễn Thị Hồng Phương | AB71: =W71-V71 -> 10 | AC71: =AB71*5000 -> 50000 | AD71: Phương lái xe thu tiền
A72: 6 | B72: 13/9/2026 | C72: Dung vịt Cao Xanh | D72: Vận chuyển | E72: xe điện | G72: 2 | I72: =H72+G72 -> 2 | J72: Nguyễn Thị Hồng Phương | L72: hoàn thành | M72: Xí nghiệp | N72: Nguyễn Thị Hồng Phương | O72: Vỉ 500ml | P72: 2 | W72: =SUM(P72:V72) -> 2 | X72: =SUMIFS('Đơn giá'!C:C,'Đơn giá'!B:B,'XUẤT (2)'!O72) -> 98000 | Y72: =X72*P72 -> 196000 | Z72: TM14/9 | AA72: Nguyễn Thị Hồng Phương | AB72: =W72-V72 -> 2 | AC72: =AB72*5000 -> 10000 | AD72: Phương lái xe thu tiền
A73: 7 | B73: 13/9/2026 | C73: Hương Biển (chị Hiếu ghi só) | D73: Vận chuyển | E73: Tăng áp | G73: 30 | I73: =H73+G73 -> 30 | J73: Nguyễn Thị Hồng Phương | L73: hoàn thành | M73: Xí nghiệp | N73: Nguyễn Thị Hiếu | O73: Vỉ 500ml | P73: 30 | W73: =SUM(P73:V73) -> 30 | X73: 98000 | Y73: =P73*X73 -> 2940000 | AA73: Nguyễn Thị Hồng Phương | AB73: =W73-V73 -> 30 | AC73: =AB73*5000 -> 150000
A74: 1 | B74: 14/9/2026 | C74: Thư tuyền PXD: Ship c 10+1 vỉ 500 đến số 134 ngõ 3 cao thắng. Tạp hoá kim loan. Đối diện trường tiểu học cao thắng cơ sở 2. +84989376850 THU TIỀN LUÔN | D74: Vận chuyển | E74: Tăng áp | G74: 11 | I74: =H74+G74 -> 11 | J74: Huế + Phương | L74: hoàn thành | M74: Công ty | N74: Thư Tuyền | O74: Vỉ 500ml | P74: 10 | V74: 1 | W74: =SUM(P74:V74) -> 11 | X74: =SUMIFS('Đơn giá'!C:C,'Đơn giá'!B:B,'XUẤT (2)'!O74) -> 98000 | Y74: =X74*P74 -> 980000 | Z74: CK 20/9 | AA74: Đinh Thu Huế | AB74: =W74-V74 -> 10 | AC74: =AB74*5000 -> 50000 | AD74: Đinh Thu Huế
A75: 2 | B75: 14/9/2026 | C75: Anh Nghĩa 090 2735666 - số 2 Nguyễn Thái Học, Yết Kiêu - lấy 10+1 vỉ 500. (Mai Hương BQL) | D75: Vận chuyển | E75: Hồng Gai | G75: 11 | I75: =H75+G75 -> 11 | J75: Huế + Phương | L75: hoàn thành | M75: Công ty | O75: Vỉ 500ml | P75: 10 | V75: 1 | W75: =SUM(P75:V75) -> 11 | X75: =SUMIFS('Đơn giá'!C:C,'Đơn giá'!B:B,'XUẤT (2)'!O75) -> 98000 | Y75: =X75*P75 -> 980000 | Z75: CK17/9 | AB75: =W75-V75 -> 10 | AC75: =AB75*5000 -> 50000
A76: 3 | B76: 14/9/2026 | C76: chuyển 10+1 vỉ nước 500ml đến trường Lê Thánh Tông - A Hân GĐ XNN Miền Đông gửi thầy Phương - Hiệu trưởng | D76: Vận chuyển | E76: Tăng áp | G76: 11 | I76: =H76+G76 -> 11 | J76: Huế + Phương | L76: hoàn thành | M76: Miền Đông | O76: Hộp 500ml | P76: 10 | V76: 1 | W76: =SUM(P76:V76) -> 11 | X76: =SUMIFS('Đơn giá'!C:C,'Đơn giá'!B:B,'XUẤT (2)'!O76) -> 106000 | Y76: =X76*P76 -> 1060000 | AB76: =W76-V76 -> 10 | AC76: =AB76*5000 -> 50000
A77: 4 | B77: 14/9/2026 | C77: Hằng bảo vệ (lấy ngày CN7 vỉ ) | D77: Vận chuyển | E77: vp | G77: 7 | I77: =H77+G77 -> 7 | J77: Nguyễn Thị Hằng | L77: hoàn thành | M77: Xí nghiệp | N77: Nguyễn Thị Hằng | O77: Vỉ 500ml | P77: 7 | W77: =SUM(P77:V77) -> 7 | X77: =SUMIFS('Đơn giá'!C:C,'Đơn giá'!B:B,'XUẤT (2)'!O77) -> 98000 | Y77: =X77*P77 -> 686000 | Z77: TM22/9 | AA77: Nguyễn Thị Hằng | AB77: =W77-V77 -> 7 | AC77: =AB77*5000 -> 35000
A78: 5 | B78: 14/9/2026 | C78: e gửi đơn khách lấy 10 vỉ to + 1km chai 500ml chị nhé (176 Nguyễn Bá Ngọc, Hà Lầm) 0363259488 | D78: Vận chuyển | E78: Tăng áp | G78: 11 | I78: =H78+G78 -> 11 | J78: Huế + Phương | L78: hoàn thành | M78: Bãi Cháy | O78: Vỉ 500ml | P78: 10 | V78: 1 | W78: =SUM(P78:V78) -> 11 | X78: =SUMIFS('Đơn giá'!C:C,'Đơn giá'!B:B,'XUẤT (2)'!O78) -> 98000 | Y78: =X78*P78 -> 980000 | AA78: Đinh Thu Huế | AB78: =W78-V78 -> 10 | AC78: =AB78*5000 -> 50000 | AD78: Bãi Cháy thu tiền
A79: 6 | B79: 14/9/2026 | C79: Chị Thu trạm Đá trắng (Số 41, tổ 2 khu 1 phường Hạ Long, đối diện đường sông 3), ĐT 0383810322 | D79: Vận chuyển | E79: Tăng áp | G79: 11 | I79: =H79+G79 -> 11 | J79: Huế + Phương | L79: hoàn thành | M79: Xí nghiệp | N79: Phạm Thị Thu (B) | O79: Vỉ 500ml | P79: 10 | V79: 1 | W79: =SUM(P79:V79) -> 11 | X79: =SUMIFS('Đơn giá'!C:C,'Đơn giá'!B:B,'XUẤT (2)'!O79) -> 98000 | Y79: =X79*P79 -> 980000 | AA79: Huế + Phương | AB79: =W79-V79 -> 10 | AC79: =AB79*5000 -> 50000
A80: 7 | B80: 14/9/2026 | C80: Lê Việt Dũng PCN: khách lấy 10 bình (không lấy khuyến mại) kiềm 25B PHỐ HẢI HÀ ( ĐỐI DIỆN CỔNG CHỢ HẠ LONG 3- TÒA NHÀ CÓ NHÀ VĂN HÓA KHU 8) GỌI SỐ 0918.300.385 nhé shiop sáng nay - THU TIỀN LUÔN + Đặt cọc 500.000 | D80: Vận chuyển | E80: Tăng áp | H80: 10 | I80: =H80+G80 -> 10 | J80: Huế + Phương | L80: hoàn thành | M80: Công ty | N80: Lê Việt Dũng PCN | O80: Bình kiềm | T80: 10 | W80: =SUM(P80:V80) -> 10 | X80: 52000 | Y80: =T80*X80 -> 520000 | Z80: ck 15/9 | AA80: Huế + Phương | AB80: =W80-V80 -> 10 | AC80: =AB80*5000 -> 50000
A81: 8 | B81: 14/9/2026 | C81: Bảo hiểm Bưu Điện (15 bình trong đó 11 úp + 4 vòi) 0988764046 | D81: Vận chuyển | E81: VP | H81: 15 | I81: =H81+G81 -> 15 | L81: hoàn thành | M81: Công ty | N81: Chị Tâm trưởng BKS | O81: Bình kiềm | T81: 14 | V81: 1 | W81: =SUM(P81:V81) -> 15 | X81: =SUMIFS('Đơn giá'!C:C,'Đơn giá'!B:B,'XUẤT (2)'!O81) -> 52000 | Y81: =T81*X81 -> 728000 | AB81: =W81-V81 -> 14 | AC81: =AB81*5000 -> 70000
G82: 2 | I82: =H82+G82 -> 2 | L82: hoàn thành | M82: Công ty | N82: Chị Tâm trưởng BKS | O82: Vỉ 350ml | S82: 2 | W82: =SUM(P82:V82) -> 2 | X82: =SUMIFS('Đơn giá'!C:C,'Đơn giá'!B:B,'XUẤT (2)'!O82) -> 85000 | Y82: =S82*X82 -> 170000 | AB82: =W82-V82 -> 2 | AC82: =AB82*5000 -> 10000
A83: 9 | B83: 14/9/2026 | C83: Phạm ĐỨc Thương SCC: Anh Mạnh 0888382988, ĐC 81 Phạm Ngọc Thạch, Cao Xanh, 5 vỉ 500 ml | D83: Vận chuyển | E83: Hồng Gai | G83: 5 | I83: =H83+G83 -> 5 | J83: Huế + Phương | L83: hoàn thành | M83: Công ty | N83: Thương SCC | O83: Vỉ 500ml | P83: 5 | W83: =SUM(P83:V83) -> 5 | X83: =SUMIFS('Đơn giá'!C:C,'Đơn giá'!B:B,'XUẤT (2)'!O83) -> 98000 | Y83: =X83*P83 -> 490000 | Z83: CK17/9 | AA83: Đinh Thu Huế | AB83: =W83-V83 -> 5 | AC83: =AB83*5000 -> 25000
A84: 10 | B84: 14/9/2026 | C84: Xuất 40 vỉ 500 ml cho trạm Hạ Long | D84: Vận chuyển | E84: VP | G84: 40 | I84: =H84+G84 -> 40 | J84: Trạm hạ Long | L84: hoàn thành | M84: Xí nghiệp | N84: Nguyễn Xuân Hùng | O84: Vỉ 500ml | P84: 40 | W84: =SUM(P84:V84) -> 40 | X84: =SUMIFS('Đơn giá'!C:C,'Đơn giá'!B:B,'XUẤT (2)'!O84) -> 98000 | Y84: =X84*P84 -> 3920000 | Z84: CK 25/9 | AA84: Nguyễn Xuân Hùng | AB84: =W84-V84 -> 40 | AC84: =AB84*5000 -> 200000 | AD84: Trạm Hạ Long thu tiền
A85: 11 | B85: 14/9/2026 | C85: Dung vịt Cao Xanh | D85: Vận chuyển | E85: Tăng áp | G85: 5 | I85: =H85+G85 -> 5 | J85: Phương | L85: hoàn thành | M85: Xí nghiệp | N85: Nguyễn Thị Hồng Phương | O85: Vỉ 500ml | P85: 5 | W85: =SUM(P85:V85) -> 5 | X85: =SUMIFS('Đơn giá'!C:C,'Đơn giá'!B:B,'XUẤT (2)'!O85) -> 98000 | Y85: =X85*P85 -> 490000 | Z85: TM15/9 | AA85: Nguyễn Thị Hồng Phương | AB85: =W85-V85 -> 5 | AC85: =AB85*5000 -> 25000
A86: 1 | B86: 15/9/2026 | C86: Minh Hằng PXD: 0387111662, thương 2 bình kiềm - Thu tiền + vỏ, Shland cà phê, B38, khu đô thị MKL, Moonbay, cạnh trường UK cổng trước, THU ĐỦ 2 VỎ + THU TIỀN | D86: Vận chuyển | E86: Tăng áp | H86: 2 | I86: =H86+G86 -> 2 | J86: Huế + Phương | K86: Trạm Hạ Long | M86: Công ty | N86: Minh Hằng | O86: Bình kiềm | T86: 2 | W86: =SUM(P86:V86) -> 2 | X86: =SUMIFS('Đơn giá'!C:C,'Đơn giá'!B:B,'XUẤT (2)'!O86) -> 52000 | Y86: =T86*X86 -> 104000 | Z86: CK23/9 | AA86: Huế + Phương | AB86: =W86-V86 -> 2 | AC86: =AB86*5000 -> 10000
A87: 2 | B87: 15/9/2026 | C87: Cty Hannet C3-02 khu biệt thự Monbay luôn- Quỳnh: 0915355986 ( đơn này lấy hoá đơn như mọi lần) 2 bình vòi và 2 vỉ 350ml ĐẶT CỌC VỎ BÌNH 120.000) | D87: Vận chuyển | E87: Tăng áp | H87: 2 | I87: =H87+G87 -> 2 | J87: Huế + Phương | L87: hoàn thành | M87: Xí nghiệp | N87: Đỗ Thị Thanh Hà | O87: Bình kiềm | T87: 2 | W87: =SUM(P87:V87) -> 2 | X87: =SUMIFS('Đơn giá'!C:C,'Đơn giá'!B:B,'XUẤT (2)'!O87) -> 52000 | Y87: =T87*X87 -> 104000 | Z87: CK Tài khoản xí nghiệp | AA87: Huế + Phương | AB87: =W87-V87 -> 2 | AC87: =AB87*5000 -> 10000
D88: Vận chuyển | E88: Tăng áp | G88: 2 | I88: =H88+G88 -> 2 | J88: Huế + Phương | L88: hoàn thành | M88: Xí nghiệp | N88: Đỗ Thị Thanh Hà | O88: Vỉ 350ml | Q88: 2 | W88: =SUM(P88:V88) -> 2 | X88: =SUMIFS('Đơn giá'!C:C,'Đơn giá'!B:B,'XUẤT (2)'!O88) -> 85000 | Y88: =Q88*X88 -> 170000 | Z88: CK Tài khoản xí nghiệp | AA88: Huế + Phương | AB88: =W88-V88 -> 2 | AC88: =AB88*5000 -> 10000 | AD88: Lưu ý hóa đơn như mọi lần
A89: 3 | B89: 15/9/2026 | C89: Hóa chất mỏ Quảng Ninh, 20 vỉ 500 + 4 bình RO (Lưu ý: THU ĐỦ 4 VỎ MỚI (GIAO 4 BÌNH, CÓ BAO NHIÊU VỎ GIAO BẤY NHIÊU BÌNH) | D89: Vận chuyển | E89: xe điện | G89: 22 | I89: =H89+G89 -> 22 | J89: Huế + Phương | K89: Trạm Hạ Long | M89: Xí nghiệp | N89: Trương Thị Hải Yến | O89: Vỉ 500ml | P89: 20 | V89: 2 | W89: =SUM(P89:V89) -> 22 | X89: =SUMIFS('Đơn giá'!C:C,'Đơn giá'!B:B,'XUẤT (2)'!O89) -> 98000 | Y89: =X89*P89 -> 1960000 | AA89: Đinh Thu Huế | AB89: =W89-V89 -> 20 | AC89: =AB89*5000 -> 100000
D90: Vận chuyển | E90: Tăng áp | H90: 4 | I90: =H90+G90 -> 4 | J90: Huế + Phương | M90: Xí nghiệp | N90: Trương Thị Hải Yến | O90: Bình RO | U90: 4 | W90: =SUM(P90:V90) -> 4 | X90: =SUMIFS('Đơn giá'!C:C,'Đơn giá'!B:B,'XUẤT (2)'!O90) -> 48000 | Y90: =U90*X90 -> 192000 | AA90: Đinh Thu Huế | AB90: =W90-V90 -> 4 | AC90: =AB90*5000 -> 20000
A91: 4 | B91: 15/9/2026 | C91: Sn 56A , đường nguyễn du, cẩm tây, Cẩm Phả, 11 vỉ 500 + 2 bình RO,0367 989 555, THU VỎ LUÔN (vỏ bị méo - trả lại vỏ) coi như nợ vỏ | D91: Vận chuyển | E91: vay Cẩm Phả | G91: 11 | I91: =H91+G91 -> 11 | J91: Cẩm phả | M91: Xí nghiệp | N91: Trần Thị Thu Huyền | O91: Vỉ 500ml | P91: 10 | V91: 1 | W91: =SUM(P91:V91) -> 11 | X91: =SUMIFS('Đơn giá'!C:C,'Đơn giá'!B:B,'XUẤT (2)'!O91) -> 98000 | Y91: =X91*P91 -> 980000 | Z91: CK 23/9 | AA91: Thảo Cẩm Phả | AB91: =W91-V91 -> 10 | AC91: =AB91*5000 -> 50000
D92: Vận chuyển | E92: vay Cẩm Phả | H92: 2 | I92: =H92+G92 -> 2 | J92: Cẩm phả | M92: Xí nghiệp | N92: Trần Thị Thu Huyền | O92: Bình RO | U92: 2 | W92: =SUM(P92:V92) -> 2 | X92: =SUMIFS('Đơn giá'!C:C,'Đơn giá'!B:B,'XUẤT (2)'!O92) -> 48000 | Y92: =X92*U92 -> 96000 | Z92: CK 23/9 | AA92: Thảo Cẩm Phả | AB92: =W92-V92 -> 2 | AC92: =AB92*5000 -> 10000
A93: 6 | B93: 15/9/2026 | C93: Thùy Vân PQT: 6 bình nước ion kiềm đến trà sữa noosan tầng 3 monbay nhé 0782181190 - Đổi 6 vỏ thu tiền luôn | D93: Vận chuyển | E93: Tăng áp | H93: 6 | I93: =H93+G93 -> 6 | J93: Huế + Phương | K93: Trạm Hạ Long | M93: Công ty | N93: Thùy Vân | O93: Bình kiềm | T93: 6 | W93: =SUM(P93:V93) -> 6 | X93: =SUMIFS('Đơn giá'!C:C,'Đơn giá'!B:B,'XUẤT (2)'!O93) -> 52000 | Y93: =T93*X93 -> 312000 | AA93: Đinh Thu Huế | AB93: =W93-V93 -> 6 | AC93: =AB93*5000 -> 30000
B94: 15/9/2026 | C94: Chị Huế đk 1 đơn nhà hàng Minhtuấn 3 cao xanh 10+1 | D94: Vận chuyển | E94: Hồng Gai | G94: 11 | I94: =H94+G94 -> 11 | J94: Huế + Phương | L94: hoàn thành | M94: Xí nghiệp | N94: Đinh Thu Huế | O94: Vỉ 500ml | P94: 10 | V94: 1 | W94: =SUM(P94:V94) -> 11 | X94: =SUMIFS('Đơn giá'!C:C,'Đơn giá'!B:B,'XUẤT (2)'!O94) -> 98000 | Y94: =X94*P94 -> 980000 | AA94: Đinh Thu Huế | AB94: =W94-V94 -> 10 | AC94: =AB94*5000 -> 50000
B95: 15/9/2026 | C95: Khoa trạm trưởng Hồng Gai lấy 10+1 vỉ bán | D95: Vận chuyển | E95: Hồng Gai | G95: 11 | I95: =H95+G95 -> 11 | J95: Trần Trọng Khoa | M95: Xí nghiệp | N95: Trần Trọng Khoa | O95: Vỉ 500ml | P95: 10 | V95: 1 | W95: =SUM(P95:V95) -> 11 | X95: =SUMIFS('Đơn giá'!C:C,'Đơn giá'!B:B,'XUẤT (2)'!O95) -> 98000 | Y95: =X95*P95 -> 980000 | Z95: Khoa thu tiền | AA95: Trần Trọng Khoa | AB95: =W95-V95 -> 10 | AC95: =AB95*5000 -> 50000
B96: 15/9/2026 | C96: Quỳnh hành chính | D96: Vận chuyển | E96: VP | G96: 1 | I96: =H96+G96 -> 1 | J96: Quỳnh | L96: hoàn thành | M96: Xí nghiệp | N96: Phạm Thu Quỳnh | O96: Vỉ 500ml | P96: 1 | W96: =SUM(P96:V96) -> 1 | X96: =SUMIFS('Đơn giá'!C:C,'Đơn giá'!B:B,'XUẤT (2)'!O96) -> 98000 | Y96: =X96*P96 -> 98000 | AA96: Phạm Thu Quỳnh | AB96: =W96-V96 -> 1 | AC96: =AB96*5000 -> 5000
A97: 2 | B97: 16/9/2026 | C97: Công ty Môi Trường CT Cenvi, 0387436105, chi tiết điểm ship theo bảng kê Nhung zô gửi, 17 bình RO, có HĐ nên ko cọc vỏ, thu vỏ trả xe luôn | D97: Vận chuyển | E97: XE CẨM PHẢ CHỞ | H97: 17 | I97: =H97+G97 -> 17 | J97: Điểm Vựng Đâng: Trạm Hồng Gai + chị Huế Điểm xử lý nước thải licogi mở rộng 2 điểm: CHị Lan + Chị Thùy | K97: Hồng Gai, Hà Tu | L97: hoàn thành | M97: Công ty | N97: Nhung bé | O97: Bình RO | U97: 16 | V97: 1 | W97: =SUM(P97:V97) -> 17 | X97: =SUMIFS('Đơn giá'!C:C,'Đơn giá'!B:B,'XUẤT (2)'!O97) -> 48000 | Y97: =U97*X97 -> 768000 | AB97: =W97-V97 -> 16 | AC97: =AB97*5000 -> 80000
A98: 3 | B98: 16/9/2026 | C98: Đỗ Linh PCN: 5 vỉ 500ml sân Bóng thành Công - +84903488996 (Anh Hùng Quế thanh toán) | D98: Vận chuyển | E98: Tăng áp | G98: 5 | I98: =H98+G98 -> 5 | J98: Huế + phương | L98: hoàn thành | M98: Công ty | N98: Đỗ Linh CN | O98: Vỉ 500ml | P98: 5 | W98: =SUM(P98:V98) -> 5 | X98: =SUMIFS('Đơn giá'!C:C,'Đơn giá'!B:B,'XUẤT (2)'!O98) -> 98000 | Y98: =X98*P98 -> 490000 | AB98: =W98-V98 -> 5 | AC98: =AB98*5000 -> 25000
A99: 4 | B99: 16/9/2026 | C99: 2 bình kiềm + 3 vỉ 500ml ( thu tiền + cọc vỏ) cửa hàng kim khí Hưng Phượng | D99: Vận chuyển | E99: Tăng áp | G99: 3 | I99: =H99+G99 -> 3 | J99: Huế + phương | L99: hoàn thành | M99: Xí nghiệp | N99: Đinh Thu Huế | O99: Vỉ 500ml | P99: 3 | W99: =SUM(P99:V99) -> 3 | X99: 98000 | Y99: =P99*X99 -> 294000 | AA99: Đinh Thu Huế | AB99: =W99-V99 -> 3 | AC99: =AB99*5000 -> 15000 | AD99: =Y17+Y33+Y52+Y61+Y118 -> 10650000
E100: Tăng áp | H100: 2 | I100: =H100+G100 -> 2 | J100: Huế + phương | L100: hoàn thành | M100: Xí nghiệp | N100: Đinh Thu Huế | O100: Bình kiềm | T100: 2 | W100: =SUM(P100:V100) -> 2 | X100: =SUMIFS('Đơn giá'!C:C,'Đơn giá'!B:B,'XUẤT (2)'!O100) -> 52000 | Y100: =T100*X100 -> 104000 | AA100: Đinh Thu Huế | AB100: =W100-V100 -> 2 | AC100: =AB100*5000 -> 10000
A101: 5 | B101: 16/9/2026 | C101: Cho chị 10 vỉ 500 cơ sở 2 của nhà khách nhé (Hiếu ghi sô) Hương Biển | D101: Vận chuyển | E101: Tăng áp | G101: 10 | I101: =H101+G101 -> 10 | J101: Huế + phương | L101: hoàn thành | M101: Xí nghiệp | N101: Nguyễn Thị Hiếu | O101: Vỉ 500ml | P101: 10 | V101: 1 | W101: =SUM(P101:V101) -> 11 | X101: 98000 | Y101: =P101*X101 -> 980000 | AA101: Đinh Thu Huế | AB101: =W101-V101 -> 10 | AC101: =AB101*5000 -> 50000
...

Sheet CBCNV
A1: TT | B1: Họ và Tên | C1: Chức vụ | D1: Tổ/Trạm | E1: Sản phẩm
E2: Vỉ 500ml | G2: Vỉ 350ml | I2: Hộp 500ml | K2: Hộp 350ml | M2: Bình kiềm | O2: Bình RO
E3: Số lượng | F3: Thành tiền | G3: Số lượng | H3: Thành tiền | I3: Số lượng | J3: Thành tiền | K3: Số lượng | L3: Thành tiền | M3: Số lượng | N3: Thành tiền | O3: Số lượng | P3: Thành tiền | Q3: Xí nghiệp
B4: Cộng | E4: =SUM(E7:E200) -> 1029 | F4: =SUM(F7:F200) -> 100842000 | G4: =SUM(G7:G200) -> 75 | H4: =SUM(H7:H200) -> 6375000 | I4: =SUM(I7:I200) -> 10 | J4: =SUM(J7:J200) -> 930000 | K4: =SUM(K7:K200) -> 6 | L4: =SUM(L7:L200) -> 636000 | ... P4: =SUM(P7:P200) -> 5712000
B5: Kiểm tra | E5: =SUMIFS(XUẤT!P:P,XUẤT!$M:$M,CBCNV!$Q$3)-E4 -> 0 | G5: =SUMIFS(XUẤT!Q:Q,XUẤT!M:M,CBCNV!$Q$3)-CBCNV!G4 -> 0 | I5: =SUMIFS(XUẤT!R:R,XUẤT!$M:$M,CBCNV!$Q$3)-CBCNV!I4 -> 0 | K5: =SUMIFS(XUẤT!S:S,XUẤT!M:M,CBCNV!$Q$3)-CBCNV!K4 -> 0 | M5: =SUMIFS(XUẤT!T:T,XUẤT!M:M,CBCNV!$Q$3)-CBCNV!M4 -> 7 | O5: =SUMIFS(XUẤT!U:U,XUẤT!M:M,CBCNV!$Q$3)-CBCNV!O4 -> 5
A7: 1 | B7: Trần Nam Trung | C7: Giám đốc | D7: Văn phòng | E7: =SUMIFS(XUẤT!P:P,XUẤT!N:N,CBCNV!B7,XUẤT!O:O,CBCNV!$E$2) -> 50 | F7: =E7*$T$10 -> 4900000 | G7: =SUMIFS(XUẤT!Q:Q,XUẤT!N:N,CBCNV!B7,XUẤT!O:O,CBCNV!$G$2) -> 0 | H7: =G7*$T$8 -> 0 | I7: =SUMIFS(XUẤT!R:R,XUẤT!N:N,CBCNV!B7,XUẤT!O:O,CBCNV!$I$2) -> 0 | J7: =I7*$T$9 -> 0 | K7: =SUMIFS(XUẤT!S:S,XUẤT!N:N,CBCNV!B7,XUẤT!O:O,CBCNV!$K$2) -> 0 | L7: =K7*$T$11 -> 0 | M7: =SUMIFS(XUẤT!T:T,XUẤT!N:N,CBCNV!B7,XUẤT!O:O,CBCNV!$M$2) -> 0 | N7: =M7*$T$12 -> 0 | O7: =SUMIFS(XUẤT!U:U,XUẤT!N:N,CBCNV!B7,XUẤT!O:O,CBCNV!$O$2) -> 0 | P7: =O7*$T$13 -> 0 | R7: STT | S7: Hàng hóa | T7: Giá bán
A8: 2 | B8: Đỗ Văn Cảnh | C8: P. Giám đốc | D8: Văn phòng | E8: =SUMIFS(XUẤT!P:P,XUẤT!N:N,CBCNV!B8,XUẤT!O:O,CBCNV!$E$2) -> 0 | F8: =E8*$T$10 -> 0 | G8: =SUMIFS(XUẤT!Q:Q,XUẤT!N:N,CBCNV!B8,XUẤT!O:O,CBCNV!$G$2) -> 0 | H8: =G8*$T$8 -> 0 | I8: =SUMIFS(XUẤT!R:R,XUẤT!N:N,CBCNV!B8,XUẤT!O:O,CBCNV!$I$2) -> 0 | J8: =I8*$T$9 -> 0 | K8: =SUMIFS(XUẤT!S:S,XUẤT!N:N,CBCNV!B8,XUẤT!O:O,CBCNV!$K$2) -> 0 | L8: =K8*$T$11 -> 0 | M8: =SUMIFS(XUẤT!T:T,XUẤT!N:N,CBCNV!B8,XUẤT!O:O,CBCNV!$M$2) -> 0 | N8: =M8*$T$12 -> 0 | O8: =SUMIFS(XUẤT!U:U,XUẤT!N:N,CBCNV!B8,XUẤT!O:O,CBCNV!$O$2) -> 0 | P8: =O8*$T$13 -> 0 | R8: 1 | S8: Vỉ 350ml | T8: 85000
A9: 3 | B9: Phạm Quang Tâm | C9: P. Giám Đốc | D9: Văn phòng | E9: =SUMIFS(XUẤT!P:P,XUẤT!N:N,CBCNV!B9,XUẤT!O:O,CBCNV!$E$2) -> 0 | F9: =E9*$T$10 -> 0 | G9: =SUMIFS(XUẤT!Q:Q,XUẤT!N:N,CBCNV!B9,XUẤT!O:O,CBCNV!$G$2) -> 0 | H9: =G9*$T$8 -> 0 | I9: =SUMIFS(XUẤT!R:R,XUẤT!N:N,CBCNV!B9,XUẤT!O:O,CBCNV!$I$2) -> 0 | J9: =I9*$T$9 -> 0 | K9: =SUMIFS(XUẤT!S:S,XUẤT!N:N,CBCNV!B9,XUẤT!O:O,CBCNV!$K$2) -> 0 | L9: =K9*$T$11 -> 0 | M9: =SUMIFS(XUẤT!T:T,XUẤT!N:N,CBCNV!B9,XUẤT!O:O,CBCNV!$M$2) -> 0 | N9: =M9*$T$12 -> 0 | O9: =SUMIFS(XUẤT!U:U,XUẤT!N:N,CBCNV!B9,XUẤT!O:O,CBCNV!$O$2) -> 0 | P9: =O9*$T$13 -> 0 | R9: 2 | S9: Hộp 500ml | T9: 93000
A10: 4 | B10: Vũ Thị Mai Huệ | C10: P. Giám Đốc | D10: Văn phòng | E10: =SUMIFS(XUẤT!P:P,XUẤT!N:N,CBCNV!B10,XUẤT!O:O,CBCNV!$E$2) -> 2 | F10: =E10*$T$10 -> 196000 | G10: =SUMIFS(XUẤT!Q:Q,XUẤT!N:N,CBCNV!B10,XUẤT!O:O,CBCNV!$G$2) -> 0 | H10: =G10*$T$8 -> 0 | I10: =SUMIFS(XUẤT!R:R,XUẤT!N:N,CBCNV!B10,XUẤT!O:O,CBCNV!$I$2) -> 0 | J10: =I10*$T$9 -> 0 | K10: =SUMIFS(XUẤT!S:S,XUẤT!N:N,CBCNV!B10,XUẤT!O:O,CBCNV!$K$2) -> 0 | L10: =K10*$T$11 -> 0 | M10: =SUMIFS(XUẤT!T:T,XUẤT!N:N,CBCNV!B10,XUẤT!O:O,CBCNV!$M$2) -> 0 | N10: =M10*$T$12 -> 0 | O10: =SUMIFS(XUẤT!U:U,XUẤT!N:N,CBCNV!B10,XUẤT!O:O,CBCNV!$O$2) -> 0 | P10: =O10*$T$13 -> 0 | R10: 3 | S10: Vỉ 500ml | T10: 98000
A11: 5 | B11: Phạm Phương Dung | C11: TBP. Kinh doanh | D11: Văn phòng | E11: =SUMIFS(XUẤT!P:P,XUẤT!N:N,CBCNV!B11,XUẤT!O:O,CBCNV!$E$2) -> 2 | F11: =E11*$T$10 -> 196000 | G11: =SUMIFS(XUẤT!Q:Q,XUẤT!N:N,CBCNV!B11,XUẤT!O:O,CBCNV!$G$2) -> 10 | H11: =G11*$T$8 -> 850000 | I11: =SUMIFS(XUẤT!R:R,XUẤT!N:N,CBCNV!B11,XUẤT!O:O,CBCNV!$I$2) -> 0 | J11: =I11*$T$9 -> 0 | K11: =SUMIFS(XUẤT!S:S,XUẤT!N:N,CBCNV!B11,XUẤT!O:O,CBCNV!$K$2) -> 0 | L11: =K11*$T$11 -> 0 | M11: =SUMIFS(XUẤT!T:T,XUẤT!N:N,CBCNV!B11,XUẤT!O:O,CBCNV!$M$2) -> 0 | N11: =M11*$T$12 -> 0 | O11: =SUMIFS(XUẤT!U:U,XUẤT!N:N,CBCNV!B11,XUẤT!O:O,CBCNV!$O$2) -> 0 | P11: =O11*$T$13 -> 0 | R11: 4 | S11: Hộp 350ml | T11: 106000
A12: 6 | B12: Lại Thị Lan | C12: NV kinh doanh | D12: Văn phòng | E12: =SUMIFS(XUẤT!P:P,XUẤT!N:N,CBCNV!B12,XUẤT!O:O,CBCNV!$E$2) -> 2 | F12: =E12*$T$10 -> 196000 | G12: =SUMIFS(XUẤT!Q:Q,XUẤT!N:N,CBCNV!B12,XUẤT!O:O,CBCNV!$G$2) -> 1 | H12: =G12*$T$8 -> 85000 | I12: =SUMIFS(XUẤT!R:R,XUẤT!N:N,CBCNV!B12,XUẤT!O:O,CBCNV!$I$2) -> 0 | J12: =I12*$T$9 -> 0 | K12: =SUMIFS(XUẤT!S:S,XUẤT!N:N,CBCNV!B12,XUẤT!O:O,CBCNV!$K$2) -> 0 | L12: =K12*$T$11 -> 0 | M12: =SUMIFS(XUẤT!T:T,XUẤT!N:N,CBCNV!B12,XUẤT!O:O,CBCNV!$M$2) -> 19 | N12: =M12*$T$12 -> 988000 | O12: =SUMIFS(XUẤT!U:U,XUẤT!N:N,CBCNV!B12,XUẤT!O:O,CBCNV!$O$2) -> 1 | P12: =O12*$T$13 -> 48000 | R12: 5 | S12: Bình kiềm | T12: 52000
A13: 7 | B13: Nguyễn Huyền Thư | C13: NV kinh doanh | D13: Văn phòng | E13: =SUMIFS(XUẤT!P:P,XUẤT!N:N,CBCNV!B13,XUẤT!O:O,CBCNV!$E$2) -> 0 | F13: =E13*$T$10 -> 0 | G13: =SUMIFS(XUẤT!Q:Q,XUẤT!N:N,CBCNV!B13,XUẤT!O:O,CBCNV!$G$2) -> 0 | H13: =G13*$T$8 -> 0 | I13: =SUMIFS(XUẤT!R:R,XUẤT!N:N,CBCNV!B13,XUẤT!O:O,CBCNV!$I$2) -> 0 | J13: =I13*$T$9 -> 0 | K13: =SUMIFS(XUẤT!S:S,XUẤT!N:N,CBCNV!B13,XUẤT!O:O,CBCNV!$K$2) -> 0 | L13: =K13*$T$11 -> 0 | M13: =SUMIFS(XUẤT!T:T,XUẤT!N:N,CBCNV!B13,XUẤT!O:O,CBCNV!$M$2) -> 0 | N13: =M13*$T$12 -> 0 | O13: =SUMIFS(XUẤT!U:U,XUẤT!N:N,CBCNV!B13,XUẤT!O:O,CBCNV!$O$2) -> 0 | P13: =O13*$T$13 -> 0 | R13: 6 | S13: Bình RO | T13: 48000
A14: 8 | B14: Đoàn Thị Nhung | C14: NV kinh doanh | D14: Văn phòng | E14: =SUMIFS(XUẤT!P:P,XUẤT!N:N,CBCNV!B14,XUẤT!O:O,CBCNV!$E$2) -> 4 | F14: =E14*$T$10 -> 392000 | G14: =SUMIFS(XUẤT!Q:Q,XUẤT!N:N,CBCNV!B14,XUẤT!O:O,CBCNV!$G$2) -> 3 | H14: =G14*$T$8 -> 255000 | I14: =SUMIFS(XUẤT!R:R,XUẤT!N:N,CBCNV!B14,XUẤT!O:O,CBCNV!$I$2) -> 0 | J14: =I14*$T$9 -> 0 | K14: =SUMIFS(XUẤT!S:S,XUẤT!N:N,CBCNV!B14,XUẤT!O:O,CBCNV!$K$2) -> 0 | L14: =K14*$T$11 -> 0 | M14: =SUMIFS(XUẤT!T:T,XUẤT!N:N,CBCNV!B14,XUẤT!O:O,CBCNV!$M$2) -> 0 | N14: =M14*$T$12 -> 0 | O14: =SUMIFS(XUẤT!U:U,XUẤT!N:N,CBCNV!B14,XUẤT!O:O,CBCNV!$O$2) -> 0 | P14: =O14*$T$13 -> 0
A15: 9 | B15: Phạm Thị Thu (A) | C15: NV kinh doanh | D15: Văn phòng | E15: =SUMIFS(XUẤT!P:P,XUẤT!N:N,CBCNV!B15,XUẤT!O:O,CBCNV!$E$2) -> 0 | F15: =E15*$T$10 -> 0 | G15: =SUMIFS(XUẤT!Q:Q,XUẤT!N:N,CBCNV!B15,XUẤT!O:O,CBCNV!$G$2) -> 0 | H15: =G15*$T$8 -> 0 | I15: =SUMIFS(XUẤT!R:R,XUẤT!N:N,CBCNV!B15,XUẤT!O:O,CBCNV!$I$2) -> 0 | J15: =I15*$T$9 -> 0 | K15: =SUMIFS(XUẤT!S:S,XUẤT!N:N,CBCNV!B15,XUẤT!O:O,CBCNV!$K$2) -> 0 | L15: =K15*$T$11 -> 0 | M15: =SUMIFS(XUẤT!T:T,XUẤT!N:N,CBCNV!B15,XUẤT!O:O,CBCNV!$M$2) -> 0 | N15: =M15*$T$12 -> 0 | O15: =SUMIFS(XUẤT!U:U,XUẤT!N:N,CBCNV!B15,XUẤT!O:O,CBCNV!$O$2) -> 0 | P15: =O15*$T$13 -> 0
A16: 10 | B16: Trương Thị Hải Yến | C16: NV kinh doanh | D16: Văn phòng | E16: =SUMIFS(XUẤT!P:P,XUẤT!N:N,CBCNV!B16,XUẤT!O:O,CBCNV!$E$2) -> 20 | F16: =E16*$T$10 -> 1960000 | G16: =SUMIFS(XUẤT!Q:Q,XUẤT!N:N,CBCNV!B16,XUẤT!O:O,CBCNV!$G$2) -> 0 | H16: =G16*$T$8 -> 0 | I16: =SUMIFS(XUẤT!R:R,XUẤT!N:N,CBCNV!B16,XUẤT!O:O,CBCNV!$I$2) -> 0 | J16: =I16*$T$9 -> 0 | K16: =SUMIFS(XUẤT!S:S,XUẤT!N:N,CBCNV!B16,XUẤT!O:O,CBCNV!$K$2) -> 0 | L16: =K16*$T$11 -> 0 | M16: =SUMIFS(XUẤT!T:T,XUẤT!N:N,CBCNV!B16,XUẤT!O:O,CBCNV!$M$2) -> 0 | N16: =M16*$T$12 -> 0 | O16: =SUMIFS(XUẤT!U:U,XUẤT!N:N,CBCNV!B16,XUẤT!O:O,CBCNV!$O$2) -> 4 | P16: =O16*$T$13 -> 192000
A17: 11 | B17: Lương Minh Hương | C17: NV kinh doanh | D17: Văn phòng | E17: =SUMIFS(XUẤT!P:P,XUẤT!N:N,CBCNV!B17,XUẤT!O:O,CBCNV!$E$2) -> 10 | F17: =E17*$T$10 -> 980000 | G17: =SUMIFS(XUẤT!Q:Q,XUẤT!N:N,CBCNV!B17,XUẤT!O:O,CBCNV!$G$2) -> 0 | H17: =G17*$T$8 -> 0 | I17: =SUMIFS(XUẤT!R:R,XUẤT!N:N,CBCNV!B17,XUẤT!O:O,CBCNV!$I$2) -> 0 | J17: =I17*$T$9 -> 0 | K17: =SUMIFS(XUẤT!S:S,XUẤT!N:N,CBCNV!B17,XUẤT!O:O,CBCNV!$K$2) -> 6 | L17: =K17*$T$11 -> 636000 | M17: =SUMIFS(XUẤT!T:T,XUẤT!N:N,CBCNV!B17,XUẤT!O:O,CBCNV!$M$2) -> 6 | N17: =M17*$T$12 -> 312000 | O17: =SUMIFS(XUẤT!U:U,XUẤT!N:N,CBCNV!B17,XUẤT!O:O,CBCNV!$O$2) -> 9 | P17: =O17*$T$13 -> 432000
A18: 12 | B18: Hoàng Hồng Nhung | C18: NV kinh doanh | D18: Văn phòng | E18: =SUMIFS(XUẤT!P:P,XUẤT!N:N,CBCNV!B18,XUẤT!O:O,CBCNV!$E$2) -> 0 | F18: =E18*$T$10 -> 0 | G18: =SUMIFS(XUẤT!Q:Q,XUẤT!N:N,CBCNV!B18,XUẤT!O:O,CBCNV!$G$2) -> 0 | H18: =G18*$T$8 -> 0 | I18: =SUMIFS(XUẤT!R:R,XUẤT!N:N,CBCNV!B18,XUẤT!O:O,CBCNV!$I$2) -> 0 | J18: =I18*$T$9 -> 0 | K18: =SUMIFS(XUẤT!S:S,XUẤT!N:N,CBCNV!B18,XUẤT!O:O,CBCNV!$K$2) -> 0 | L18: =K18*$T$11 -> 0 | M18: =SUMIFS(XUẤT!T:T,XUẤT!N:N,CBCNV!B18,XUẤT!O:O,CBCNV!$M$2) -> 0 | N18: =M18*$T$12 -> 0 | O18: =SUMIFS(XUẤT!U:U,XUẤT!N:N,CBCNV!B18,XUẤT!O:O,CBCNV!$O$2) -> 0 | P18: =O18*$T$13 -> 0
A19: 13 | B19: Nguyễn Phương Thảo | C19: NV kinh doanh | D19: Văn phòng | E19: =SUMIFS(XUẤT!P:P,XUẤT!N:N,CBCNV!B19,XUẤT!O:O,CBCNV!$E$2) -> 2 | F19: =E19*$T$10 -> 196000 | G19: =SUMIFS(XUẤT!Q:Q,XUẤT!N:N,CBCNV!B19,XUẤT!O:O,CBCNV!$G$2) -> 0 | H19: =G19*$T$8 -> 0 | I19: =SUMIFS(XUẤT!R:R,XUẤT!N:N,CBCNV!B19,XUẤT!O:O,CBCNV!$I$2) -> 0 | J19: =I19*$T$9 -> 0 | K19: =SUMIFS(XUẤT!S:S,XUẤT!N:N,CBCNV!B19,XUẤT!O:O,CBCNV!$K$2) -> 0 | L19: =K19*$T$11 -> 0 | M19: =SUMIFS(XUẤT!T:T,XUẤT!N:N,CBCNV!B19,XUẤT!O:O,CBCNV!$M$2) -> 0 | N19: =M19*$T$12 -> 0 | O19: =SUMIFS(XUẤT!U:U,XUẤT!N:N,CBCNV!B19,XUẤT!O:O,CBCNV!$O$2) -> 0 | P19: =O19*$T$13 -> 0
A20: 14 | B20: Phạm Thị Đan Thanh | C20: NV kinh doanh | D20: Văn phòng | E20: =SUMIFS(XUẤT!P:P,XUẤT!N:N,CBCNV!B20,XUẤT!O:O,CBCNV!$E$2) -> 10 | F20: =E20*$T$10 -> 980000 | G20: =SUMIFS(XUẤT!Q:Q,XUẤT!N:N,CBCNV!B20,XUẤT!O:O,CBCNV!$G$2) -> 0 | H20: =G20*$T$8 -> 0 | I20: =SUMIFS(XUẤT!R:R,XUẤT!N:N,CBCNV!B20,XUẤT!O:O,CBCNV!$I$2) -> 0 | J20: =I20*$T$9 -> 0 | K20: =SUMIFS(XUẤT!S:S,XUẤT!N:N,CBCNV!B20,XUẤT!O:O,CBCNV!$K$2) -> 0 | L20: =K20*$T$11 -> 0 | M20: =SUMIFS(XUẤT!T:T,XUẤT!N:N,CBCNV!B20,XUẤT!O:O,CBCNV!$M$2) -> 0 | N20: =M20*$T$12 -> 0 | O20: =SUMIFS(XUẤT!U:U,XUẤT!N:N,CBCNV!B20,XUẤT!O:O,CBCNV!$O$2) -> 0 | P20: =O20*$T$13 -> 0
A21: 15 | B21: Phan Hồng Hạnh | C21: NV kinh doanh | D21: Văn phòng | E21: =SUMIFS(XUẤT!P:P,XUẤT!N:N,CBCNV!B21,XUẤT!O:O,CBCNV!$E$2) -> 13 | F21: =E21*$T$10 -> 1274000 | G21: =SUMIFS(XUẤT!Q:Q,XUẤT!N:N,CBCNV!B21,XUẤT!O:O,CBCNV!$G$2) -> 0 | H21: =G21*$T$8 -> 0 | I21: =SUMIFS(XUẤT!R:R,XUẤT!N:N,CBCNV!B21,XUẤT!O:O,CBCNV!$I$2) -> 0 | J21: =I21*$T$9 -> 0 | K21: =SUMIFS(XUẤT!S:S,XUẤT!N:N,CBCNV!B21,XUẤT!O:O,CBCNV!$K$2) -> 0 | L21: =K21*$T$11 -> 0 | M21: =SUMIFS(XUẤT!T:T,XUẤT!N:N,CBCNV!B21,XUẤT!O:O,CBCNV!$M$2) -> 0 | N21: =M21*$T$12 -> 0 | O21: =SUMIFS(XUẤT!U:U,XUẤT!N:N,CBCNV!B21,XUẤT!O:O,CBCNV!$O$2) -> 0 | P21: =O21*$T$13 -> 0
A22: 16 | B22: Đỗ Thị Liễu | C22: CN kẹp chì | D22: Văn phòng | E22: =SUMIFS(XUẤT!P:P,XUẤT!N:N,CBCNV!B22,XUẤT!O:O,CBCNV!$E$2) -> 1 | F22: =E22*$T$10 -> 98000 | G22: =SUMIFS(XUẤT!Q:Q,XUẤT!N:N,CBCNV!B22,XUẤT!O:O,CBCNV!$G$2) -> 0 | H22: =G22*$T$8 -> 0 | I22: =SUMIFS(XUẤT!R:R,XUẤT!N:N,CBCNV!B22,XUẤT!O:O,CBCNV!$I$2) -> 10 | J22: =I22*$T$9 -> 930000 | K22: =SUMIFS(XUẤT!S:S,XUẤT!N:N,CBCNV!B22,XUẤT!O:O,CBCNV!$K$2) -> 0 | L22: =K22*$T$11 -> 0 | M22: =SUMIFS(XUẤT!T:T,XUẤT!N:N,CBCNV!B22,XUẤT!O:O,CBCNV!$M$2) -> 0 | N22: =M22*$T$12 -> 0 | O22: =SUMIFS(XUẤT!U:U,XUẤT!N:N,CBCNV!B22,XUẤT!O:O,CBCNV!$O$2) -> 0 | P22: =O22*$T$13 -> 0
A23: 17 | B23: Vũ Hữu Hoàng | C23: CN quản lý | D23: Văn phòng | E23: =SUMIFS(XUẤT!P:P,XUẤT!N:N,CBCNV!B23,XUẤT!O:O,CBCNV!$E$2) -> 0 | F23: =E23*$T$10 -> 0 | G23: =SUMIFS(XUẤT!Q:Q,XUẤT!N:N,CBCNV!B23,XUẤT!O:O,CBCNV!$G$2) -> 0 | H23: =G23*$T$8 -> 0 | I23: =SUMIFS(XUẤT!R:R,XUẤT!N:N,CBCNV!B23,XUẤT!O:O,CBCNV!$I$2) -> 0 | J23: =I23*$T$9 -> 0 | K23: =SUMIFS(XUẤT!S:S,XUẤT!N:N,CBCNV!B23,XUẤT!O:O,CBCNV!$K$2) -> 0 | L23: =K23*$T$11 -> 0 | M23: =SUMIFS(XUẤT!T:T,XUẤT!N:N,CBCNV!B23,XUẤT!O:O,CBCNV!$M$2) -> 0 | N23: =M23*$T$12 -> 0 | O23: =SUMIFS(XUẤT!U:U,XUẤT!N:N,CBCNV!B23,XUẤT!O:O,CBCNV!$O$2) -> 0 | P23: =O23*$T$13 -> 0
A24: 18 | B24: Lê Như Hùng | C24: NV kiểm tra | D24: Văn phòng | E24: =SUMIFS(XUẤT!P:P,XUẤT!N:N,CBCNV!B24,XUẤT!O:O,CBCNV!$E$2) -> 0 | F24: =E24*$T$10 -> 0 | G24: =SUMIFS(XUẤT!Q:Q,XUẤT!N:N,CBCNV!B24,XUẤT!O:O,CBCNV!$G$2) -> 0 | H24: =G24*$T$8 -> 0 | I24: =SUMIFS(XUẤT!R:R,XUẤT!N:N,CBCNV!B24,XUẤT!O:O,CBCNV!$I$2) -> 0 | J24: =I24*$T$9 -> 0 | K24: =SUMIFS(XUẤT!S:S,XUẤT!N:N,CBCNV!B24,XUẤT!O:O,CBCNV!$K$2) -> 0 | L24: =K24*$T$11 -> 0 | M24: =SUMIFS(XUẤT!T:T,XUẤT!N:N,CBCNV!B24,XUẤT!O:O,CBCNV!$M$2) -> 0 | N24: =M24*$T$12 -> 0 | O24: =SUMIFS(XUẤT!U:U,XUẤT!N:N,CBCNV!B24,XUẤT!O:O,CBCNV!$O$2) -> 0 | P24: =O24*$T$13 -> 0
A25: 19 | B25: Vũ Văn Thảo | C25: NV kiểm tra | D25: Văn phòng | E25: =SUMIFS(XUẤT!P:P,XUẤT!N:N,CBCNV!B25,XUẤT!O:O,CBCNV!$E$2) -> 0 | F25: =E25*$T$10 -> 0 | G25: =SUMIFS(XUẤT!Q:Q,XUẤT!N:N,CBCNV!B25,XUẤT!O:O,CBCNV!$G$2) -> 0 | H25: =G25*$T$8 -> 0 | I25: =SUMIFS(XUẤT!R:R,XUẤT!N:N,CBCNV!B25,XUẤT!O:O,CBCNV!$I$2) -> 0 | J25: =I25*$T$9 -> 0 | K25: =SUMIFS(XUẤT!S:S,XUẤT!N:N,CBCNV!B25,XUẤT!O:O,CBCNV!$K$2) -> 0 | L25: =K25*$T$11 -> 0 | M25: =SUMIFS(XUẤT!T:T,XUẤT!N:N,CBCNV!B25,XUẤT!O:O,CBCNV!$M$2) -> 0 | N25: =M25*$T$12 -> 0 | O25: =SUMIFS(XUẤT!U:U,XUẤT!N:N,CBCNV!B25,XUẤT!O:O,CBCNV!$O$2) -> 0 | P25: =O25*$T$13 -> 0
B26: Vũ Thành Long | C26: NVKD | D26: Văn phòng | E26: =SUMIFS(XUẤT!P:P,XUẤT!N:N,CBCNV!B26,XUẤT!O:O,CBCNV!$E$2) -> 5 | F26: =E26*$T$10 -> 490000 | G26: =SUMIFS(XUẤT!Q:Q,XUẤT!N:N,CBCNV!B26,XUẤT!O:O,CBCNV!$G$2) -> 0 | H26: =G26*$T$8 -> 0 | I26: =SUMIFS(XUẤT!R:R,XUẤT!N:N,CBCNV!B26,XUẤT!O:O,CBCNV!$I$2) -> 0 | J26: =I26*$T$9 -> 0 | K26: =SUMIFS(XUẤT!S:S,XUẤT!N:N,CBCNV!B26,XUẤT!O:O,CBCNV!$K$2) -> 0 | L26: =K26*$T$11 -> 0 | M26: =SUMIFS(XUẤT!T:T,XUẤT!N:N,CBCNV!B26,XUẤT!O:O,CBCNV!$M$2) -> 0 | N26: =M26*$T$12 -> 0 | O26: =SUMIFS(XUẤT!U:U,XUẤT!N:N,CBCNV!B26,XUẤT!O:O,CBCNV!$O$2) -> 0 | P26: =O26*$T$13 -> 0
A27: 20 | B27: Trần Thị Thắm | C27: Kế toán chính | D27: Văn phòng | E27: =SUMIFS(XUẤT!P:P,XUẤT!N:N,CBCNV!B27,XUẤT!O:O,CBCNV!$E$2) -> 0 | F27: =E27*$T$10 -> 0 | G27: =SUMIFS(XUẤT!Q:Q,XUẤT!N:N,CBCNV!B27,XUẤT!O:O,CBCNV!$G$2) -> 0 | H27: =G27*$T$8 -> 0 | I27: =SUMIFS(XUẤT!R:R,XUẤT!N:N,CBCNV!B27,XUẤT!O:O,CBCNV!$I$2) -> 0 | J27: =I27*$T$9 -> 0 | K27: =SUMIFS(XUẤT!S:S,XUẤT!N:N,CBCNV!B27,XUẤT!O:O,CBCNV!$K$2) -> 0 | L27: =K27*$T$11 -> 0 | M27: =SUMIFS(XUẤT!T:T,XUẤT!N:N,CBCNV!B27,XUẤT!O:O,CBCNV!$M$2) -> 0 | N27: =M27*$T$12 -> 0 | O27: =SUMIFS(XUẤT!U:U,XUẤT!N:N,CBCNV!B27,XUẤT!O:O,CBCNV!$O$2) -> 0 | P27: =O27*$T$13 -> 0
A28: 21 | B28: Vũ Thị Thúy Phương | C28: NV thủ kho | D28: Văn phòng | E28: =SUMIFS(XUẤT!P:P,XUẤT!N:N,CBCNV!B28,XUẤT!O:O,CBCNV!$E$2) -> 0 | F28: =E28*$T$10 -> 0 | G28: =SUMIFS(XUẤT!Q:Q,XUẤT!N:N,CBCNV!B28,XUẤT!O:O,CBCNV!$G$2) -> 0 | H28: =G28*$T$8 -> 0 | I28: =SUMIFS(XUẤT!R:R,XUẤT!N:N,CBCNV!B28,XUẤT!O:O,CBCNV!$I$2) -> 0 | J28: =I28*$T$9 -> 0 | K28: =SUMIFS(XUẤT!S:S,XUẤT!N:N,CBCNV!B28,XUẤT!O:O,CBCNV!$K$2) -> 0 | L28: =K28*$T$11 -> 0 | M28: =SUMIFS(XUẤT!T:T,XUẤT!N:N,CBCNV!B28,XUẤT!O:O,CBCNV!$M$2) -> 0 | N28: =M28*$T$12 -> 0 | O28: =SUMIFS(XUẤT!U:U,XUẤT!N:N,CBCNV!B28,XUẤT!O:O,CBCNV!$O$2) -> 0 | P28: =O28*$T$13 -> 0
A29: 22 | B29: Lê Hoàng Anh | C29: NV kế toán | D29: Văn phòng | E29: =SUMIFS(XUẤT!P:P,XUẤT!N:N,CBCNV!B29,XUẤT!O:O,CBCNV!$E$2) -> 1 | F29: =E29*$T$10 -> 98000 | G29: =SUMIFS(XUẤT!Q:Q,XUẤT!N:N,CBCNV!B29,XUẤT!O:O,CBCNV!$G$2) -> 0 | H29: =G29*$T$8 -> 0 | I29: =SUMIFS(XUẤT!R:R,XUẤT!N:N,CBCNV!B29,XUẤT!O:O,CBCNV!$I$2) -> 0 | J29: =I29*$T$9 -> 0 | K29: =SUMIFS(XUẤT!S:S,XUẤT!N:N,CBCNV!B29,XUẤT!O:O,CBCNV!$K$2) -> 0 | L29: =K29*$T$11 -> 0 | M29: =SUMIFS(XUẤT!T:T,XUẤT!N:N,CBCNV!B29,XUẤT!O:O,CBCNV!$M$2) -> 0 | N29: =M29*$T$12 -> 0 | O29: =SUMIFS(XUẤT!U:U,XUẤT!N:N,CBCNV!B29,XUẤT!O:O,CBCNV!$O$2) -> 0 | P29: =O29*$T$13 -> 0
A30: 23 | B30: Phạm Thị Bích Hằng | C30: NV kế toán | D30: Văn phòng | E30: =SUMIFS(XUẤT!P:P,XUẤT!N:N,CBCNV!B30,XUẤT!O:O,CBCNV!$E$2) -> 0 | F30: =E30*$T$10 -> 0 | G30: =SUMIFS(XUẤT!Q:Q,XUẤT!N:N,CBCNV!B30,XUẤT!O:O,CBCNV!$G$2) -> 0 | H30: =G30*$T$8 -> 0 | I30: =SUMIFS(XUẤT!R:R,XUẤT!N:N,CBCNV!B30,XUẤT!O:O,CBCNV!$I$2) -> 0 | J30: =I30*$T$9 -> 0 | K30: =SUMIFS(XUẤT!S:S,XUẤT!N:N,CBCNV!B30,XUẤT!O:O,CBCNV!$K$2) -> 0 | L30: =K30*$T$11 -> 0 | M30: =SUMIFS(XUẤT!T:T,XUẤT!N:N,CBCNV!B30,XUẤT!O:O,CBCNV!$M$2) -> 0 | N30: =M30*$T$12 -> 0 | O30: =SUMIFS(XUẤT!U:U,XUẤT!N:N,CBCNV!B30,XUẤT!O:O,CBCNV!$O$2) -> 0 | P30: =O30*$T$13 -> 0
A31: 24 | B31: Đỗ Thị Thu Hoàn | C31: NV kế toán | D31: Văn phòng | E31: =SUMIFS(XUẤT!P:P,XUẤT!N:N,CBCNV!B31,XUẤT!O:O,CBCNV!$E$2) -> 0 | F31: =E31*$T$10 -> 0 | G31: =SUMIFS(XUẤT!Q:Q,XUẤT!N:N,CBCNV!B31,XUẤT!O:O,CBCNV!$G$2) -> 0 | H31: =G31*$T$8 -> 0 | I31: =SUMIFS(XUẤT!R:R,XUẤT!N:N,CBCNV!B31,XUẤT!O:O,CBCNV!$I$2) -> 0 | J31: =I31*$T$9 -> 0 | K31: =SUMIFS(XUẤT!S:S,XUẤT!N:N,CBCNV!B31,XUẤT!O:O,CBCNV!$K$2) -> 0 | L31: =K31*$T$11 -> 0 | M31: =SUMIFS(XUẤT!T:T,XUẤT!N:N,CBCNV!B31,XUẤT!O:O,CBCNV!$M$2) -> 0 | N31: =M31*$T$12 -> 0 | O31: =SUMIFS(XUẤT!U:U,XUẤT!N:N,CBCNV!B31,XUẤT!O:O,CBCNV!$O$2) -> 0 | P31: =O31*$T$13 -> 0
A32: 25 | B32: Nguyễn Thị Thu Quyên | C32: NV kế toán | D32: Văn phòng | E32: =SUMIFS(XUẤT!P:P,XUẤT!N:N,CBCNV!B32,XUẤT!O:O,CBCNV!$E$2) -> 0 | F32: =E32*$T$10 -> 0 | G32: =SUMIFS(XUẤT!Q:Q,XUẤT!N:N,CBCNV!B32,XUẤT!O:O,CBCNV!$G$2) -> 0 | H32: =G32*$T$8 -> 0 | I32: =SUMIFS(XUẤT!R:R,XUẤT!N:N,CBCNV!B32,XUẤT!O:O,CBCNV!$I$2) -> 0 | J32: =I32*$T$9 -> 0 | K32: =SUMIFS(XUẤT!S:S,XUẤT!N:N,CBCNV!B32,XUẤT!O:O,CBCNV!$K$2) -> 0 | L32: =K32*$T$11 -> 0 | M32: =SUMIFS(XUẤT!T:T,XUẤT!N:N,CBCNV!B32,XUẤT!O:O,CBCNV!$M$2) -> 0 | N32: =M32*$T$12 -> 0 | O32: =SUMIFS(XUẤT!U:U,XUẤT!N:N,CBCNV!B32,XUẤT!O:O,CBCNV!$O$2) -> 0 | P32: =O32*$T$13 -> 0
A33: 26 | B33: Ngô Thị Vân Anh | C33: PT. Quản trị | D33: Văn phòng | E33: =SUMIFS(XUẤT!P:P,XUẤT!N:N,CBCNV!B33,XUẤT!O:O,CBCNV!$E$2) -> 10 | F33: =E33*$T$10 -> 980000 | G33: =SUMIFS(XUẤT!Q:Q,XUẤT!N:N,CBCNV!B33,XUẤT!O:O,CBCNV!$G$2) -> 0 | H33: =G33*$T$8 -> 0 | I33: =SUMIFS(XUẤT!R:R,XUẤT!N:N,CBCNV!B33,XUẤT!O:O,CBCNV!$I$2) -> 0 | J33: =I33*$T$9 -> 0 | K33: =SUMIFS(XUẤT!S:S,XUẤT!N:N,CBCNV!B33,XUẤT!O:O,CBCNV!$K$2) -> 0 | L33: =K33*$T$11 -> 0 | M33: =SUMIFS(XUẤT!T:T,XUẤT!N:N,CBCNV!B33,XUẤT!O:O,CBCNV!$M$2) -> 0 | N33: =M33*$T$12 -> 0 | O33: =SUMIFS(XUẤT!U:U,XUẤT!N:N,CBCNV!B33,XUẤT!O:O,CBCNV!$O$2) -> 0 | P33: =O33*$T$13 -> 0
A34: 27 | B34: Nguyễn Thị Lan | C34: NV Đảng - Đoàn | D34: Văn phòng | E34: =SUMIFS(XUẤT!P:P,XUẤT!N:N,CBCNV!B34,XUẤT!O:O,CBCNV!$E$2) -> 0 | F34: =E34*$T$10 -> 0 | G34: =SUMIFS(XUẤT!Q:Q,XUẤT!N:N,CBCNV!B34,XUẤT!O:O,CBCNV!$G$2) -> 20 | H34: =G34*$T$8 -> 1700000 | I34: =SUMIFS(XUẤT!R:R,XUẤT!N:N,CBCNV!B34,XUẤT!O:O,CBCNV!$I$2) -> 0 | J34: =I34*$T$9 -> 0 | K34: =SUMIFS(XUẤT!S:S,XUẤT!N:N,CBCNV!B34,XUẤT!O:O,CBCNV!$K$2) -> 0 | L34: =K34*$T$11 -> 0 | M34: =SUMIFS(XUẤT!T:T,XUẤT!N:N,CBCNV!B34,XUẤT!O:O,CBCNV!$M$2) -> 0 | N34: =M34*$T$12 -> 0 | O34: =SUMIFS(XUẤT!U:U,XUẤT!N:N,CBCNV!B34,XUẤT!O:O,CBCNV!$O$2) -> 0 | P34: =O34*$T$13 -> 0
A35: 28 | B35: Nguyễn Thị Ngọc Chung | C35: Thủ quỹ - HC | D35: Văn phòng | E35: =SUMIFS(XUẤT!P:P,XUẤT!N:N,CBCNV!B35,XUẤT!O:O,CBCNV!$E$2) -> 0 | F35: =E35*$T$10 -> 0 | G35: =SUMIFS(XUẤT!Q:Q,XUẤT!N:N,CBCNV!B35,XUẤT!O:O,CBCNV!$G$2) -> 4 | H35: =G35*$T$8 -> 340000 | I35: =SUMIFS(XUẤT!R:R,XUẤT!N:N,CBCNV!B35,XUẤT!O:O,CBCNV!$I$2) -> 0 | J35: =I35*$T$9 -> 0 | K35: =SUMIFS(XUẤT!S:S,XUẤT!N:N,CBCNV!B35,XUẤT!O:O,CBCNV!$K$2) -> 0 | L35: =K35*$T$11 -> 0 | M35: =SUMIFS(XUẤT!T:T,XUẤT!N:N,CBCNV!B35,XUẤT!O:O,CBCNV!$M$2) -> 0 | N35: =M35*$T$12 -> 0 | O35: =SUMIFS(XUẤT!U:U,XUẤT!N:N,CBCNV!B35,XUẤT!O:O,CBCNV!$O$2) -> 0 | P35: =O35*$T$13 -> 0
A36: 29 | B36: Bùi Thị Diệu Linh | C36: NV LĐTL | D36: Văn phòng | E36: =SUMIFS(XUẤT!P:P,XUẤT!N:N,CBCNV!B36,XUẤT!O:O,CBCNV!$E$2) -> 0 | F36: =E36*$T$10 -> 0 | G36: =SUMIFS(XUẤT!Q:Q,XUẤT!N:N,CBCNV!B36,XUẤT!O:O,CBCNV!$G$2) -> 0 | H36: =G36*$T$8 -> 0 | I36: =SUMIFS(XUẤT!R:R,XUẤT!N:N,CBCNV!B36,XUẤT!O:O,CBCNV!$I$2) -> 0 | J36: =I36*$T$9 -> 0 | K36: =SUMIFS(XUẤT!S:S,XUẤT!N:N,CBCNV!B36,XUẤT!O:O,CBCNV!$K$2) -> 0 | L36: =K36*$T$11 -> 0 | M36: =SUMIFS(XUẤT!T:T,XUẤT!N:N,CBCNV!B36,XUẤT!O:O,CBCNV!$M$2) -> 0 | N36: =M36*$T$12 -> 0 | O36: =SUMIFS(XUẤT!U:U,XUẤT!N:N,CBCNV!B36,XUẤT!O:O,CBCNV!$O$2) -> 0 | P36: =O36*$T$13 -> 0
A37: 30 | B37: Đỗ Thị Hiền | C37: NV LĐTL | D37: Văn phòng | E37: =SUMIFS(XUẤT!P:P,XUẤT!N:N,CBCNV!B37,XUẤT!O:O,CBCNV!$E$2) -> 0 | F37: =E37*$T$10 -> 0 | G37: =SUMIFS(XUẤT!Q:Q,XUẤT!N:N,CBCNV!B37,XUẤT!O:O,CBCNV!$G$2) -> 0 | H37: =G37*$T$8 -> 0 | I37: =SUMIFS(XUẤT!R:R,XUẤT!N:N,CBCNV!B37,XUẤT!O:O,CBCNV!$I$2) -> 0 | J37: =I37*$T$9 -> 0 | K37: =SUMIFS(XUẤT!S:S,XUẤT!N:N,CBCNV!B37,XUẤT!O:O,CBCNV!$K$2) -> 0 | L37: =K37*$T$11 -> 0 | M37: =SUMIFS(XUẤT!T:T,XUẤT!N:N,CBCNV!B37,XUẤT!O:O,CBCNV!$M$2) -> 0 | N37: =M37*$T$12 -> 0 | O37: =SUMIFS(XUẤT!U:U,XUẤT!N:N,CBCNV!B37,XUẤT!O:O,CBCNV!$O$2) -> 0 | P37: =O37*$T$13 -> 0
A38: 31 | B38: Phạm Thu Quỳnh | C38: CN tạp vụ | D38: Văn phòng | E38: =SUMIFS(XUẤT!P:P,XUẤT!N:N,CBCNV!B38,XUẤT!O:O,CBCNV!$E$2) -> 23 | F38: =E38*$T$10 -> 2254000 | G38: =SUMIFS(XUẤT!Q:Q,XUẤT!N:N,CBCNV!B38,XUẤT!O:O,CBCNV!$G$2) -> 0 | H38: =G38*$T$8 -> 0 | I38: =SUMIFS(XUẤT!R:R,XUẤT!N:N,CBCNV!B38,XUẤT!O:O,CBCNV!$I$2) -> 0 | J38: =I38*$T$9 -> 0 | K38: =SUMIFS(XUẤT!S:S,XUẤT!N:N,CBCNV!B38,XUẤT!O:O,CBCNV!$K$2) -> 0 | L38: =K38*$T$11 -> 0 | M38: =SUMIFS(XUẤT!T:T,XUẤT!N:N,CBCNV!B38,XUẤT!O:O,CBCNV!$M$2) -> 0 | N38: =M38*$T$12 -> 0 | O38: =SUMIFS(XUẤT!U:U,XUẤT!N:N,CBCNV!B38,XUẤT!O:O,CBCNV!$O$2) -> 0 | P38: =O38*$T$13 -> 0
... A48: 41 | B48: Bùi Văn Tình | C48: NV kỹ thuật | D48: Văn phòng | E48: =SUMIFS(XUẤT!P:P,XUẤT!N:N,CBCNV!B48,XUẤT!O:O,CBCNV!$E$2) -> 0 | F48: =E48*$T$10 -> 0 | G48: =SUMIFS(XUẤT!Q:Q,XUẤT!N:N,CBCNV!B48,XUẤT!O:O,CBCNV!$G$2) -> 0 | H48: =G48*$T$8 -> 0 | I48: =SUMIFS(XUẤT!R:R,XUẤT!N:N,CBCNV!B48,XUẤT!O:O,CBCNV!$I$2) -> 0 | J48: =I48*$T$9 -> 0 | K48: =SUMIFS(XUẤT!S:S,XUẤT!N:N,CBCNV!B48,XUẤT!O:O,CBCNV!$K$2) -> 0 | L48: =K48*$T$11 -> 0 | M48: =SUMIFS(XUẤT!T:T,XUẤT!N:N,CBCNV!B48,XUẤT!O:O,CBCNV!$M$2) -> 0 | N48: =M48*$T$12 -> 0 | O48: =SUMIFS(XUẤT!U:U,XUẤT!N:N,CBCNV!B48,XUẤT!O:O,CBCNV!$O$2) -> 0 | P48: =O48*$T$13 -> 0
A49: 42 | C49: NV kỹ thuật | D49: Văn phòng | E49: =SUMIFS(XUẤT!P:P,XUẤT!N:N,XUẤT!N250,XUẤT!O:O,CBCNV!$E$2) -> 30 | F49: =E49*$T$10 -> 2940000 | G49: =SUMIFS(XUẤT!Q:Q,XUẤT!N:N,XUẤT!N250,XUẤT!O:O,CBCNV!$G$2) -> 0 | H49: =G49*$T$8 -> 0 | I49: =SUMIFS(XUẤT!R:R,XUẤT!N:N,XUẤT!N250,XUẤT!O:O,CBCNV!$I$2) -> 0 | J49: =I49*$T$9 -> 0 | K49: =SUMIFS(XUẤT!S:S,XUẤT!N:N,XUẤT!N250,XUẤT!O:O,CBCNV!$K$2) -> 0 | L49: =K49*$T$11 -> 0 | M49: =SUMIFS(XUẤT!T:T,XUẤT!N:N,XUẤT!N250,XUẤT!O:O,CBCNV!$M$2) -> 0 | N49: =M49*$T$12 -> 0 | O49: =SUMIFS(XUẤT!U:U,XUẤT!N:N,XUẤT!N250,XUẤT!O:O,CBCNV!$O$2) -> 0 | P49: =O49*$T$13 -> 0
A50: 43 | B50: Khổng Thị Thu Trang | C50: NV kỹ thuật | D50: Văn phòng | E50: =SUMIFS(XUẤT!P:P,XUẤT!N:N,CBCNV!B50,XUẤT!O:O,CBCNV!$E$2) -> 0 | F50: =E50*$T$10 -> 0 | G50: =SUMIFS(XUẤT!Q:Q,XUẤT!N:N,CBCNV!B50,XUẤT!O:O,CBCNV!$G$2) -> 0 | H50: =G50*$T$8 -> 0 | I50: =SUMIFS(XUẤT!R:R,XUẤT!N:N,CBCNV!B50,XUẤT!O:O,CBCNV!$I$2) -> 0 | J50: =I50*$T$9 -> 0 | K50: =SUMIFS(XUẤT!S:S,XUẤT!N:N,CBCNV!B50,XUẤT!O:O,CBCNV!$K$2) -> 0 | L50: =K50*$T$11 -> 0 | M50: =SUMIFS(XUẤT!T:T,XUẤT!N:N,CBCNV!B50,XUẤT!O:O,CBCNV!$M$2) -> 0 | N50: =M50*$T$12 -> 0 | O50: =SUMIFS(XUẤT!U:U,XUẤT!N:N,CBCNV!B50,XUẤT!O:O,CBCNV!$O$2) -> 0 | P50: =O50*$T$13 -> 0
A51: 44 | B51: Mạc Anh Tuấn | C51: NV kỹ thuật điện | D51: Văn phòng | E51: =SUMIFS(XUẤT!P:P,XUẤT!N:N,CBCNV!B51,XUẤT!O:O,CBCNV!$E$2) -> 2 | F51: =E51*$T$10 -> 196000 | G51: =SUMIFS(XUẤT!Q:Q,XUẤT!N:N,CBCNV!B51,XUẤT!O:O,CBCNV!$G$2) -> 0 | H51: =G51*$T$8 -> 0 | I51: =SUMIFS(XUẤT!R:R,XUẤT!N:N,CBCNV!B51,XUẤT!O:O,CBCNV!$I$2) -> 0 | J51: =I51*$T$9 -> 0 | K51: =SUMIFS(XUẤT!S:S,XUẤT!N:N,CBCNV!B51,XUẤT!O:O,CBCNV!$K$2) -> 0 | L51: =K51*$T$11 -> 0 | M51: =SUMIFS(XUẤT!T:T,XUẤT!N:N,CBCNV!B51,XUẤT!O:O,CBCNV!$M$2) -> 5 | N51: =M51*$T$12 -> 260000 | O51: =SUMIFS(XUẤT!U:U,XUẤT!N:N,CBCNV!B51,XUẤT!O:O,CBCNV!$O$2) -> 0 | P51: =O51*$T$13 -> 0
A52: 45 | B52: Phạm Vũ Quyền | C52: NV kỹ thuật | D52: Văn phòng | E52: =SUMIFS(XUẤT!P:P,XUẤT!N:N,CBCNV!B52,XUẤT!O:O,CBCNV!$E$2) -> 0 | F52: =E52*$T$10 -> 0 | G52: =SUMIFS(XUẤT!Q:Q,XUẤT!N:N,CBCNV!B52,XUẤT!O:O,CBCNV!$G$2) -> 0 | H52: =G52*$T$8 -> 0 | I52: =SUMIFS(XUẤT!R:R,XUẤT!N:N,CBCNV!B52,XUẤT!O:O,CBCNV!$I$2) -> 0 | J52: =I52*$T$9 -> 0 | K52: =SUMIFS(XUẤT!S:S,XUẤT!N:N,CBCNV!B52,XUẤT!O:O,CBCNV!$K$2) -> 0 | L52: =K52*$T$11 -> 0 | M52: =SUMIFS(XUẤT!T:T,XUẤT!N:N,CBCNV!B52,XUẤT!O:O,CBCNV!$M$2) -> 0 | N52: =M52*$T$12 -> 0 | O52: =SUMIFS(XUẤT!U:U,XUẤT!N:N,CBCNV!B52,XUẤT!O:O,CBCNV!$O$2) -> 0 | P52: =O52*$T$13 -> 0
A53: 46 | B53: Bùi Ngọc Nguyên | C53: NV kỹ thuật CTT | D53: Văn phòng | E53: =SUMIFS(XUẤT!P:P,XUẤT!N:N,CBCNV!B53,XUẤT!O:O,CBCNV!$E$2) -> 4 | F53: =E53*$T$10 -> 392000 | G53: =SUMIFS(XUẤT!Q:Q,XUẤT!N:N,CBCNV!B53,XUẤT!O:O,CBCNV!$G$2) -> 0 | H53: =G53*$T$8 -> 0 | I53: =SUMIFS(XUẤT!R:R,XUẤT!N:N,CBCNV!B53,XUẤT!O:O,CBCNV!$I$2) -> 0 | J53: =I53*$T$9 -> 0 | K53: =SUMIFS(XUẤT!S:S,XUẤT!N:N,CBCNV!B53,XUẤT!O:O,CBCNV!$K$2) -> 0 | L53: =K53*$T$11 -> 0 | M53: =SUMIFS(XUẤT!T:T,XUẤT!N:N,CBCNV!B53,XUẤT!O:O,CBCNV!$M$2) -> 0 | N53: =M53*$T$12 -> 0 | O53: =SUMIFS(XUẤT!U:U,XUẤT!N:N,CBCNV!B53,XUẤT!O:O,CBCNV!$O$2) -> 0 | P53: =O53*$T$13 -> 0
A54: 47 | B54: Phạm Lan Hương | C54: NV kỹ thuật Vật tư | D54: Văn phòng | E54: =SUMIFS(XUẤT!P:P,XUẤT!N:N,CBCNV!B54,XUẤT!O:O,CBCNV!$E$2) -> 10 | F54: =E54*$T$10 -> 980000 | G54: =SUMIFS(XUẤT!Q:Q,XUẤT!N:N,CBCNV!B54,XUẤT!O:O,CBCNV!$G$2) -> 0 | H54: =G54*$T$8 -> 0 | I54: =SUMIFS(XUẤT!R:R,XUẤT!N:N,CBCNV!B54,XUẤT!O:O,CBCNV!$I$2) -> 0 | J54: =I54*$T$9 -> 0 | K54: =SUMIFS(XUẤT!S:S,XUẤT!N:N,CBCNV!B54,XUẤT!O:O,CBCNV!$K$2) -> 0 | L54: =K54*$T$11 -> 0 | M54: =SUMIFS(XUẤT!T:T,XUẤT!N:N,CBCNV!B54,XUẤT!O:O,CBCNV!$M$2) -> 0 | N54: =M54*$T$12 -> 0 | O54: =SUMIFS(XUẤT!U:U,XUẤT!N:N,CBCNV!B54,XUẤT!O:O,CBCNV!$O$2) -> 0 | P54: =O54*$T$13 -> 0
A55: 48 | B55: Phạm Tuyết Dung | C55: NV kỹ thuật | D55: Văn phòng | E55: =SUMIFS(XUẤT!P:P,XUẤT!N:N,CBCNV!B55,XUẤT!O:O,CBCNV!$E$2) -> 0 | F55: =E55*$T$10 -> 0 | G55: =SUMIFS(XUẤT!Q:Q,XUẤT!N:N,CBCNV!B55,XUẤT!O:O,CBCNV!$G$2) -> 0 | H55: =G55*$T$8 -> 0 | I55: =SUMIFS(XUẤT!R:R,XUẤT!N:N,CBCNV!B55,XUẤT!O:O,CBCNV!$I$2) -> 0 | J55: =I55*$T$9 -> 0 | K55: =SUMIFS(XUẤT!S:S,XUẤT!N:N,CBCNV!B55,XUẤT!O:O,CBCNV!$K$2) -> 0 | L55: =K55*$T$11 -> 0 | M55: =SUMIFS(XUẤT!T:T,XUẤT!N:N,CBCNV!B55,XUẤT!O:O,CBCNV!$M$2) -> 0 | N55: =M55*$T$12 -> 0 | O55: =SUMIFS(XUẤT!U:U,XUẤT!N:N,CBCNV!B55,XUẤT!O:O,CBCNV!$O$2) -> 0 | P55: =O55*$T$13 -> 0
A56: 49 | B56: Vi Đức Độ | C56: NV KT điện | D56: Văn phòng | E56: =SUMIFS(XUẤT!P:P,XUẤT!N:N,CBCNV!B56,XUẤT!O:O,CBCNV!$E$2) -> 0 | F56: =E56*$T$10 -> 0 | G56: =SUMIFS(XUẤT!Q:Q,XUẤT!N:N,CBCNV!B56,XUẤT!O:O,CBCNV!$G$2) -> 0 | H56: =G56*$T$8 -> 0 | I56: =SUMIFS(XUẤT!R:R,XUẤT!N:N,CBCNV!B56,XUẤT!O:O,CBCNV!$I$2) -> 0 | J56: =I56*$T$9 -> 0 | K56: =SUMIFS(XUẤT!S:S,XUẤT!N:N,CBCNV!B56,XUẤT!O:O,CBCNV!$K$2) -> 0 | L56: =K56*$T$11 -> 0 | M56: =SUMIFS(XUẤT!T:T,XUẤT!N:N,CBCNV!B56,XUẤT!O:O,CBCNV!$M$2) -> 0 | N56: =M56*$T$12 -> 0 | O56: =SUMIFS(XUẤT!U:U,XUẤT!N:N,CBCNV!B56,XUẤT!O:O,CBCNV!$O$2) -> 0 | P56: =O56*$T$13 -> 0
A57: 50 | B57: Đinh Thu Huế | C57: CN nước lọc | D57: Văn phòng | E57: =SUMIFS(XUẤT!P:P,XUẤT!N:N,CBCNV!B57,XUẤT!O:O,CBCNV!$E$2) -> 143 | F57: =E57*$T$10 -> 14014000 | G57: =SUMIFS(XUẤT!Q:Q,XUẤT!N:N,CBCNV!B57,XUẤT!O:O,CBCNV!$G$2) -> 20 | H57: =G57*$T$8 -> 1700000 | I57: =SUMIFS(XUẤT!R:R,XUẤT!N:N,CBCNV!B57,XUẤT!O:O,CBCNV!$I$2) -> 0 | J57: =I57*$T$9 -> 0 | K57: =SUMIFS(XUẤT!S:S,XUẤT!N:N,CBCNV!B57,XUẤT!O:O,CBCNV!$K$2) -> 0 | L57: =K57*$T$11 -> 0 | M57: =SUMIFS(XUẤT!T:T,XUẤT!N:N,CBCNV!B57,XUẤT!O:O,CBCNV!$M$2) -> 8 | N57: =M57*$T$12 -> 416000 | O57: =SUMIFS(XUẤT!U:U,XUẤT!N:N,CBCNV!B57,XUẤT!O:O,CBCNV!$O$2) -> 24 | P57: =O57*$T$13 -> 1152000
A58: 51 | B58: Trần Ánh Nguyệt | C58: CN nước lọc | D58: Văn phòng | E58: =SUMIFS(XUẤT!P:P,XUẤT!N:N,CBCNV!B58,XUẤT!O:O,CBCNV!$E$2) -> 0 | F58: =E58*$T$10 -> 0 | G58: =SUMIFS(XUẤT!Q:Q,XUẤT!N:N,CBCNV!B58,XUẤT!O:O,CBCNV!$G$2) -> 0 | H58: =G58*$T$8 -> 0 | I58: =SUMIFS(XUẤT!R:R,XUẤT!N:N,CBCNV!B58,XUẤT!O:O,CBCNV!$I$2) -> 0 | J58: =I58*$T$9 -> 0 | K58: =SUMIFS(XUẤT!S:S,XUẤT!N:N,CBCNV!B58,XUẤT!O:O,CBCNV!$K$2) -> 0 | L58: =K58*$T$11 -> 0 | M58: =SUMIFS(XUẤT!T:T,XUẤT!N:N,CBCNV!B58,XUẤT!O:O,CBCNV!$M$2) -> 0 | N58: =M58*$T$12 -> 0 | O58: =SUMIFS(XUẤT!U:U,XUẤT!N:N,CBCNV!B58,XUẤT!O:O,CBCNV!$O$2) -> 0 | P58: =O58*$T$13 -> 0
A59: 52 | B59: Nguyễn Quốc Hưng | C59: Trạm trưởng | D59: Hà Tu | E59: =SUMIFS(XUẤT!P:P,XUẤT!N:N,CBCNV!B59,XUẤT!O:O,CBCNV!$E$2) -> 90 | F59: =E59*$T$10 -> 8820000 | G59: =SUMIFS(XUẤT!Q:Q,XUẤT!N:N,CBCNV!B59,XUẤT!O:O,CBCNV!$G$2) -> 0 | H59: =G59*$T$8 -> 0 | I59: =SUMIFS(XUẤT!R:R,XUẤT!N:N,CBCNV!B59,XUẤT!O:O,CBCNV!$I$2) -> 0 | J59: =I59*$T$9 -> 0 | K59: =SUMIFS(XUẤT!S:S,XUẤT!N:N,CBCNV!B59,XUẤT!O:O,CBCNV!$K$2) -> 0 | L59: =K59*$T$11 -> 0 | M59: =SUMIFS(XUẤT!T:T,XUẤT!N:N,CBCNV!B59,XUẤT!O:O,CBCNV!$M$2) -> 0 | N59: =M59*$T$12 -> 0 | O59: =SUMIFS(XUẤT!U:U,XUẤT!N:N,CBCNV!B59,XUẤT!O:O,CBCNV!$O$2) -> 0 | P59: =O59*$T$13 -> 0
A60: 53 | B60: Vương Xuân Hùng | C60: Trạm phó | D60: Hà Tu | E60: =SUMIFS(XUẤT!P:P,XUẤT!N:N,CBCNV!B60,XUẤT!O:O,CBCNV!$E$2) -> 0 | F60: =E60*$T$10 -> 0 | G60: =SUMIFS(XUẤT!Q:Q,XUẤT!N:N,CBCNV!B60,XUẤT!O:O,CBCNV!$G$2) -> 0 | H60: =G60*$T$8 -> 0 | I60: =SUMIFS(XUẤT!R:R,XUẤT!N:N,CBCNV!B60,XUẤT!O:O,CBCNV!$I$2) -> 0 | J60: =I60*$T$9 -> 0 | K60: =SUMIFS(XUẤT!S:S,XUẤT!N:N,CBCNV!B60,XUẤT!O:O,CBCNV!$K$2) -> 0 | L60: =K60*$T$11 -> 0 | M60: =SUMIFS(XUẤT!T:T,XUẤT!N:N,CBCNV!B60,XUẤT!O:O,CBCNV!$M$2) -> 0 | N60: =M60*$T$12 -> 0 | O60: =SUMIFS(XUẤT!U:U,XUẤT!N:N,CBCNV!B60,XUẤT!O:O,CBCNV!$O$2) -> 0 | P60: =O60*$T$13 -> 0
A61: 54 | B61: Nguyễn Văn Sơn | C61: Trạm phó | D61: Hà Tu | E61: =SUMIFS(XUẤT!P:P,XUẤT!N:N,CBCNV!B61,XUẤT!O:O,CBCNV!$E$2) -> 0 | F61: =E61*$T$10 -> 0 | G61: =SUMIFS(XUẤT!Q:Q,XUẤT!N:N,CBCNV!B61,XUẤT!O:O,CBCNV!$G$2) -> 0 | H61: =G61*$T$8 -> 0 | I61: =SUMIFS(XUẤT!R:R,XUẤT!N:N,CBCNV!B61,XUẤT!O:O,CBCNV!$I$2) -> 0 | J61: =I61*$T$9 -> 0 | K61: =SUMIFS(XUẤT!S:S,XUẤT!N:N,CBCNV!B61,XUẤT!O:O,CBCNV!$K$2) -> 0 | L61: =K61*$T$11 -> 0 | M61: =SUMIFS(XUẤT!T:T,XUẤT!N:N,CBCNV!B61,XUẤT!O:O,CBCNV!$M$2) -> 10 | N61: =M61*$T$12 -> 520000 | O61: =SUMIFS(XUẤT!U:U,XUẤT!N:N,CBCNV!B61,XUẤT!O:O,CBCNV!$O$2) -> 30 | P61: =O61*$T$13 -> 1440000
... A88: 81 | B88: Nguyễn Thị Thúy Hằng | C88: CN ghi số | D88: Cao Xanh | E88: =SUMIFS(XUẤT!P:P,XUẤT!N:N,CBCNV!B88,XUẤT!O:O,CBCNV!$E$2) -> 13 | F88: =E88*$T$10 -> 1274000 | G88: =SUMIFS(XUẤT!Q:Q,XUẤT!N:N,CBCNV!B88,XUẤT!O:O,CBCNV!$G$2) -> 0 | H88: =G88*$T$8 -> 0 | I88: =SUMIFS(XUẤT!R:R,XUẤT!N:N,CBCNV!B88,XUẤT!O:O,CBCNV!$I$2) -> 0 | J88: =I88*$T$9 -> 0 | K88: =SUMIFS(XUẤT!S:S,XUẤT!N:N,CBCNV!B88,XUẤT!O:O,CBCNV!$K$2) -> 0 | L88: =K88*$T$11 -> 0 | M88: =SUMIFS(XUẤT!T:T,XUẤT!N:N,CBCNV!B88,XUẤT!O:O,CBCNV!$M$2) -> 0 | N88: =M88*$T$12 -> 0 | O88: =SUMIFS(XUẤT!U:U,XUẤT!N:N,CBCNV!B88,XUẤT!O:O,CBCNV!$O$2) -> 0 | P88: =O88*$T$13 -> 0
A89: 82 | B89: Vũ Thị Tươi | C89: CN VHMB | D89: Cao Xanh | E89: =SUMIFS(XUẤT!P:P,XUẤT!N:N,CBCNV!B89,XUẤT!O:O,CBCNV!$E$2) -> 10 | F89: =E89*$T$10 -> 980000 | G89: =SUMIFS(XUẤT!Q:Q,XUẤT!N:N,CBCNV!B89,XUẤT!O:O,CBCNV!$G$2) -> 0 | H89: =G89*$T$8 -> 0 | I89: =SUMIFS(XUẤT!R:R,XUẤT!N:N,CBCNV!B89,XUẤT!O:O,CBCNV!$I$2) -> 0 | J89: =I89*$T$9 -> 0 | K89: =SUMIFS(XUẤT!S:S,XUẤT!N:N,CBCNV!B89,XUẤT!O:O,CBCNV!$K$2) -> 0 | L89: =K89*$T$11 -> 0 | M89: =SUMIFS(XUẤT!T:T,XUẤT!N:N,CBCNV!B89,XUẤT!O:O,CBCNV!$M$2) -> 7 | N89: =M89*$T$12 -> 364000 | O89: =SUMIFS(XUẤT!U:U,XUẤT!N:N,CBCNV!B89,XUẤT!O:O,CBCNV!$O$2) -> 0 | P89: =O89*$T$13 -> 0 | R89: =E4+G4+I4+K4+M4+O4 -> 1345
A90: 83 | B90: Nguyễn Xuân Hùng | C90: Trạm trưởng | D90: Hạ Long | E90: =SUMIFS(XUẤT!P:P,XUẤT!N:N,CBCNV!B90,XUẤT!O:O,CBCNV!$E$2) -> 40 | F90: =E90*$T$10 -> 3920000 | G90: =SUMIFS(XUẤT!Q:Q,XUẤT!N:N,CBCNV!B90,XUẤT!O:O,CBCNV!$G$2) -> 0 | H90: =G90*$T$8 -> 0 | I90: =SUMIFS(XUẤT!R:R,XUẤT!N:N,CBCNV!B90,XUẤT!O:O,CBCNV!$I$2) -> 0 | J90: =I90*$T$9 -> 0 | K90: =SUMIFS(XUẤT!S:S,XUẤT!N:N,CBCNV!B90,XUẤT!O:O,CBCNV!$K$2) -> 0 | L90: =K90*$T$11 -> 0 | M90: =SUMIFS(XUẤT!T:T,XUẤT!N:N,CBCNV!B90,XUẤT!O:O,CBCNV!$M$2) -> 0 | N90: =M90*$T$12 -> 0 | O90: =SUMIFS(XUẤT!U:U,XUẤT!N:N,CBCNV!B90,XUẤT!O:O,CBCNV!$O$2) -> 0 | P90: =O90*$T$13 -> 0
A91: 84 | B91: Nguyễn Văn Tuyên | C91: Trạm phó | D91: Hạ Long | E91: =SUMIFS(XUẤT!P:P,XUẤT!N:N,CBCNV!B91,XUẤT!O:O,CBCNV!$E$2) -> 0 | F91: =E91*$T$10 -> 0 | G91: =SUMIFS(XUẤT!Q:Q,XUẤT!N:N,CBCNV!B91,XUẤT!O:O,CBCNV!$G$2) -> 0 | H91: =G91*$T$8 -> 0 | I91: =SUMIFS(XUẤT!R:R,XUẤT!N:N,CBCNV!B91,XUẤT!O:O,CBCNV!$I$2) -> 0 | J91: =I91*$T$9 -> 0 | K91: =SUMIFS(XUẤT!S:S,XUẤT!N:N,CBCNV!B91,XUẤT!O:O,CBCNV!$K$2) -> 0 | L91: =K91*$T$11 -> 0 | M91: =SUMIFS(XUẤT!T:T,XUẤT!N:N,CBCNV!B91,XUẤT!O:O,CBCNV!$M$2) -> 0 | N91: =M91*$T$12 -> 0 | O91: =SUMIFS(XUẤT!U:U,XUẤT!N:N,CBCNV!B91,XUẤT!O:O,CBCNV!$O$2) -> 0 | P91: =O91*$T$13 -> 0
A92: 85 | B92: Bùi Ngọc Đàm | C92: Trạm phó | D92: Hạ Long | E92: =SUMIFS(XUẤT!P:P,XUẤT!N:N,CBCNV!B92,XUẤT!O:O,CBCNV!$E$2) -> 10 | F92: =E92*$T$10 -> 980000 | G92: =SUMIFS(XUẤT!Q:Q,XUẤT!N:N,CBCNV!B92,XUẤT!O:O,CBCNV!$G$2) -> 0 | H92: =G92*$T$8 -> 0 | I92: =SUMIFS(XUẤT!R:R,XUẤT!N:N,CBCNV!B92,XUẤT!O:O,CBCNV!$I$2) -> 0 | J92: =I92*$T$9 -> 0 | K92: =SUMIFS(XUẤT!S:S,XUẤT!N:N,CBCNV!B92,XUẤT!O:O,CBCNV!$K$2) -> 0 | L92: =K92*$T$11 -> 0 | M92: =SUMIFS(XUẤT!T:T,XUẤT!N:N,CBCNV!B92,XUẤT!O:O,CBCNV!$M$2) -> 0 | N92: =M92*$T$12 -> 0 | O92: =SUMIFS(XUẤT!U:U,XUẤT!N:N,CBCNV!B92,XUẤT!O:O,CBCNV!$O$2) -> 0 | P92: =O92*$T$13 -> 0
A93: 86 | B93: Vũ Quang Tạo | C93: CN quản lý | D93: Hạ Long | E93: =SUMIFS(XUẤT!P:P,XUẤT!N:N,CBCNV!B93,XUẤT!O:O,CBCNV!$E$2) -> 0 | F93: =E93*$T$10 -> 0 | G93: =SUMIFS(XUẤT!Q:Q,XUẤT!N:N,CBCNV!B93,XUẤT!O:O,CBCNV!$G$2) -> 0 | H93: =G93*$T$8 -> 0 | I93: =SUMIFS(XUẤT!R:R,XUẤT!N:N,CBCNV!B93,XUẤT!O:O,CBCNV!$I$2) -> 0 | J93: =I93*$T$9 -> 0 | K93: =SUMIFS(XUẤT!S:S,XUẤT!N:N,CBCNV!B93,XUẤT!O:O,CBCNV!$K$2) -> 0 | L93: =K93*$T$11 -> 0 | M93: =SUMIFS(XUẤT!T:T,XUẤT!N:N,CBCNV!B93,XUẤT!O:O,CBCNV!$M$2) -> 0 | N93: =M93*$T$12 -> 0 | O93: =SUMIFS(XUẤT!U:U,XUẤT!N:N,CBCNV!B93,XUẤT!O:O,CBCNV!$O$2) -> 0 | P93: =O93*$T$13 -> 0
A94: 87 | B94: Phạm Duy Linh | C94: CN quản lý | D94: Hạ Long | E94: =SUMIFS(XUẤT!P:P,XUẤT!N:N,CBCNV!B94,XUẤT!O:O,CBCNV!$E$2) -> 0 | F94: =E94*$T$10 -> 0 | G94: =SUMIFS(XUẤT!Q:Q,XUẤT!N:N,CBCNV!B94,XUẤT!O:O,CBCNV!$G$2) -> 0 | H94: =G94*$T$8 -> 0 | I94: =SUMIFS(XUẤT!R:R,XUẤT!N:N,CBCNV!B94,XUẤT!O:O,CBCNV!$I$2) -> 0 | J94: =I94*$T$9 -> 0 | K94: =SUMIFS(XUẤT!S:S,XUẤT!N:N,CBCNV!B94,XUẤT!O:O,CBCNV!$K$2) -> 0 | L94: =K94*$T$11 -> 0 | M94: =SUMIFS(XUẤT!T:T,XUẤT!N:N,CBCNV!B94,XUẤT!O:O,CBCNV!$M$2) -> 0 | N94: =M94*$T$12 -> 0 | O94: =SUMIFS(XUẤT!U:U,XUẤT!N:N,CBCNV!B94,XUẤT!O:O,CBCNV!$O$2) -> 0 | P94: =O94*$T$13 -> 0
A95: 88 | B95: Phạm Tiến Dũng | C95: CN quản lý | D95: Hạ Long | E95: =SUMIFS(XUẤT!P:P,XUẤT!N:N,CBCNV!B95,XUẤT!O:O,CBCNV!$E$2) -> 0 | F95: =E95*$T$10 -> 0 | G95: =SUMIFS(XUẤT!Q:Q,XUẤT!N:N,CBCNV!B95,XUẤT!O:O,CBCNV!$G$2) -> 0 | H95: =G95*$T$8 -> 0 | I95: =SUMIFS(XUẤT!R:R,XUẤT!N:N,CBCNV!B95,XUẤT!O:O,CBCNV!$I$2) -> 0 | J95: =I95*$T$9 -> 0 | K95: =SUMIFS(XUẤT!S:S,XUẤT!N:N,CBCNV!B95,XUẤT!O:O,CBCNV!$K$2) -> 0 | L95: =K95*$T$11 -> 0 | M95: =SUMIFS(XUẤT!T:T,XUẤT!N:N,CBCNV!B95,XUẤT!O:O,CBCNV!$M$2) -> 0 | N95: =M95*$T$12 -> 0 | O95: =SUMIFS(XUẤT!U:U,XUẤT!N:N,CBCNV!B95,XUẤT!O:O,CBCNV!$O$2) -> 0 | P95: =O95*$T$13 -> 0
A96: 89 | B96: Lê Anh Đức | C96: CN quản lý | D96: Hạ Long | E96: =SUMIFS(XUẤT!P:P,XUẤT!N:N,CBCNV!B96,XUẤT!O:O,CBCNV!$E$2) -> 0 | F96: =E96*$T$10 -> 0 | G96: =SUMIFS(XUẤT!Q:Q,XUẤT!N:N,CBCNV!B96,XUẤT!O:O,CBCNV!$G$2) -> 0 | H96: =G96*$T$8 -> 0 | I96: =SUMIFS(XUẤT!R:R,XUẤT!N:N,CBCNV!B96,XUẤT!O:O,CBCNV!$I$2) -> 0 | J96: =I96*$T$9 -> 0 | K96: =SUMIFS(XUẤT!S:S,XUẤT!N:N,CBCNV!B96,XUẤT!O:O,CBCNV!$K$2) -> 0 | L96: =K96*$T$11 -> 0 | M96: =SUMIFS(XUẤT!T:T,XUẤT!N:N,CBCNV!B96,XUẤT!O:O,CBCNV!$M$2) -> 0 | N96: =M96*$T$12 -> 0 | O96: =SUMIFS(XUẤT!U:U,XUẤT!N:N,CBCNV!B96,XUẤT!O:O,CBCNV!$O$2) -> 0 | P96: =O96*$T$13 -> 0
A97: 90 | B97: Bùi Minh Thái | C97: CN quản lý | D97: Hạ Long | E97: =SUMIFS(XUẤT!P:P,XUẤT!N:N,CBCNV!B97,XUẤT!O:O,CBCNV!$E$2) -> 0 | F97: =E97*$T$10 -> 0 | G97: =SUMIFS(XUẤT!Q:Q,XUẤT!N:N,CBCNV!B97,XUẤT!O:O,CBCNV!$G$2) -> 0 | H97: =G97*$T$8 -> 0 | I97: =SUMIFS(XUẤT!R:R,XUẤT!N:N,CBCNV!B97,XUẤT!O:O,CBCNV!$I$2) -> 0 | J97: =I97*$T$9 -> 0 | K97: =SUMIFS(XUẤT!S:S,XUẤT!N:N,CBCNV!B97,XUẤT!O:O,CBCNV!$K$2) -> 0 | L97: =K97*$T$11 -> 0 | M97: =SUMIFS(XUẤT!T:T,XUẤT!N:N,CBCNV!B97,XUẤT!O:O,CBCNV!$M$2) -> 0 | N97: =M97*$T$12 -> 0 | O97: =SUMIFS(XUẤT!U:U,XUẤT!N:N,CBCNV!B97,XUẤT!O:O,CBCNV!$O$2) -> 0 | P97: =O97*$T$13 -> 0
A98: 91 | B98: Nguyễn Văn Tùng | C98: CN quản lý | D98: Hạ Long | E98: =SUMIFS(XUẤT!P:P,XUẤT!N:N,CBCNV!B98,XUẤT!O:O,CBCNV!$E$2) -> 0 | F98: =E98*$T$10 -> 0 | G98: =SUMIFS(XUẤT!Q:Q,XUẤT!N:N,CBCNV!B98,XUẤT!O:O,CBCNV!$G$2) -> 0 | H98: =G98*$T$8 -> 0 | I98: =SUMIFS(XUẤT!R:R,XUẤT!N:N,CBCNV!B98,XUẤT!O:O,CBCNV!$I$2) -> 0 | J98: =I98*$T$9 -> 0 | K98: =SUMIFS(XUẤT!S:S,XUẤT!N:N,CBCNV!B98,XUẤT!O:O,CBCNV!$K$2) -> 0 | L98: =K98*$T$11 -> 0 | M98: =SUMIFS(XUẤT!T:T,XUẤT!N:N,CBCNV!B98,XUẤT!O:O,CBCNV!$M$2) -> 0 | N98: =M98*$T$12 -> 0 | O98: =SUMIFS(XUẤT!U:U,XUẤT!N:N,CBCNV!B98,XUẤT!O:O,CBCNV!$O$2) -> 0 | P98: =O98*$T$13 -> 0
A99: 92 | B99: Nguyễn Thị Chi | C99: CN VHMB | D99: Hạ Long | E99: =SUMIFS(XUẤT!P:P,XUẤT!N:N,CBCNV!B99,XUẤT!O:O,CBCNV!$E$2) -> 0 | F99: =E99*$T$10 -> 0 | G99: =SUMIFS(XUẤT!Q:Q,XUẤT!N:N,CBCNV!B99,XUẤT!O:O,CBCNV!$G$2) -> 0 | H99: =G99*$T$8 -> 0 | I99: =SUMIFS(XUẤT!R:R,XUẤT!N:N,CBCNV!B99,XUẤT!O:O,CBCNV!$I$2) -> 0 | J99: =I99*$T$9 -> 0 | K99: =SUMIFS(XUẤT!S:S,XUẤT!N:N,CBCNV!B99,XUẤT!O:O,CBCNV!$K$2) -> 0 | L99: =K99*$T$11 -> 0 | M99: =SUMIFS(XUẤT!T:T,XUẤT!N:N,CBCNV!B99,XUẤT!O:O,CBCNV!$M$2) -> 6 | N99: =M99*$T$12 -> 312000 | O99: =SUMIFS(XUẤT!U:U,XUẤT!N:N,CBCNV!B99,XUẤT!O:O,CBCNV!$O$2) -> 0 | P99: =O99*$T$13 -> 0
A100: 93 | B100: Đào Thị Ngọc Anh | C100: CN VHMB | D100: Hạ Long | E100: =SUMIFS(XUẤT!P:P,XUẤT!N:N,CBCNV!B100,XUẤT!O:O,CBCNV!$E$2) -> 0 | F100: =E100*$T$10 -> 0 | G100: =SUMIFS(XUẤT!Q:Q,XUẤT!N:N,CBCNV!B100,XUẤT!O:O,CBCNV!$G$2) -> 0 | H100: =G100*$T$8 -> 0 | I100: =SUMIFS(XUẤT!R:R,XUẤT!N:N,CBCNV!B100,XUẤT!O:O,CBCNV!$I$2) -> 0 | J100: =I100*$T$9 -> 0 | K100: =SUMIFS(XUẤT!S:S,XUẤT!N:N,CBCNV!B100,XUẤT!O:O,CBCNV!$K$2) -> 0 | L100: =K100*$T$11 -> 0 | M100: =SUMIFS(XUẤT!T:T,XUẤT!N:N,CBCNV!B100,XUẤT!O:O,CBCNV!$M$2) -> 0 | N100: =M100*$T$12 -> 0 | O100: =SUMIFS(XUẤT!U:U,XUẤT!N:N,CBCNV!B100,XUẤT!O:O,CBCNV!$O$2) -> 0 | P100: =O100*$T$13 -> 0
A101: 94 | B101: Nguyễn Thị Sinh | C101: CN VHMB | D101: Hạ Long | E101: =SUMIFS(XUẤT!P:P,XUẤT!N:N,CBCNV!B101,XUẤT!O:O,CBCNV!$E$2) -> 0 | F101: =E101*$T$10 -> 0 | G101: =SUMIFS(XUẤT!Q:Q,XUẤT!N:N,CBCNV!B101,XUẤT!O:O,CBCNV!$G$2) -> 0 | H101: =G101*$T$8 -> 0 | I101: =SUMIFS(XUẤT!R:R,XUẤT!N:N,CBCNV!B101,XUẤT!O:O,CBCNV!$I$2) -> 0 | J101: =I101*$T$9 -> 0 | K101: =SUMIFS(XUẤT!S:S,XUẤT!N:N,CBCNV!B101,XUẤT!O:O,CBCNV!$K$2) -> 0 | L101: =K101*$T$11 -> 0 | M101: =SUMIFS(XUẤT!T:T,XUẤT!N:N,CBCNV!B101,XUẤT!O:O,CBCNV!$M$2) -> 2 | N101: =M101*$T$12 -> 104000 | O101: =SUMIFS(XUẤT!U:U,XUẤT!N:N,CBCNV!B101,XUẤT!O:O,CBCNV!$O$2) -> 0 | P101: =O101*$T$13 -> 0
... A200: 193 | B200: Trần Thị Trinh | C200: CN ghi số | D200: Đá Trắng | E200: =SUMIFS(XUẤT!P:P,XUẤT!N:N,CBCNV!B200,XUẤT!O:O,CBCNV!$E$2) -> 0 | F200: =E200*$T$10 -> 0 | G200: =SUMIFS(XUẤT!Q:Q,XUẤT!N:N,CBCNV!B200,XUẤT!O:O,CBCNV!$G$2) -> 0 | H200: =G200*$T$8 -> 0 | I200: =SUMIFS(XUẤT!R:R,XUẤT!N:N,CBCNV!B200,XUẤT!O:O,CBCNV!$I$2) -> 0 | J200: =I200*$T$9 -> 0 | K200: =SUMIFS(XUẤT!S:S,XUẤT!N:N,CBCNV!B200,XUẤT!O:O,CBCNV!$K$2) -> 0 | L200: =K200*$T$11 -> 0 | M200: =SUMIFS(XUẤT!T:T,XUẤT!N:N,CBCNV!B200,XUẤT!O:O,CBCNV!$M$2) -> 0 | N200: =M200*$T$12 -> 0 | O200: =SUMIFS(XUẤT!U:U,XUẤT!N:N,CBCNV!B200,XUẤT!O:O,CBCNV!$O$2) -> 0 | P200: =O200*$T$13 -> 0

Sheet TỒN
A1: THEO DÕI NHẬP, XUẤT NƯỚC QAROMI
A2: Tháng 9/2026
A4: STT | B4: Ngày | C4: Nhập | J4: Xuất | Q4: Tồn
C5: Vỉ 350ml | D5: Hộp 500ml | E5: Vỉ 500ml | F5: Hộp 350ml | G5: Bình kiềm | H5: Bình RO | I5: Cộng | J5: Vỉ 350ml | K5: Hộp 500ml | L5: Vỉ 500ml | M5: Hộp 350ml | N5: Bình kiềm | O5: Bình RO | P5: Cộng | Q5: Vỉ 350ml | R5: Hộp 500ml | S5: Vỉ 500ml | T5: Hộp 350ml | U5: Bình kiềm | V5: Bình RO | W5: Cộng
A6: 1 | B6: 46266 | J6: =SUMIFS(XUẤT!$W:$W,XUẤT!$B:$B,TỒN!$B$12,XUẤT!$O:$O,TỒN!#REF!) -> 0 | K6: =SUMIFS(XUẤT!$W:$W,XUẤT!$B:$B,TỒN!$B$12,XUẤT!$O:$O,TỒN!#REF!) -> 0 | L6: =SUMIFS(XUẤT!$W:$W,XUẤT!$B:$B,TỒN!$B$12,XUẤT!$O:$O,TỒN!#REF!) -> 0 | M6: =SUMIFS(XUẤT!$W:$W,XUẤT!$B:$B,TỒN!$B$12,XUẤT!$O:$O,TỒN!#REF!) -> 0 | N6: =SUMIFS(XUẤT!$W:$W,XUẤT!$B:$B,TỒN!$B$12,XUẤT!$O:$O,TỒN!#REF!) -> 0 | O6: =SUMIFS(XUẤT!$W:$W,XUẤT!$B:$B,TỒN!$B$12,XUẤT!$O:$O,TỒN!#REF!) -> 0 | P6: =SUM(J6:O6) -> 0
A7: 2 | B7: 46267 | J7: =SUMIFS(XUẤT!$W:$W,XUẤT!$B:$B,TỒN!$B$12,XUẤT!$O:$O,TỒN!#REF!) -> 0 | K7: =SUMIFS(XUẤT!$W:$W,XUẤT!$B:$B,TỒN!$B$12,XUẤT!$O:$O,TỒN!#REF!) -> 0 | L7: =SUMIFS(XUẤT!$W:$W,XUẤT!$B:$B,TỒN!$B$12,XUẤT!$O:$O,TỒN!#REF!) -> 0 | M7: =SUMIFS(XUẤT!$W:$W,XUẤT!$B:$B,TỒN!$B$12,XUẤT!$O:$O,TỒN!#REF!) -> 0 | N7: =SUMIFS(XUẤT!$W:$W,XUẤT!$B:$B,TỒN!$B$12,XUẤT!$O:$O,TỒN!#REF!) -> 0 | O7: =SUMIFS(XUẤT!$W:$W,XUẤT!$B:$B,TỒN!$B$12,XUẤT!$O:$O,TỒN!#REF!) -> 0 | P7: =SUM(J7:O7) -> 0
A8: 3 | B8: 46268 | J8: =SUMIFS(XUẤT!$W:$W,XUẤT!$B:$B,TỒN!$B$12,XUẤT!$O:$O,TỒN!J1) -> 0 | K8: =SUMIFS(XUẤT!$W:$W,XUẤT!$B:$B,TỒN!$B$12,XUẤT!$O:$O,TỒN!K1) -> 0 | L8: =SUMIFS(XUẤT!$W:$W,XUẤT!$B:$B,TỒN!$B$12,XUẤT!$O:$O,TỒN!L1) -> 0 | M8: =SUMIFS(XUẤT!$W:$W,XUẤT!$B:$B,TỒN!$B$12,XUẤT!$O:$O,TỒN!M1) -> 0 | N8: =SUMIFS(XUẤT!$W:$W,XUẤT!$B:$B,TỒN!$B$12,XUẤT!$O:$O,TỒN!N1) -> 0 | O8: =SUMIFS(XUẤT!$W:$W,XUẤT!$B:$B,TỒN!$B$12,XUẤT!$O:$O,TỒN!O1) -> 0 | P8: =SUM(J8:O8) -> 0
A9: 4 | B9: 46269 | J9: =SUMIFS(XUẤT!$W:$W,XUẤT!$B:$B,TỒN!$B$12,XUẤT!$O:$O,TỒN!J2) -> 0 | K9: =SUMIFS(XUẤT!$W:$W,XUẤT!$B:$B,TỒN!$B$12,XUẤT!$O:$O,TỒN!K2) -> 0 | L9: =SUMIFS(XUẤT!$W:$W,XUẤT!$B:$B,TỒN!$B$12,XUẤT!$O:$O,TỒN!L2) -> 0 | M9: =SUMIFS(XUẤT!$W:$W,XUẤT!$B:$B,TỒN!$B$12,XUẤT!$O:$O,TỒN!M2) -> 0 | N9: =SUMIFS(XUẤT!$W:$W,XUẤT!$B:$B,TỒN!$B$12,XUẤT!$O:$O,TỒN!N2) -> 0 | O9: =SUMIFS(XUẤT!$W:$W,XUẤT!$B:$B,TỒN!$B$12,XUẤT!$O:$O,TỒN!O2) -> 0 | P9: =SUM(J9:O9) -> 0
A10: 5 | B10: 46270 | J10: =SUMIFS(XUẤT!$W:$W,XUẤT!$B:$B,TỒN!$B$12,XUẤT!$O:$O,TỒN!J3) -> 0 | K10: =SUMIFS(XUẤT!$W:$W,XUẤT!$B:$B,TỒN!$B$12,XUẤT!$O:$O,TỒN!K3) -> 0 | L10: =SUMIFS(XUẤT!$W:$W,XUẤT!$B:$B,TỒN!$B$12,XUẤT!$O:$O,TỒN!L3) -> 0 | M10: =SUMIFS(XUẤT!$W:$W,XUẤT!$B:$B,TỒN!$B$12,XUẤT!$O:$O,TỒN!M3) -> 0 | N10: =SUMIFS(XUẤT!$W:$W,XUẤT!$B:$B,TỒN!$B$12,XUẤT!$O:$O,TỒN!N3) -> 0 | O10: =SUMIFS(XUẤT!$W:$W,XUẤT!$B:$B,TỒN!$B$12,XUẤT!$O:$O,TỒN!O3) -> 0 | P10: =SUM(J10:O10) -> 0
A11: 6 | B11: 46271 | J11: =SUMIFS(XUẤT!$W:$W,XUẤT!$B:$B,TỒN!$B$12,XUẤT!$O:$O,TỒN!J4) -> 0 | K11: =SUMIFS(XUẤT!$W:$W,XUẤT!$B:$B,TỒN!$B$12,XUẤT!$O:$O,TỒN!K4) -> 0 | L11: =SUMIFS(XUẤT!$W:$W,XUẤT!$B:$B,TỒN!$B$12,XUẤT!$O:$O,TỒN!L4) -> 0 | M11: =SUMIFS(XUẤT!$W:$W,XUẤT!$B:$B,TỒN!$B$12,XUẤT!$O:$O,TỒN!M4) -> 0 | N11: =SUMIFS(XUẤT!$W:$W,XUẤT!$B:$B,TỒN!$B$12,XUẤT!$O:$O,TỒN!N4) -> 0 | O11: =SUMIFS(XUẤT!$W:$W,XUẤT!$B:$B,TỒN!$B$12,XUẤT!$O:$O,TỒN!O4) -> 0 | P11: =SUM(J11:O11) -> 0
A12: 7 | B12: 46272 | J12: =SUMIFS(XUẤT!$W:$W,XUẤT!$B:$B,TỒN!$B$12,XUẤT!$O:$O,TỒN!J5) -> 0 | K12: =SUMIFS(XUẤT!$W:$W,XUẤT!$B:$B,TỒN!$B$12,XUẤT!$O:$O,TỒN!K5) -> 0 | L12: =SUMIFS(XUẤT!$W:$W,XUẤT!$B:$B,TỒN!$B$12,XUẤT!$O:$O,TỒN!L5) -> 30 | M12: =SUMIFS(XUẤT!$W:$W,XUẤT!$B:$B,TỒN!$B$12,XUẤT!$O:$O,TỒN!M5) -> 0 | N12: =SUMIFS(XUẤT!$W:$W,XUẤT!$B:$B,TỒN!$B$12,XUẤT!$O:$O,TỒN!N5) -> 1 | O12: =SUMIFS(XUẤT!$W:$W,XUẤT!$B:$B,TỒN!$B$12,XUẤT!$O:$O,TỒN!O5) -> 11 | P12: =SUM(J12:O12) -> 42
A13: 8 | B13: 46273 | J13: =SUMIFS(XUẤT!$W:$W,XUẤT!$B:$B,TỒN!$B$12,XUẤT!$O:$O,TỒN!J12) -> 0 | K13: =SUMIFS(XUẤT!$W:$W,XUẤT!$B:$B,TỒN!$B$12,XUẤT!$O:$O,TỒN!K12) -> 0 | L13: =SUMIFS(XUẤT!$W:$W,XUẤT!$B:$B,TỒN!$B$12,XUẤT!$O:$O,TỒN!L12) -> 0 | M13: =SUMIFS(XUẤT!$W:$W,XUẤT!$B:$B,TỒN!$B$12,XUẤT!$O:$O,TỒN!M12) -> 0 | N13: =SUMIFS(XUẤT!$W:$W,XUẤT!$B:$B,TỒN!$B$12,XUẤT!$O:$O,TỒN!N12) -> 0 | O13: =SUMIFS(XUẤT!$W:$W,XUẤT!$B:$B,TỒN!$B$12,XUẤT!$O:$O,TỒN!O12) -> 0 | P13: =SUM(J13:O13) -> 0
A14: 9 | B14: 46274 | J14: =SUMIFS(XUẤT!$W:$W,XUẤT!$B:$B,TỒN!$B$12,XUẤT!$O:$O,TỒN!J13) -> 0 | K14: =SUMIFS(XUẤT!$W:$W,XUẤT!$B:$B,TỒN!$B$12,XUẤT!$O:$O,TỒN!K13) -> 0 | L14: =SUMIFS(XUẤT!$W:$W,XUẤT!$B:$B,TỒN!$B$12,XUẤT!$O:$O,TỒN!L13) -> 0 | M14: =SUMIFS(XUẤT!$W:$W,XUẤT!$B:$B,TỒN!$B$12,XUẤT!$O:$O,TỒN!M13) -> 0 | N14: =SUMIFS(XUẤT!$W:$W,XUẤT!$B:$B,TỒN!$B$12,XUẤT!$O:$O,TỒN!N13) -> 0 | O14: =SUMIFS(XUẤT!$W:$W,XUẤT!$B:$B,TỒN!$B$12,XUẤT!$O:$O,TỒN!O13) -> 0 | P14: =SUM(J14:O14) -> 0
A15: 10 | B15: 46275 | J15: =SUMIFS(XUẤT!$W:$W,XUẤT!$B:$B,TỒN!$B$12,XUẤT!$O:$O,TỒN!J14) -> 0 | K15: =SUMIFS(XUẤT!$W:$W,XUẤT!$B:$B,TỒN!$B$12,XUẤT!$O:$O,TỒN!K14) -> 0 | L15: =SUMIFS(XUẤT!$W:$W,XUẤT!$B:$B,TỒN!$B$12,XUẤT!$O:$O,TỒN!L14) -> 0 | M15: =SUMIFS(XUẤT!$W:$W,XUẤT!$B:$B,TỒN!$B$12,XUẤT!$O:$O,TỒN!M14) -> 0 | N15: =SUMIFS(XUẤT!$W:$W,XUẤT!$B:$B,TỒN!$B$12,XUẤT!$O:$O,TỒN!N14) -> 0 | O15: =SUMIFS(XUẤT!$W:$W,XUẤT!$B:$B,TỒN!$B$12,XUẤT!$O:$O,TỒN!O14) -> 0 | P15: =SUM(J15:O15) -> 0
A16: 11 | B16: 46276 | J16: =SUMIFS(XUẤT!$W:$W,XUẤT!$B:$B,TỒN!$B$12,XUẤT!$O:$O,TỒN!J15) -> 0 | K16: =SUMIFS(XUẤT!$W:$W,XUẤT!$B:$B,TỒN!$B$12,XUẤT!$O:$O,TỒN!K15) -> 0 | L16: =SUMIFS(XUẤT!$W:$W,XUẤT!$B:$B,TỒN!$B$12,XUẤT!$O:$O,TỒN!L15) -> 0 | M16: =SUMIFS(XUẤT!$W:$W,XUẤT!$B:$B,TỒN!$B$12,XUẤT!$O:$O,TỒN!M15) -> 0 | N16: =SUMIFS(XUẤT!$W:$W,XUẤT!$B:$B,TỒN!$B$12,XUẤT!$O:$O,TỒN!N15) -> 0 | O16: =SUMIFS(XUẤT!$W:$W,XUẤT!$B:$B,TỒN!$B$12,XUẤT!$O:$O,TỒN!O15) -> 0 | P16: =SUM(J16:O16) -> 0
A17: 12 | B17: 46277 | J17: =SUMIFS(XUẤT!$W:$W,XUẤT!$B:$B,TỒN!$B$12,XUẤT!$O:$O,TỒN!J16) -> 0 | K17: =SUMIFS(XUẤT!$W:$W,XUẤT!$B:$B,TỒN!$B$12,XUẤT!$O:$O,TỒN!K16) -> 0 | L17: =SUMIFS(XUẤT!$W:$W,XUẤT!$B:$B,TỒN!$B$12,XUẤT!$O:$O,TỒN!L16) -> 0 | M17: =SUMIFS(XUẤT!$W:$W,XUẤT!$B:$B,TỒN!$B$12,XUẤT!$O:$O,TỒN!M16) -> 0 | N17: =SUMIFS(XUẤT!$W:$W,XUẤT!$B:$B,TỒN!$B$12,XUẤT!$O:$O,TỒN!N16) -> 0 | O17: =SUMIFS(XUẤT!$W:$W,XUẤT!$B:$B,TỒN!$B$12,XUẤT!$O:$O,TỒN!O16) -> 0 | P17: =SUM(J17:O17) -> 0
A18: 13 | B18: 46278 | J18: =SUMIFS(XUẤT!$W:$W,XUẤT!$B:$B,TỒN!$B$12,XUẤT!$O:$O,TỒN!J17) -> 0 | K18: =SUMIFS(XUẤT!$W:$W,XUẤT!$B:$B,TỒN!$B$12,XUẤT!$O:$O,TỒN!K17) -> 0 | L18: =SUMIFS(XUẤT!$W:$W,XUẤT!$B:$B,TỒN!$B$12,XUẤT!$O:$O,TỒN!L17) -> 0 | M18: =SUMIFS(XUẤT!$W:$W,XUẤT!$B:$B,TỒN!$B$12,XUẤT!$O:$O,TỒN!M17) -> 0 | N18: =SUMIFS(XUẤT!$W:$W,XUẤT!$B:$B,TỒN!$B$12,XUẤT!$O:$O,TỒN!N17) -> 0 | O18: =SUMIFS(XUẤT!$W:$W,XUẤT!$B:$B,TỒN!$B$12,XUẤT!$O:$O,TỒN!O17) -> 0 | P18: =SUM(J18:O18) -> 0
A19: 14 | B19: 46279 | J19: =SUMIFS(XUẤT!$W:$W,XUẤT!$B:$B,TỒN!$B$12,XUẤT!$O:$O,TỒN!J18) -> 0 | K19: =SUMIFS(XUẤT!$W:$W,XUẤT!$B:$B,TỒN!$B$12,XUẤT!$O:$O,TỒN!K18) -> 0 | L19: =SUMIFS(XUẤT!$W:$W,XUẤT!$B:$B,TỒN!$B$12,XUẤT!$O:$O,TỒN!L18) -> 0 | M19: =SUMIFS(XUẤT!$W:$W,XUẤT!$B:$B,TỒN!$B$12,XUẤT!$O:$O,TỒN!M18) -> 0 | N19: =SUMIFS(XUẤT!$W:$W,XUẤT!$B:$B,TỒN!$B$12,XUẤT!$O:$O,TỒN!N18) -> 0 | O19: =SUMIFS(XUẤT!$W:$W,XUẤT!$B:$B,TỒN!$B$12,XUẤT!$O:$O,TỒN!O18) -> 0 | P19: =SUM(J19:O19) -> 0
A20: 15 | B20: 46280 | J20: =SUMIFS(XUẤT!$W:$W,XUẤT!$B:$B,TỒN!$B$12,XUẤT!$O:$O,TỒN!J19) -> 0 | K20: =SUMIFS(XUẤT!$W:$W,XUẤT!$B:$B,TỒN!$B$12,XUẤT!$O:$O,TỒN!K19) -> 0 | L20: =SUMIFS(XUẤT!$W:$W,XUẤT!$B:$B,TỒN!$B$12,XUẤT!$O:$O,TỒN!L19) -> 0 | M20: =SUMIFS(XUẤT!$W:$W,XUẤT!$B:$B,TỒN!$B$12,XUẤT!$O:$O,TỒN!M19) -> 0 | N20: =SUMIFS(XUẤT!$W:$W,XUẤT!$B:$B,TỒN!$B$12,XUẤT!$O:$O,TỒN!N19) -> 0 | O20: =SUMIFS(XUẤT!$W:$W,XUẤT!$B:$B,TỒN!$B$12,XUẤT!$O:$O,TỒN!O19) -> 0 | P20: =SUM(J20:O20) -> 0
A21: 16 | B21: 46281 | J21: =SUMIFS(XUẤT!$W:$W,XUẤT!$B:$B,TỒN!$B$12,XUẤT!$O:$O,TỒN!J20) -> 0 | K21: =SUMIFS(XUẤT!$W:$W,XUẤT!$B:$B,TỒN!$B$12,XUẤT!$O:$O,TỒN!K20) -> 0 | L21: =SUMIFS(XUẤT!$W:$W,XUẤT!$B:$B,TỒN!$B$12,XUẤT!$O:$O,TỒN!L20) -> 0 | M21: =SUMIFS(XUẤT!$W:$W,XUẤT!$B:$B,TỒN!$B$12,XUẤT!$O:$O,TỒN!M20) -> 0 | N21: =SUMIFS(XUẤT!$W:$W,XUẤT!$B:$B,TỒN!$B$12,XUẤT!$O:$O,TỒN!N20) -> 0 | O21: =SUMIFS(XUẤT!$W:$W,XUẤT!$B:$B,TỒN!$B$12,XUẤT!$O:$O,TỒN!O20) -> 0 | P21: =SUM(J21:O21) -> 0
A22: 17 | B22: 46282 | J22: =SUMIFS(XUẤT!$W:$W,XUẤT!$B:$B,TỒN!$B$12,XUẤT!$O:$O,TỒN!J21) -> 0 | K22: =SUMIFS(XUẤT!$W:$W,XUẤT!$B:$B,TỒN!$B$12,XUẤT!$O:$O,TỒN!K21) -> 0 | L22: =SUMIFS(XUẤT!$W:$W,XUẤT!$B:$B,TỒN!$B$12,XUẤT!$O:$O,TỒN!L21) -> 0 | M22: =SUMIFS(XUẤT!$W:$W,XUẤT!$B:$B,TỒN!$B$12,XUẤT!$O:$O,TỒN!M21) -> 0 | N22: =SUMIFS(XUẤT!$W:$W,XUẤT!$B:$B,TỒN!$B$12,XUẤT!$O:$O,TỒN!N21) -> 0 | O22: =SUMIFS(XUẤT!$W:$W,XUẤT!$B:$B,TỒN!$B$12,XUẤT!$O:$O,TỒN!O21) -> 0 | P22: =SUM(J22:O22) -> 0
A23: 18 | B23: 46283 | J23: =SUMIFS(XUẤT!$W:$W,XUẤT!$B:$B,TỒN!$B$12,XUẤT!$O:$O,TỒN!J22) -> 0 | K23: =SUMIFS(XUẤT!$W:$W,XUẤT!$B:$B,TỒN!$B$12,XUẤT!$O:$O,TỒN!K22) -> 0 | L23: =SUMIFS(XUẤT!$W:$W,XUẤT!$B:$B,TỒN!$B$12,XUẤT!$O:$O,TỒN!L22) -> 0 | M23: =SUMIFS(XUẤT!$W:$W,XUẤT!$B:$B,TỒN!$B$12,XUẤT!$O:$O,TỒN!M22) -> 0 | N23: =SUMIFS(XUẤT!$W:$W,XUẤT!$B:$B,TỒN!$B$12,XUẤT!$O:$O,TỒN!N22) -> 0 | O23: =SUMIFS(XUẤT!$W:$W,XUẤT!$B:$B,TỒN!$B$12,XUẤT!$O:$O,TỒN!O22) -> 0 | P23: =SUM(J23:O23) -> 0
A24: 19 | B24: 46284 | J24: =SUMIFS(XUẤT!$W:$W,XUẤT!$B:$B,TỒN!$B$12,XUẤT!$O:$O,TỒN!J23) -> 0 | K24: =SUMIFS(XUẤT!$W:$W,XUẤT!$B:$B,TỒN!$B$12,XUẤT!$O:$O,TỒN!K23) -> 0 | L24: =SUMIFS(XUẤT!$W:$W,XUẤT!$B:$B,TỒN!$B$12,XUẤT!$O:$O,TỒN!L23) -> 0 | M24: =SUMIFS(XUẤT!$W:$W,XUẤT!$B:$B,TỒN!$B$12,XUẤT!$O:$O,TỒN!M23) -> 0 | N24: =SUMIFS(XUẤT!$W:$W,XUẤT!$B:$B,TỒN!$B$12,XUẤT!$O:$O,TỒN!N23) -> 0 | O24: =SUMIFS(XUẤT!$W:$W,XUẤT!$B:$B,TỒN!$B$12,XUẤT!$O:$O,TỒN!O23) -> 0 | P24: =SUM(J24:O24) -> 0
... A35: 30 | B35: 46295 | J35: =SUMIFS(XUẤT!$W:$W,XUẤT!$B:$B,TỒN!$B$12,XUẤT!$O:$O,TỒN!J34) -> 0 | K35: =SUMIFS(XUẤT!$W:$W,XUẤT!$B:$B,TỒN!$B$12,XUẤT!$O:$O,TỒN!K34) -> 0 | L35: =SUMIFS(XUẤT!$W:$W,XUẤT!$B:$B,TỒN!$B$12,XUẤT!$O:$O,TỒN!L34) -> 0 | M35: =SUMIFS(XUẤT!$W:$W,XUẤT!$B:$B,TỒN!$B$12,XUẤT!$O:$O,TỒN!M34) -> 0 | N35: =SUMIFS(XUẤT!$W:$W,XUẤT!$B:$B,TỒN!$B$12,XUẤT!$O:$O,TỒN!N34) -> 0 | O35: =SUMIFS(XUẤT!$W:$W,XUẤT!$B:$B,TỒN!$B$12,XUẤT!$O:$O,TỒN!O34) -> 0 | P35: =SUM(J35:O35) -> 0
B36: Cộng | C36: =SUM(C12:C35) -> 0 | D36: =SUM(D12:D35) -> 0 | E36: =SUM(E12:E35) -> 0 | F36: =SUM(F12:F35) -> 0 | G36: =SUM(G12:G35) -> 0 | H36: =SUM(H12:H35) -> 0 | I36: =SUM(I12:I35) -> 0 | J36: =SUM(J12:J35) -> 0 | ... W36: =SUM(W12:W35) -> 0

Sheet ĐIÈU PHỐI
A1: ĐIỀU PHỐI QAROMI
A3: STT | B3: Họ tên | C3: Tổ/Trạm | D3: Địa chỉ nhà | E3: SĐT | F3: Khu vực thực hiện | H3: TỔ BẢO VỆ THÁNG 9
A4: I | B4: Bốc xếp, vận chuyển | H4: Ngày | I4: Thứ | J4: Người thực hiện | L4: Bùi Đức Hoàng | M4: =COUNTIFS($J$5:$J$28,L4) -> 4
A5: 1 | B5: Đinh Thu Huế | C5: Tổ thị trường | D5: Cao Xanh | E5: 0963913555 | F5: Cao Xanh, Hồng Gai | H5: 7 | I5: 2 | J5: Bùi Đức Hoàng | L5: Nguyễn Thị Hằng | M5: =COUNTIFS($J$5:$J$28,L5) -> 3
A6: 2 | B6: Đặng Thị Huyền | C6: Tổ DVCTT | D6: Cứu Hỏa | E6: 0966785220 | H6: 8 | I6: 3 | J6: Nguyễn Thị Hằng | L6: Nguyễn Thị Thùy | M6: =COUNTIFS($J$5:$J$28,L6) -> 4
A7: 3 | B7: Trần Bích Ly | D7: Bãi Muối | E7: 0988168666 | H7: 9 | I7: 4 | J7: Nguyễn Thị Thùy | L7: Đỗ Thị Vượng | M7: =COUNTIFS($J$5:$J$28,L7) -> 3
A8: 4 | B8: Bùi Đức Hoàng | C8: Bảo vệ | D8: Cột 3 | E8: 0982916899 | H8: 10 | I8: 5 | J8: Đỗ Thị Vượng | L8: Trăng Thị Thơm | M8: =COUNTIFS($J$5:$J$28,L8) -> 3
A9: 5 | B9: Nguyễn Thị Thùy | D9: Hà Trung | E9: 0365577629 | H9: 11 | I9: 6 | J9: Nguyễn Thị Huy | L9: Dương Thị Thu | M9: =COUNTIFS($J$5:$J$28,L9) -> 2
A10: 6 | B10: Nguyễn Thị Hằng | D10: Cột 3 | E10: 0787224668 | H10: 12 | I10: 7 | J10: Trăng Thị Thơm | L10: Nguyễn Thị Huy | M10: =COUNTIFS($J$5:$J$28,L10) -> 4
A11: 7 | B11: Trăng Thị Thơm | D11: Hà Phong | E11: 0379221778
A12: 8 | B12: Đỗ Thị Vượng | D12: Cột 5 | E12: 0914988892 | H12: 14 | I12: 2 | J12: Đỗ Thị Vượng
A13: 9 | B13: Nguyễn Thị Huy | D13: Cột 3 | E13: 0388573628 | H13: 15 | I13: 3 | J13: Bùi Đức Hoàng | K13: nghỉ phép
A14: 10 | B14: Dương Thị Thu | D14: Yết Kiêu | E14: 0838980944 | H14: 16 | I14: 4 | J14: Nguyễn Thị Thùy
A15: 11 | B15: Nguyễn Thị Chi | C15: Hạ Long | D15: Cột 5 | E15: 0855198226 | F15: Cột 3, cột 5 | H15: 17 | I15: 5 | J15: Dương Thị Thu
A16: 12 | B16: Lê Thanh Xuân | C16: Hà Tu | D16: Hà Tu | E16: 0962672181 | F16: Tăng áp -> Hà Tu | H16: 18 | I16: 6 | J16: Trăng Thị Thơm
A17: 13 | B17: Nguyễn Văn Hưng | C17: Hà Lầm | E17: 0915196225 | F17: Hà Lầm | H17: 19 | I17: 7 | J17: Nguyễn Thị Hằng | K17: nghỉ phép
A18: 14 | B18: Trần Trọng Khoa | C18: Hồng Gai | E18: 0904099383 | F18: Hồng Gai | H18: 20 | I18: CN | J18: Nguyễn Thị Huy | L18: Tùng chạy xe
A19: 15 | B19: Nguyễn Thanh Xuyền | C19: Đá Trắng | E19: 0982757198 | F19: Đá Trắng | H19: 21 | I19: 2 | J19: Nguyễn Thị Hằng | K19: nghỉ phép | L19: Tùng chạy xe
A20: II | B20: Lái xe tải điện | H20: 22 | I20: 3 | J20: Trăng Thị Thơm
A21: 1 | B21: Nguyễn Thị Hồng Phương | D21: Yết Kiêu | E21: 0934399569 | H21: 23 | I21: 4 | J21: Dương Thị Thu
A22: 2 | B22: Đặng Thanh Tùng | D22: Cao Xanh | E22: 0968333882 | H22: 24 | I22: 5 | J22: Nguyễn Thị Thùy
H23: 25 | I23: 6 | J23: Nguyễn Thị Huy
A24: STT | B24: Thứ tự điều phối | H24: 26 | I24: 7 | J24: Đỗ Thị Vượng
A25: 1 | B25: Tổ Tiếp thị | H25: 27 | I25: CN | J25: Bùi Đức Hoàng
A26: 2 | B26: Tổ Dịch vụ | H26: 28 | I26: 2 | J26: Nguyễn Thị Huy
A27: 3 | B27: Tổ Bảo vệ | H27: 29 | I27: 3 | J27: Bùi Đức Hoàng
A28: 4 | B28: Trạm QL | H28: 30 | I28: 4 | J28: Nguyễn Thị Thùy

Sheet Vận chuyển
A1: TỔNG HỢP CHI PHÍ VẬN CHUYỂN, BỐC XẾP
A2: Tháng 9/2026
A4: STT | B4: Người thực hiện | C4: Tổ/Trạm | D4: Số lượng | E4: Số tiền
A5: 1 | B5: Xí nghiệp | D5: =SUMIFS(XUẤT!AB:AB,XUẤT!AA:AA,'Vận chuyển'!B5) -> 0 | E5: =D5*5000 -> 0
A6: 2 | B6: Đinh Thu Huế | C6: Tổ thị trường | D6: =SUMIFS(XUẤT!AB:AB,XUẤT!AA:AA,'Vận chuyển'!B6) -> 323 | E6: =D6*5000 -> 1615000
A7: 3 | B7: Bùi Đức Hoàng | C7: Bảo vệ | D7: =SUMIFS(XUẤT!AB:AB,XUẤT!AA:AA,'Vận chuyển'!B7) -> 1 | E7: =D7*5000 -> 5000
A8: 4 | B8: Nguyễn Thị Thùy | D8: =SUMIFS(XUẤT!AB:AB,XUẤT!AA:AA,'Vận chuyển'!B8) -> 5 | E8: =D8*5000 -> 25000
A9: 5 | B9: Nguyễn Thị Hằng | D9: =SUMIFS(XUẤT!AB:AB,XUẤT!AA:AA,'Vận chuyển'!B9) -> 19 | E9: =D9*5000 -> 95000
A10: 6 | B10: Tăng Thị Thơm | D10: =SUMIFS(XUẤT!AB:AB,XUẤT!AA:AA,'Vận chuyển'!B10) -> 8 | E10: =D10*5000 -> 40000
A11: 7 | B11: Đỗ Thị Vượng | D11: =SUMIFS(XUẤT!AB:AB,XUẤT!AA:AA,'Vận chuyển'!B11) -> 10 | E11: =D11*5000 -> 50000
A12: 8 | B12: Nguyễn Thị Huy | D12: =SUMIFS(XUẤT!AB:AB,XUẤT!AA:AA,'Vận chuyển'!B12) -> 12 | E12: =D12*5000 -> 60000
A13: 9 | B13: Dương Thị Thu | D13: =SUMIFS(XUẤT!AB:AB,XUẤT!AA:AA,'Vận chuyển'!B13) -> 0 | E13: =D13*5000 -> 0
A14: 10 | B14: Lê Thanh Xuân | C14: Hà Tu | D14: =SUMIFS(XUẤT!AB:AB,XUẤT!AA:AA,'Vận chuyển'!B14) -> 51 | E14: =D14*5000 -> 255000
A15: 11 | B15: Nguyễn Văn Hưng | C15: Hà Lầm | D15: =SUMIFS(XUẤT!AB:AB,XUẤT!AA:AA,'Vận chuyển'!B15) -> 55 | E15: =D15*5000 -> 275000
A16: 12 | B16: Trần Trọng Khoa | C16: Hồng Gai | D16: =SUMIFS(XUẤT!AB:AB,XUẤT!AA:AA,'Vận chuyển'!B16) -> 143 | E16: =D16*5000 -> 715000
A17: 13 | B17: Nguyễn Thanh Xuyền | C17: Đá Trắng | D17: =SUMIFS(XUẤT!AB:AB,XUẤT!AA:AA,'Vận chuyển'!B17) -> 0 | E17: =D17*5000 -> 0
A18: 14 | B18: Phạm Thị Đan Thanh | C18: Văn phòng | D18: =SUMIFS(XUẤT!AB:AB,XUẤT!AA:AA,'Vận chuyển'!B18) -> 31 | E18: =D18*5000 -> 155000
A19: 15 | B19: Mai Anh Dũng | C19: Văn phòng | D19: =SUMIFS(XUẤT!AB:AB,XUẤT!AA:AA,'Vận chuyển'!B19) -> 0 | E19: =D19*5000 -> 0
A20: 16 | B20: Vũ Thị Tươi | C20: Cao Xanh | D20: =SUMIFS(XUẤT!AB:AB,XUẤT!AA:AA,'Vận chuyển'!B20) -> 17 | E20: =D20*5000 -> 85000
A21: 17 | B21: Lương Thị Vân Mai | C21: Cao Xanh | D21: =SUMIFS(XUẤT!AB:AB,XUẤT!AA:AA,'Vận chuyển'!B21) -> 2 | E21: =D21*5000 -> 10000
A22: 18 | B22: Bùi Thị Thu | C22: Cao Xanh | D22: =SUMIFS(XUẤT!AB:AB,XUẤT!AA:AA,'Vận chuyển'!B22) -> 8 | E22: =D22*5000 -> 40000
A23: 19 | B23: Lại Thị Lan | C23: Tổ thị trường | D23: =SUMIFS(XUẤT!AB:AB,XUẤT!AA:AA,'Vận chuyển'!B23) -> 76 | E23: =D23*5000 -> 380000
A24: 20 | B24: Lưu Hải Yến | C24: Hồng Gai | D24: =SUMIFS(XUẤT!AB:AB,XUẤT!AA:AA,'Vận chuyển'!B24) -> 8 | E24: =D24*5000 -> 40000
A25: 21 | B25: Bùi Ngọc Nguyên | C25: Văn phòng | D25: =SUMIFS(XUẤT!AB:AB,XUẤT!AA:AA,'Vận chuyển'!B25) -> 4 | E25: =D25*5000 -> 20000
... A28: 24 | B28: Bùi Hà Thu | C28: Hà Lầm | D28: =SUMIFS(XUẤT!AB:AB,XUẤT!AA:AA,'Vận chuyển'!B28) -> 20 | E28: =D28*5000 -> 100000
A29: 25 | B29: Phạm Thu Quỳnh | C29: Hà Lầm | D29: 13 | E29: =D29*5000 -> 65000
A30: 26 | B30: Vũ Thị Thanh Thảo | C30: Hạ Long | D30: =SUMIFS(XUẤT!AB:AB,XUẤT!AA:AA,'Vận chuyển'!B30) -> 2 | E30: =D30*5000 -> 10000
A31: 27 | B31: Nguyễn Thị Thúy Hằng | C31: Ghi số | D31: =SUMIFS(XUẤT!AB:AB,XUẤT!AA:AA,'Vận chuyển'!B31) -> 3 | E31: =D31*5000 -> 15000
A32: 28 | B32: Nguyễn Thị Hiếu | C32: Ghi số | D32: =SUMIFS(XUẤT!AB:AB,XUẤT!AA:AA,'Vận chuyển'!B32) -> 10 | E32: =D32*5000 -> 50000
A33: 29 | B33: Nguyễn Thị Hồng Phương | C33: Lái xe | D33: =SUMIFS(XUẤT!AB:AB,XUẤT!AA:AA,'Vận chuyển'!B33) -> 90 | E33: =D33*5000 -> 450000
A34: 30 | B34: Huế + Phương lái xe | D34: =SUMIFS(XUẤT!AB:AB,XUẤT!AA:AA,'Vận chuyển'!B34) -> 294 | E34: =D34*5000 -> 1470000
A35: 31 | B35: Yến Quảng Yên | D35: =SUMIFS(XUẤT!AB:AB,XUẤT!AA:AA,'Vận chuyển'!B35) -> 10 | E35: =D35*5000 -> 50000
A36: 32 | B36: Bùi Ngọc Mai | C36: Ghi số | D36: =SUMIFS(XUẤT!AB:AB,XUẤT!AA:AA,'Vận chuyển'!B36) -> 2 | E36: =D36*5000 -> 10000
A37: 33 | B37: Thảo Cẩm Phả | D37: =SUMIFS(XUẤT!AB:AB,XUẤT!AA:AA,'Vận chuyển'!B37) -> 30 | E37: =D37*5000 -> 150000
A38: 34 | B38: Vũ Thành Long | C38: Văn phòng | D38: =SUMIFS(XUẤT!AB:AB,XUẤT!AA:AA,'Vận chuyển'!B38) -> 5 | E38: =D38*5000 -> 25000
A39: 35 | B39: Đỗ Thị Liễu | C39: NV kẹp chì | D39: =SUMIFS(XUẤT!AB:AB,XUẤT!AA:AA,'Vận chuyển'!B39) -> 1 | E39: =D39*5000 -> 5000
A40: 36 | B40: Kim anh Bãi Cháy | D40: =SUMIFS(XUẤT!AB:AB,XUẤT!AA:AA,'Vận chuyển'!B40) -> 30 | E40: =D40*5000 -> 150000
A41: 37 | B41: Nguyễn Thị Sinh | D41: =SUMIFS(XUẤT!AB:AB,XUẤT!AA:AA,'Vận chuyển'!B41) -> 2 | E41: =D41*5000 -> 10000
A42: 38 | B42: Nguyễn Quốc Hưng | C42: Trạm trưởng | D42: =SUMIFS(XUẤT!AB:AB,XUẤT!AA:AA,'Vận chuyển'!B42) -> 92 | E42: =D42*5000 -> 460000
A43: 39 | B43: Tô Thị Phương | C43: Phụ xe | D43: =SUMIFS(XUẤT!AB:AB,XUẤT!AA:AA,'Vận chuyển'!B43) -> 20 | E43: =D43*5000 -> 100000
A44: 40 | B44: Nguyễn Văn Khoa (Cẩm Phả) | D44: =SUMIFS(XUẤT!AB:AB,XUẤT!AA:AA,'Vận chuyển'!B44) -> 10 | E44: =D44*5000 -> 50000
A45: 41 | B45: Mai Thị Lụa | C45: Ghi số | D45: =SUMIFS(XUẤT!AB:AB,XUẤT!AA:AA,'Vận chuyển'!B45) -> 5 | E45: =D45*5000 -> 25000
A46: 42 | B46: Nguyễn Thị Chi | D46: =SUMIFS(XUẤT!AB:AB,XUẤT!AA:AA,'Vận chuyển'!B46) -> 31 | E46: =D46*5000 -> 155000
A47: 43 | B47: Nguyễn Phương Thảo | C47: Văn phòng | D47: =SUMIFS(XUẤT!AB:AB,XUẤT!AA:AA,'Vận chuyển'!B47) -> 2 | E47: =D47*5000 -> 10000
A48: 44 | B48: Nguyễn Xuân Hùng | D48: =SUMIFS(XUẤT!AB:AB,XUẤT!AA:AA,'Vận chuyển'!B48) -> 100 | E48: =D48*5000 -> 500000
A49: 45 | B49: Đoàn Thị Nhung | C49: Văn phòng | D49: =SUMIFS(XUẤT!AB:AB,XUẤT!AA:AA,'Vận chuyển'!B49) -> 2 | E49: =D49*5000 -> 10000
A50: 46 | B50: Lê Hoàng Anh | C50: Văn phòng | D50: =SUMIFS(XUẤT!AB:AB,XUẤT!AA:AA,'Vận chuyển'!B50) -> 1 | E50: =D50*5000 -> 5000
A51: 47 | B51: Phạm Thị Huyền | C51: Ghi số | D51: =SUMIFS(XUẤT!AB:AB,XUẤT!AA:AA,'Vận chuyển'!B51) -> 6 | E51: =D51*5000 -> 30000
A52: 48 | B52: Nguyễn Viết Tạo | C52: Tổ trưởng | D52: =SUMIFS(XUẤT!AB:AB,XUẤT!AA:AA,'Vận chuyển'!B52) -> 24 | E52: =D52*5000 -> 120000
A53: 49 | B53: Tô Thị Phương, Phương lái xe | D53: =SUMIFS(XUẤT!AB:AB,XUẤT!AA:AA,'Vận chuyển'!B53) -> 370 | E53: =D53*5000 -> 1850000
B54: Cộng | D54: =SUM(D5:D33) -> 924 | E54: =SUM(E5:E34) -> 6090000 | F54: =E54-XUẤT!AC5 -> 2625000
B144: Kim anh Bãi Cháy | C144: Kim anh Bãi Cháy
B145: Huế + Phương lái xe | C145: Huế + Phương lái xe
B146: Bùi Đức Hoàng | C146: Bùi Đức Hoàng
B147: Huế + Phương lái xe | C147: Huế + Phương lái xe
B148: Lưu Hải Yến | C148: Lưu Hải Yến
B149: Kim anh Bãi Cháy | C149: Kim anh Bãi Cháy
B150: Tăng Thị Thơm | C150: Tăng Thị Thơm
B151: Huế+Tùng | C151: Huế+Tùng
B152: Nguyễn Thị Sinh | C152: Nguyễn Thị Sinh
B153: Tô Thị Phương | C153: Tô Thị Phương
B154: Lại Thị Lan | C154: Lại Thị Lan
B155: Mai Thị Lụa | C155: Mai Thị Lụa
... B200: Tăng Thị Thơm | C200: Tăng Thị Thơm

Sheet Đơn giá
A3: STT | B3: Hàng hóa | C3: Giá bán | I3: SL | J3: ĐG | K3: tiền
A4: 1 | B4: Vỉ 350ml | C4: 85000 | F4: Công ty | I4: 688 | J4: 98000 | K4: =I4*J4 -> 67424000
A5: 2 | B5: Hộp 350ml | C5: 93000 | F5: Xí nghiệp | I5: 80 | J5: 93000 | K5: =I5*J5 -> 7440000
A6: 3 | B6: Vỉ 500ml | C6: 98000 | I6: 62 | J6: 48000 | K6: =I6*J6 -> 2976000
A7: 4 | B7: Hộp 500ml | C7: 106000 | I7: 147 | J7: 52000 | K7: =I7*J7 -> 7644000
A8: 5 | B8: Bình kiềm | C8: 52000 | I8: 18 | J8: 93000 | K8: =I8*J8 -> 1674000
A9: 6 | B9: Bình RO | C9: 48000 | J9: Tổng | K9: =SUM(K4:K8) -> 87158000

Sheet TỒN TỔNG
A1: STT | B1: NGÀY | C1: Kho | D1: TỒN CUỐI | I1: GHI CHÚ
D2: BÌNH RO | E2: BÌNH KIỀM | F2: Hộp 500 ML | G2: VỈ 500ML | H2: VỈ 350ML | I2: 8/9 VAY KHO CÔNG TY 22 VỈ 500ML – ĐƠN PHƯƠNG LÁI XE
A3: 1 | B3: 11/9/2026 | C3: Kho Huế | D3: ='TỒN KHO HUẾ'!R7 -> 0 | E3: ='TỒN KHO HUẾ'!S7 -> 0 | F3: ='TỒN KHO HUẾ'!T7 -> 0 | G3: ='TỒN KHO HUẾ'!U7 -> 40 | H3: ='TỒN KHO HUẾ'!V7 -> 8
A4: 2 | C4: Kho tăng áp | D4: ='TỒN KHO TĂNG ÁP'!R7 -> 0 | E4: ='TỒN KHO TĂNG ÁP'!S7 -> 21 | F4: ='TỒN KHO TĂNG ÁP'!T7 -> 0 | G4: ='TỒN KHO TĂNG ÁP'!U7 -> 139 | H4: ='TỒN KHO TĂNG ÁP'!V7 -> 57
A5: 3 | C5: Kho văn phòng | D5: ='Tồn kho VP'!R6 -> 0 | E5: ='Tồn kho VP'!S6 -> 0 | F5: ='Tồn kho VP'!T6 -> 0 | G5: ='Tồn kho VP'!U6 -> 51 | H5: ='Tồn kho VP'!V6 -> 0
A6: 4 | B6: 46365 | C6: Kho Huế | D6: ='TỒN KHO HUẾ'!R8 -> 0 | E6: ='TỒN KHO HUẾ'!S8 -> 0 | F6: ='TỒN KHO HUẾ'!T8 -> 0 | G6: ='TỒN KHO HUẾ'!U8 -> 8 | H6: ='TỒN KHO HUẾ'!V8 -> 8
A7: 5 | C7: Kho tăng áp | D7: ='TỒN KHO TĂNG ÁP'!R8 -> 0 | E7: ='TỒN KHO TĂNG ÁP'!S8 -> 21 | F7: ='TỒN KHO TĂNG ÁP'!T8 -> 0 | G7: ='TỒN KHO TĂNG ÁP'!U8 -> 123 | H7: ='TỒN KHO TĂNG ÁP'!V8 -> 41
A8: 6 | C8: Kho văn phòng | D8: ='Tồn kho VP'!R7 -> 0 | E8: ='Tồn kho VP'!S7 -> 0 | F8: ='Tồn kho VP'!T7 -> 0 | G8: ='Tồn kho VP'!U7 -> 47 | H8: ='Tồn kho VP'!V7 -> 0
A9: 7 | B9: 13/9/2026 | C9: Kho Huế | D9: ='TỒN KHO HUẾ'!R9 -> 0 | E9: ='TỒN KHO HUẾ'!S9 -> 0 | F9: ='TỒN KHO HUẾ'!T9 -> 0 | G9: ='TỒN KHO HUẾ'!U9 -> 0 | H9: ='TỒN KHO HUẾ'!V9 -> 8
A10: 8 | C10: Kho tăng áp | D10: ='TỒN KHO TĂNG ÁP'!R9 -> 0 | E10: ='TỒN KHO TĂNG ÁP'!S9 -> 21 | F10: ='TỒN KHO TĂNG ÁP'!T9 -> 0 | G10: ='TỒN KHO TĂNG ÁP'!U9 -> 44 | H10: ='TỒN KHO TĂNG ÁP'!V9 -> 41
A11: 9 | C11: Kho văn phòng | D11: ='Tồn kho VP'!R8 -> 0 | E11: ='Tồn kho VP'!S8 -> 0 | F11: ='Tồn kho VP'!T8 -> 0 | G11: ='Tồn kho VP'!U8 -> 29 | H11: ='Tồn kho VP'!V8 -> 0
A12: 10 | C12: Tồn xe điện | D12: ='tồn xe'!O5 -> 0 | E12: ='tồn xe'!P5 -> 0 | F12: ='tồn xe'!Q5 -> 11 | G12: ='tồn xe'!R5 -> 0 | H12: ='tồn xe'!S5 -> 0
A13: 11 | B13: 14/9/2026 | C13: Kho Huế | D13: ='TỒN KHO HUẾ'!R10 -> 0 | E13: ='TỒN KHO HUẾ'!S10 -> 0 | F13: ='TỒN KHO HUẾ'!T10 -> 0 | G13: ='TỒN KHO HUẾ'!U10 -> 33 | H13: ='TỒN KHO HUẾ'!V10 -> 58
A14: 12 | C14: Kho tăng áp | D14: ='TỒN KHO TĂNG ÁP'!R10 -> 0 | E14: ='TỒN KHO TĂNG ÁP'!S10 -> 11 | F14: ='TỒN KHO TĂNG ÁP'!T10 -> 0 | G14: ='TỒN KHO TĂNG ÁP'!U10 -> 45 | H14: ='TỒN KHO TĂNG ÁP'!V10 -> 41
A15: 13 | C15: Kho văn phòng | D15: ='Tồn kho VP'!R9 -> 0 | E15: ='Tồn kho VP'!S9 -> 0 | F15: ='Tồn kho VP'!T9 -> 0 | G15: ='Tồn kho VP'!U9 -> 29 | H15: ='Tồn kho VP'!V9 -> 0
A16: 14 | C16: Tồn xe điện | D16: ='tồn xe'!O6 -> 0 | E16: ='tồn xe'!P6 -> 0 | F16: ='tồn xe'!Q6 -> 0 | G16: ='tồn xe'!R6 -> 0 | H16: ='tồn xe'!S6 -> 0
A17: 15 | C17: Tồn kho Hà Lầm | D17: ='TỒN KHO HÀ LẦM'!R7 -> 0 | E17: ='TỒN KHO HÀ LẦM'!S7 -> 0 | F17: ='TỒN KHO HÀ LẦM'!T7 -> 0 | G17: ='TỒN KHO HÀ LẦM'!U7 -> 17 | H17: ='TỒN KHO HÀ LẦM'!V7 -> 30
A18: 16 | B18: 15/9/2026 | C18: Kho Huế | D18: ='TỒN KHO HUẾ'!R11 -> 0 | E18: ='TỒN KHO HUẾ'!S11 -> 0 | F18: ='TỒN KHO HUẾ'!T11 -> 0 | G18: ='TỒN KHO HUẾ'!U11 -> 39 | H18: ='TỒN KHO HUẾ'!V11 -> 58
A19: 17 | C19: Kho tăng áp | D19: ='TỒN KHO TĂNG ÁP'!R11 -> 0 | E19: ='TỒN KHO TĂNG ÁP'!S11 -> 11 | F19: ='TỒN KHO TĂNG ÁP'!T11 -> 0 | G19: ='TỒN KHO TĂNG ÁP'!U11 -> 99 | H19: ='TỒN KHO TĂNG ÁP'!V11 -> 39
A20: 18 | C20: Kho văn phòng | D20: ='Tồn kho VP'!R10 -> 0 | E20: ='Tồn kho VP'!S10 -> 0 | F20: ='Tồn kho VP'!T10 -> 0 | G20: ='Tồn kho VP'!U10 -> 28 | H20: ='Tồn kho VP'!V10 -> 0
A21: 19 | C21: Tồn xe điện | D21: ='tồn xe'!O7 -> 0 | E21: ='tồn xe'!P7 -> 0 | F21: ='tồn xe'!Q7 -> 0 | G21: ='tồn xe'!R7 -> 0 | H21: ='tồn xe'!S7 -> 0
A22: 20 | C22: Tồn kho Hà Lầm | D22: ='TỒN KHO HÀ LẦM'!R8 -> 0 | E22: ='TỒN KHO HÀ LẦM'!S8 -> 0 | F22: ='TỒN KHO HÀ LẦM'!T8 -> 0 | G22: ='TỒN KHO HÀ LẦM'!U8 -> 17 | H22: ='TỒN KHO HÀ LẦM'!V8 -> 30
A23: 21 | B23: 16/9/2026 | C23: Kho Huế | D23: ='TỒN KHO HUẾ'!R12 -> 0 | E23: ='TỒN KHO HUẾ'!S12 -> 0 | F23: ='TỒN KHO HUẾ'!T12 -> 0 | G23: ='TỒN KHO HUẾ'!U12 -> 36 | H23: ='TỒN KHO HUẾ'!V12 -> 58
A24: 22 | C24: Kho tăng áp | D24: ='TỒN KHO TĂNG ÁP'!R12 -> 0 | E24: ='TỒN KHO TĂNG ÁP'!S12 -> 0 | F24: ='TỒN KHO TĂNG ÁP'!T12 -> 0 | G24: ='TỒN KHO TĂNG ÁP'!U12 -> 139 | H24: ='TỒN KHO TĂNG ÁP'!V12 -> 39
A25: 23 | C25: Kho văn phòng | D25: ='Tồn kho VP'!R11 -> 0 | E25: ='Tồn kho VP'!S11 -> 0 | F25: ='Tồn kho VP'!T11 -> 0 | G25: ='Tồn kho VP'!U11 -> 24 | H25: ='Tồn kho VP'!V11 -> 0
C26: Tồn xe điện
C27: Tồn kho Hà Lầm | D27: ='TỒN KHO HÀ LẦM'!R9 -> 0 | E27: ='TỒN KHO HÀ LẦM'!S9 -> 0 | F27: ='TỒN KHO HÀ LẦM'!T9 -> 0 | G27: ='TỒN KHO HÀ LẦM'!U9 -> 17 | H27: ='TỒN KHO HÀ LẦM'!V9 -> 30
B28: 17/9/2026 | C28: Kho Huế | D28: ='TỒN KHO HUẾ'!R13 -> 20 | E28: ='TỒN KHO HUẾ'!S13 -> 20 | F28: ='TỒN KHO HUẾ'!T13 -> 0 | G28: ='TỒN KHO HUẾ'!U13 -> 68 | H28: ='TỒN KHO HUẾ'!V13 -> 47
C29: Kho tăng áp | D29: ='TỒN KHO TĂNG ÁP'!R13 -> 0 | E29: ='TỒN KHO TĂNG ÁP'!S13 -> 0 | F29: ='TỒN KHO TĂNG ÁP'!T13 -> 0 | G29: ='TỒN KHO TĂNG ÁP'!U13 -> 130 | H29: ='TỒN KHO TĂNG ÁP'!V13 -> 37
C30: Kho văn phòng | D30: ='Tồn kho VP'!R12 -> 0 | E30: ='Tồn kho VP'!S12 -> 0 | F30: ='Tồn kho VP'!T12 -> 0 | G30: ='Tồn kho VP'!U12 -> 22 | H30: ='Tồn kho VP'!V12 -> 0
C31: Tồn xe điện | D31: ='tồn xe'!O9 -> 0 | E31: ='tồn xe'!P9 -> 0 | F31: ='tồn xe'!Q9 -> 0 | G31: ='tồn xe'!R9 -> 0 | H31: ='tồn xe'!S9 -> 0
C32: Tồn kho Hà Lầm | D32: ='TỒN KHO HÀ LẦM'!R8 -> 0 | E32: ='TỒN KHO HÀ LẦM'!S8 -> 0 | F32: ='TỒN KHO HÀ LẦM'!T8 -> 0 | G32: ='TỒN KHO HÀ LẦM'!U8 -> 17 | H32: ='TỒN KHO HÀ LẦM'!V8 -> 30
B33: 18/9/2026 | C33: Kho Huế | D33: ='TỒN KHO HUẾ'!R14 -> 3 | E33: ='TỒN KHO HUẾ'!S14 -> 9 | F33: ='TỒN KHO HUẾ'!T14 -> 0 | G33: ='TỒN KHO HUẾ'!U14 -> 106 | H33: ='TỒN KHO HUẾ'!V14 -> 25
C34: Kho tăng áp | D34: ='TỒN KHO TĂNG ÁP'!R14 -> 0 | E34: ='TỒN KHO TĂNG ÁP'!S14 -> 0 | F34: ='TỒN KHO TĂNG ÁP'!T14 -> 0 | G34: ='TỒN KHO TĂNG ÁP'!U14 -> 191 | H34: ='TỒN KHO TĂNG ÁP'!V14 -> 26
C35: Kho văn phòng | D35: ='Tồn kho VP'!R13 -> 0 | E35: ='Tồn kho VP'!S13 -> 0 | F35: ='Tồn kho VP'!T13 -> 0 | G35: ='Tồn kho VP'!U13 -> 18 | H35: ='Tồn kho VP'!V13 -> 0
C36: Tồn xe điện | D36: ='tồn xe'!O10 -> 0 | E36: ='tồn xe'!P10 -> 0 | F36: ='tồn xe'!Q10 -> 0 | G36: ='tồn xe'!R10 -> 0 | H36: ='tồn xe'!S10 -> 0
C37: Tồn kho Hà Lầm | D37: ='TỒN KHO HÀ LẦM'!R11 -> 0 | E37: ='TỒN KHO HÀ LẦM'!S11 -> 0 | F37: ='TỒN KHO HÀ LẦM'!T11 -> 0 | G37: ='TỒN KHO HÀ LẦM'!U11 -> 17 | H37: ='TỒN KHO HÀ LẦM'!V11 -> 30
B38: 19/9 | C38: Kho Huế | D38: ='TỒN KHO HUẾ'!R15 -> 0 | E38: ='TỒN KHO HUẾ'!S15 -> 8 | F38: ='TỒN KHO HUẾ'!T15 -> 0 | G38: ='TỒN KHO HUẾ'!U15 -> 89 | H38: ='TỒN KHO HUẾ'!V15 -> 3
C39: Kho tăng áp | D39: ='TỒN KHO TĂNG ÁP'!R15 -> 0 | E39: ='TỒN KHO TĂNG ÁP'!S15 -> 30 | F39: ='TỒN KHO TĂNG ÁP'!T15 -> 0 | G39: ='TỒN KHO TĂNG ÁP'!U15 -> 241 | H39: ='TỒN KHO TĂNG ÁP'!V15 -> 26
C40: Kho văn phòng | D40: ='Tồn kho VP'!R14 -> 0 | E40: ='Tồn kho VP'!S14 -> 0 | F40: ='Tồn kho VP'!T14 -> 0 | G40: ='Tồn kho VP'!U14 -> 17 | H40: ='Tồn kho VP'!V14 -> 0
C41: Tồn xe điện
C42: Tồn kho Hà Lầm | D42: ='TỒN KHO HÀ LẦM'!R12 -> 0 | E42: ='TỒN KHO HÀ LẦM'!S12 -> 0 | F42: ='TỒN KHO HÀ LẦM'!T12 -> 0 | G42: ='TỒN KHO HÀ LẦM'!U12 -> 17 | H42: ='TỒN KHO HÀ LẦM'!V12 -> 30
B43: 20/9 | C43: Kho Huế | D43: =+'TỒN KHO HUẾ'!R16 -> 0 | E43: =+'TỒN KHO HUẾ'!S16 -> 8 | F43: =+'TỒN KHO HUẾ'!T16 -> 0 | G43: =+'TỒN KHO HUẾ'!U16 -> 89 | H43: =+'TỒN KHO HUẾ'!V16 -> 3
C44: Kho tăng áp | D44: =+'TỒN KHO TĂNG ÁP'!R17 -> 0 | E44: =+'TỒN KHO TĂNG ÁP'!S17 -> 21 | F44: =+'TỒN KHO TĂNG ÁP'!T17 -> 0 | G44: =+'TỒN KHO TĂNG ÁP'!U17 -> 208 | H44: =+'TỒN KHO TĂNG ÁP'!V17 -> 20
C45: Kho văn phòng | D45: =+'Tồn kho VP'!R15 -> 0 | E45: =+'Tồn kho VP'!S15 -> 0 | F45: =+'Tồn kho VP'!T15 -> 0 | G45: =+'Tồn kho VP'!U15 -> 16 | H45: =+'Tồn kho VP'!V15 -> 0
C46: Tồn xe điện
C47: Tồn kho Hà Lầm | D47: =+'TỒN KHO HÀ LẦM'!R13 -> 0 | E47: =+'TỒN KHO HÀ LẦM'!S13 -> 0 | F47: =+'TỒN KHO HÀ LẦM'!T13 -> 0 | G47: =+'TỒN KHO HÀ LẦM'!U13 -> 17 | H47: =+'TỒN KHO HÀ LẦM'!V13 -> 30
B48: 21/9 | C48: Kho Huế (5 úp + 42 vòi) | D48: ='TỒN KHO HUẾ'!R17 -> 8 | E48: ='TỒN KHO HUẾ'!S17 -> 47 | F48: ='TỒN KHO HUẾ'!T17 -> 0 | G48: ='TỒN KHO HUẾ'!U17 -> 51 | H48: ='TỒN KHO HUẾ'!V17 -> 13
C49: Kho tăng áp | D49: ='TỒN KHO TĂNG ÁP'!R17 -> 0 | E49: ='TỒN KHO TĂNG ÁP'!S17 -> 21 | F49: ='TỒN KHO TĂNG ÁP'!T17 -> 0 | G49: ='TỒN KHO TĂNG ÁP'!U17 -> 208 | H49: ='TỒN KHO TĂNG ÁP'!V17 -> 20
C50: Kho văn phòng | D50: ='Tồn kho VP'!R16 -> 0 | E50: ='Tồn kho VP'!S16 -> 1 | F50: ='Tồn kho VP'!T16 -> 0 | G50: ='Tồn kho VP'!U16 -> 49 | H50: ='Tồn kho VP'!V16 -> 0
C51: Tồn xe điện
C52: Tồn kho Hà Lầm | D52: ='TỒN KHO HÀ LẦM'!R14 -> 0 | E52: ='TỒN KHO HÀ LẦM'!S14 -> 0 | F52: ='TỒN KHO HÀ LẦM'!T14 -> 0 | G52: ='TỒN KHO HÀ LẦM'!U14 -> 17 | H52: ='TỒN KHO HÀ LẦM'!V14 -> 30
B53: 22/9/2026 | C53: Kho Huế (5 úp + 42 vòi) | D53: ='TỒN KHO HUẾ'!R18 -> -3 | E53: ='TỒN KHO HUẾ'!S18 -> 31 | F53: ='TỒN KHO HUẾ'!T18 -> 0 | G53: ='TỒN KHO HUẾ'!U18 -> 46 | H53: ='TỒN KHO HUẾ'!V18 -> 13
C54: Kho tăng áp | D54: ='TỒN KHO TĂNG ÁP'!R18 -> 0 | E54: ='TỒN KHO TĂNG ÁP'!S18 -> 1 | F54: ='TỒN KHO TĂNG ÁP'!T18 -> 0 | G54: ='TỒN KHO TĂNG ÁP'!U18 -> 197 | H54: ='TỒN KHO TĂNG ÁP'!V18 -> 20
C55: Kho văn phòng | D55: ='Tồn kho VP'!R17 -> 0 | E55: ='Tồn kho VP'!S17 -> 1 | F55: ='Tồn kho VP'!T17 -> 0 | G55: ='Tồn kho VP'!U17 -> 37 | H55: ='Tồn kho VP'!V17 -> 0
C56: Tồn xe điện
C57: Tồn kho Hà Lầm | D57: ='TỒN KHO HÀ LẦM'!R14 -> 0 | E57: ='TỒN KHO HÀ LẦM'!S14 -> 0 | F57: ='TỒN KHO HÀ LẦM'!T14 -> 0 | G57: ='TỒN KHO HÀ LẦM'!U14 -> 17 | H57: ='TỒN KHO HÀ LẦM'!V14 -> 30
B58: 23/9/2026 | C58: Kho Huế (5 úp + 42 vòi) | D58: ='TỒN KHO HUẾ'!R19 -> 17 | E58: ='TỒN KHO HUẾ'!S19 -> 11 | F58: ='TỒN KHO HUẾ'!T19 -> 0 | G58: ='TỒN KHO HUẾ'!U19 -> 110 | H58: ='TỒN KHO HUẾ'!V19 -> 13
C59: Kho tăng áp | D59: ='TỒN KHO TĂNG ÁP'!R19 -> 10 | E59: ='TỒN KHO TĂNG ÁP'!S19 -> 15 | F59: ='TỒN KHO TĂNG ÁP'!T19 -> 0 | G59: ='TỒN KHO TĂNG ÁP'!U19 -> 209 | H59: ='TỒN KHO TĂNG ÁP'!V19 -> 39
C60: Kho văn phòng | D60: ='Tồn kho VP'!R18 -> 0 | E60: ='Tồn kho VP'!S18 -> 1 | F60: ='Tồn kho VP'!T18 -> 0 | G60: ='Tồn kho VP'!U18 -> 27 | H60: ='Tồn kho VP'!V18 -> 0
C61: Tồn xe điện
C62: Tồn kho Hà Lầm | D62: ='TỒN KHO HÀ LẦM'!R16 -> 0 | E62: ='TỒN KHO HÀ LẦM'!S16 -> 0 | F62: ='TỒN KHO HÀ LẦM'!T16 -> 0 | G62: ='TỒN KHO HÀ LẦM'!U16 -> 17 | H62: ='TỒN KHO HÀ LẦM'!V16 -> 30
B63: 24/9/2026 | C63: Kho Huế (5 úp + 42 vòi) | D63: ='TỒN KHO HUẾ'!R20 -> 17 | E63: ='TỒN KHO HUẾ'!S20 -> 4 | F63: ='TỒN KHO HUẾ'!T20 -> 0 | G63: ='TỒN KHO HUẾ'!U20 -> 83 | H63: ='TỒN KHO HUẾ'!V20 -> 13
C64: Kho tăng áp | D64: ='TỒN KHO TĂNG ÁP'!R20 -> 10 | E64: ='TỒN KHO TĂNG ÁP'!S20 -> 0 | F64: ='TỒN KHO TĂNG ÁP'!T20 -> 0 | G64: ='TỒN KHO TĂNG ÁP'!U20 -> 146 | H64: ='TỒN KHO TĂNG ÁP'!V20 -> 50
C65: Kho văn phòng | D65: ='Tồn kho VP'!R19 -> 0 | E65: ='Tồn kho VP'!S19 -> 1 | F65: ='Tồn kho VP'!T19 -> 0 | G65: ='Tồn kho VP'!U19 -> 27 | H65: ='Tồn kho VP'!V19 -> 0
C66: Tồn xe điện
C67: Tồn kho Hà Lầm | D67: ='TỒN KHO HÀ LẦM'!R17 -> 0 | E67: ='TỒN KHO HÀ LẦM'!S17 -> 0 | F67: ='TỒN KHO HÀ LẦM'!T17 -> 0 | G67: ='TỒN KHO HÀ LẦM'!U17 -> 17 | H67: ='TỒN KHO HÀ LẦM'!V17 -> 30
B68: 25/9/2026 | C68: Kho Huế (5 úp + 42 vòi) | D68: ='TỒN KHO HUẾ'!R21 -> 11 | E68: ='TỒN KHO HUẾ'!S21 -> 14 | F68: ='TỒN KHO HUẾ'!T21 -> 0 | G68: ='TỒN KHO HUẾ'!U21 -> 149 | H68: ='TỒN KHO HUẾ'!V21 -> 38
C69: Kho tăng áp | D69: ='TỒN KHO TĂNG ÁP'!R21 -> 0 | E69: ='TỒN KHO TĂNG ÁP'!S21 -> 0 | F69: ='TỒN KHO TĂNG ÁP'!T21 -> 0 | G69: ='TỒN KHO TĂNG ÁP'!U21 -> 120 | H69: ='TỒN KHO TĂNG ÁP'!V21 -> 47
C70: Kho văn phòng | D70: ='Tồn kho VP'!R20 -> 0 | E70: ='Tồn kho VP'!S20 -> 1 | F70: ='Tồn kho VP'!T20 -> 0 | G70: ='Tồn kho VP'!U20 -> 25 | H70: ='Tồn kho VP'!V20 -> 0
C71: Tồn xe điện
C72: Tồn kho Hà Lầm | D72: ='TỒN KHO HÀ LẦM'!R18 -> 0 | E72: ='TỒN KHO HÀ LẦM'!S18 -> 0 | F72: ='TỒN KHO HÀ LẦM'!T18 -> 0 | G72: ='TỒN KHO HÀ LẦM'!U18 -> 17 | H72: ='TỒN KHO HÀ LẦM'!V18 -> 30
B73: 26/9/2026 | C73: Kho Huế (5 úp + 42 vòi) | D73: ='TỒN KHO HUẾ'!R22 -> 11 | E73: ='TỒN KHO HUẾ'!S22 -> 11 | F73: ='TỒN KHO HUẾ'!T22 -> 0 | G73: ='TỒN KHO HUẾ'!U22 -> 148 | H73: ='TỒN KHO HUẾ'!V22 -> 28
C74: Kho tăng áp | D74: ='TỒN KHO TĂNG ÁP'!R22 -> 20 | E74: ='TỒN KHO TĂNG ÁP'!S22 -> 9 | F74: ='TỒN KHO TĂNG ÁP'!T22 -> 0 | G74: ='TỒN KHO TĂNG ÁP'!U22 -> 230 | H74: ='TỒN KHO TĂNG ÁP'!V22 -> 45
C75: Kho văn phòng | D75: ='Tồn kho VP'!R21 -> 0 | E75: ='Tồn kho VP'!S21 -> 1 | F75: ='Tồn kho VP'!T21 -> 0 | G75: ='Tồn kho VP'!U21 -> 25 | H75: ='Tồn kho VP'!V21 -> 0
C76: Tồn xe điện | D76: ='tồn xe'!O14 -> 0 | E76: ='tồn xe'!P14 -> 0 | F76: ='tồn xe'!Q14 -> 0 | G76: ='tồn xe'!R14 -> 0 | H76: ='tồn xe'!S14 -> 0
C77: Tồn kho Hà Lầm | D77: ='TỒN KHO HÀ LẦM'!R19 -> 0 | E77: ='TỒN KHO HÀ LẦM'!S19 -> 0 | F77: ='TỒN KHO HÀ LẦM'!T19 -> 0 | G77: ='TỒN KHO HÀ LẦM'!U19 -> 17 | H77: ='TỒN KHO HÀ LẦM'!V19 -> 30
B78: 28/9/2026 | C78: Kho Huế (2 úp + 6 vòi) | D78: ='TỒN KHO HUẾ'!R23 -> 0 | E78: ='TỒN KHO HUẾ'!S23 -> 8 | F78: ='TỒN KHO HUẾ'!T23 -> 0 | G78: ='TỒN KHO HUẾ'!U23 -> 192 | H78: ='TỒN KHO HUẾ'!V23 -> 11
C79: Kho tăng áp | D79: ='TỒN KHO TĂNG ÁP'!R23 -> 1 | E79: ='TỒN KHO TĂNG ÁP'!S23 -> 7 | F79: ='TỒN KHO TĂNG ÁP'!T23 -> 0 | G79: ='TỒN KHO TĂNG ÁP'!U23 -> 214 | H79: ='TỒN KHO TĂNG ÁP'!V23 -> 4
C80: Kho văn phòng | D80: ='Tồn kho VP'!R22 -> 0 | E80: ='Tồn kho VP'!S22 -> 1 | F80: ='Tồn kho VP'!T22 -> 0 | G80: ='Tồn kho VP'!U22 -> 24 | H80: ='Tồn kho VP'!V22 -> 0
C81: Tồn xe điện
C82: Tồn kho Hà Lầm | D82: ='TỒN KHO HÀ LẦM'!R19 -> 0 | E82: ='TỒN KHO HÀ LẦM'!S19 -> 0 | F82: ='TỒN KHO HÀ LẦM'!T19 -> 0 | G82: ='TỒN KHO HÀ LẦM'!U19 -> 17 | H82: ='TỒN KHO HÀ LẦM'!V19 -> 30
B83: 29/9/2026 | C83: Kho Huế (2 úp + 6 vòi) | D83: ='TỒN KHO HUẾ'!R24 -> 0 | E83: ='TỒN KHO HUẾ'!S24 -> 28 | F83: ='TỒN KHO HUẾ'!T24 -> 0 | G83: ='TỒN KHO HUẾ'!U24 -> 213 | H83: ='TỒN KHO HUẾ'!V24 -> 30
C84: Kho tăng áp | D84: ='TỒN KHO TĂNG ÁP'!R24 -> 1 | E84: ='TỒN KHO TĂNG ÁP'!S24 -> 47 | F84: ='TỒN KHO TĂNG ÁP'!T24 -> 0 | G84: ='TỒN KHO TĂNG ÁP'!U24 -> 237 | H84: ='TỒN KHO TĂNG ÁP'!V24 -> 4
C85: Kho văn phòng | D85: ='Tồn kho VP'!R22 -> 0 | E85: ='Tồn kho VP'!S22 -> 1 | F85: ='Tồn kho VP'!T22 -> 0 | G85: ='Tồn kho VP'!U22 -> 24 | H85: ='Tồn kho VP'!V22 -> 0
C86: Tồn xe điện
C87: Tồn kho Hà Lầm | D87: ='TỒN KHO HÀ LẦM'!R20 -> 0 | E87: ='TỒN KHO HÀ LẦM'!S20 -> 0 | F87: ='TỒN KHO HÀ LẦM'!T20 -> 0 | G87: ='TỒN KHO HÀ LẦM'!U20 -> 17 | H87: ='TỒN KHO HÀ LẦM'!V20 -> 19
B88: 30/9/2026 | C88: Kho Huế (2 úp + 6 vòi) | D88: ='TỒN KHO HUẾ'!R26 -> 10 | E88: ='TỒN KHO HUẾ'!S26 -> 28 | F88: ='TỒN KHO HUẾ'!T26 -> 0 | G88: ='TỒN KHO HUẾ'!U26 -> 201 | H88: ='TỒN KHO HUẾ'!V26 -> 6
C89: Kho tăng áp | D89: ='TỒN KHO TĂNG ÁP'!R25 -> 15 | E89: ='TỒN KHO TĂNG ÁP'!S25 -> 43 | F89: ='TỒN KHO TĂNG ÁP'!T25 -> 0 | G89: ='TỒN KHO TĂNG ÁP'!U25 -> 312 | H89: ='TỒN KHO TĂNG ÁP'!V25 -> 54
C90: Kho văn phòng
C91: Tồn xe điện | D91: ='tồn xe'!O15 -> 0 | E91: ='tồn xe'!P15 -> 0 | F91: ='tồn xe'!Q15 -> 6 | G91: ='tồn xe'!R15 -> 0 | H91: ='tồn xe'!S15 -> 0
C92: Tồn kho Hà Lầm | D92: ='TỒN KHO HÀ LẦM'!R21 -> 0 | E92: ='TỒN KHO HÀ LẦM'!S21 -> 0 | F92: ='TỒN KHO HÀ LẦM'!T21 -> 0 | G92: ='TỒN KHO HÀ LẦM'!U21 -> 17 | H92: ='TỒN KHO HÀ LẦM'!V21 -> 19

Sheet TỒN KHO HUẾ
A1: STT | B1: NGÀY | C1: TỒN ĐẦU KỲ | H1: NHẬP | M1: XUẤT | R1: TỒN CUỐI | W1: Ghi chú | Y1: XUẤT
C3: BÌNH RO | D3: BÌNH KIỀM | E3: hộp 500 ml | F3: VỈ 500ML | G3: VỈ 350ML | H3: BÌNH RO | I3: BÌNH KIỀM | J3: Hộp 500 ml | K3: VỈ 500ML | L3: VỈ 350ML | M3: BÌNH RO | N3: BÌNH KIỀM | O3: hộp 500 ml | P3: VỈ 500ML | Q3: VỈ 350ML | R3: BÌNH RO | S3: BÌNH KIỀM | T3: hộp 500ml | U3: VỈ 500ML | V3: VỈ 350ML | Y3: Họ tên | Z3: Bộ phận | AA3: Vỉ 500ml | AB3: TẶNG Vỉ 500ml | AC3: Thùng 500 ml | AD3: TẶNG Thùng 500 ml | AE3: Vỉ 350ml | AF3: TẶNG Vỉ 350ml | AG3: Thùng 350 ml | AH3: TẶNG Thùng 350 ml | AI3: Bình Ion | AJ3: TẶNG Bình Ion | AK3: Bình RO | AL3: TẶNG Bình RO
B4: 46273 | D4: 0 | F4: 17 | G4: 30 | K4: =120 -> 120 | P4: =11+4+3 -> 18 | R4: =C4+H4-M4 -> 0 | S4: =D4+I4-N4 -> 0 | T4: =E4+J4-O4 -> 0 | U4: =F4+K4-P4 -> 119 | V4: =G4+L4-Q4 -> 30
B5: 9/9/2026 | C5: =R4 -> 0 | D5: =S4 -> 0 | F5: =U4 -> 119 | G5: =V4 -> 30 | R5: =C5+H5-M5 -> 0 | S5: =D5+I5-N5 -> 0 | T5: =E5+J5-O5 -> 0 | U5: =F5+K5-P5 -> 119 | V5: =G5+L5-Q5 -> 30 | X5: 46263 | Y5: Huế bán | Z5: XN | AA5: 113
B6: 10/9/2026 | C6: =R5 -> 0 | D6: =S5 -> 0 | F6: =U5 -> 119 | G6: =V5 -> 30 | P6: 47 | Q6: 22 | R6: =C6+H6-M6 -> 0 | S6: =D6+I6-N6 -> 0 | T6: =E6+J6-O6 -> 0 | U6: =F6+K6-P6 -> 72 | V6: =G6+L6-Q6 -> 8 | X6: 46263 | Y6: xe điện | Z6: XN | AA6: 44
B7: 11//9 | C7: =R6 -> 0 | D7: =S6 -> 0 | F7: =U6 -> 72 | G7: =V6 -> 8 | P7: 32 | R7: =C7+H7-M7 -> 0 | S7: =D7+I7-N7 -> 0 | T7: =E7+J7-O7 -> 0 | U7: =F7+K7-P7 -> 40 | V7: =G7+L7-Q7 -> 8 | X7: 46264 | Y7: sếp Tâm- vỉ km | Z7: XN | AE7: 1
B8: 12/9 | C8: =R7 -> 0 | D8: =S7 -> 0 | F8: =U7 -> 40 | G8: =V7 -> 8 | P8: 32 | R8: =C8+H8-M8 -> 0 | S8: =D8+I8-N8 -> 0 | T8: =E8+J8-O8 -> 0 | U8: =F8+K8-P8 -> 8 | V8: =G8+L8-Q8 -> 8 | X8: 46264 | Y8: mạnh-cao xanh | Z8: XN | AE8: 2
B9: 13/9/2026 | C9: =R8 -> 0 | D9: =S8 -> 0 | F9: =U8 -> 8 | G9: =V8 -> 8 | P9: 8 | R9: =C9+H9-M9 -> 0 | S9: =D9+I9-N9 -> 0 | T9: =E9+J9-O9 -> 0 | U9: =F9+K9-P9 -> 0 | V9: =G9+L9-Q9 -> 8 | X9: 46264 | Y9: Huế bán | Z9: XN | AA9: 11
B10: 14/9/2026 | C10: =R9 -> 0 | D10: =S9 -> 0 | F10: =U9 -> 0 | G10: =V9 -> 8 | K10: 38 | L10: 50 | P10: 5 | R10: =C10+H10-M10 -> 0 | S10: =D10+I10-N10 -> 0 | T10: =E10+J10-O10 -> 0 | U10: =F10+K10-P10 -> 33 | V10: =G10+L10-Q10 -> 58 | X10: 46267 | Y10: anh ngọc | Z10: XN | AE10: 5
B11: 15/9/2026 | C11: =R10 -> 0 | D11: =S10 -> 0 | F11: =U10 -> 33 | G11: =V10 -> 58 | K11: 50 | P11: =33+11 -> 44 | R11: =C11+H11-M11 -> 0 | S11: =D11+I11-N11 -> 0 | T11: =E11+J11-O11 -> 0 | U11: =F11+K11-P11 -> 39 | V11: =G11+L11-Q11 -> 58 | X11: 46268 | Y11: Quỳnh búp bê | Z11: XN | AA11: 5
B12: 16/9/2026 | C12: =R11 -> 0 | D12: =S11 -> 0 | F12: =U11 -> 39 | G12: =V11 -> 58 | H12: =17+13 -> 30 | K12: 8 | M12: =17+13 -> 30 | P12: 11 | R12: =C12+H12-M12 -> 0 | S12: =D12+I12-N12 -> 0 | T12: =E12+J12-O12 -> 0 | U12: =F12+K12-P12 -> 36 | V12: =G12+L12-Q12 -> 58 | X12: 46268 | Y12: Dung tổ DV | Z12: XN | AA12: 2
B13: 17/9/2026 | C13: =R12 -> 0 | D13: =S12 -> 0 | F13: =U12 -> 36 | G13: =V12 -> 58 | H13: 20 | I13: 20 | K13: 55 | P13: 23 | Q13: 11 | R13: =C13+H13-M13 -> 20 | S13: =D13+I13-N13 -> 20 | T13: =E13+J13-O13 -> 0 | U13: =F13+K13-P13 -> 68 | V13: =G13+L13-Q13 -> 47 | X13: 46269 | Y13: cây xăng hà trung | Z13: BC | AA13: 11
B14: 18/9/2026 | C14: =R13 -> 20 | D14: =S13 -> 20 | F14: =U13 -> 68 | G14: =V13 -> 47 | K14: 50 | M14: 17 | N14: 11 | P14: 12 | Q14: 22 | R14: =C14+H14-M14 -> 3 | S14: =D14+I14-N14 -> 9 | T14: =E14+J14-O14 -> 0 | U14: =F14+K14-P14 -> 106 | V14: =G14+L14-Q14 -> 25 | X14: 46269 | Y14: Huế bán- Cưới hỏi | Z14: XN | AA14: 11
B15: 19/9/2026 | C15: =R14 -> 3 | D15: =S14 -> 9 | F15: =U14 -> 106 | G15: =V14 -> 25 | M15: 3 | N15: 1 | P15: =11+6 -> 17 | Q15: 22 | R15: =C15+H15-M15 -> 0 | S15: =D15+I15-N15 -> 8 | T15: =E15+J15-O15 -> 0 | U15: =F15+K15-P15 -> 89 | V15: =G15+L15-Q15 -> 3 | X15: 46269 | Y15: sơn hà tu- the bay | Z15: XN | AA15: 11
B16: 20/9/2026 | C16: =R15 -> 0 | D16: =S15 -> 8 | F16: =U15 -> 89 | G16: =V15 -> 3 | R16: =C16+H16-M16 -> 0 | S16: =D16+I16-N16 -> 8 | T16: =E16+J16-O16 -> 0 | U16: =F16+K16-P16 -> 89 | V16: =G16+L16-Q16 -> 3 | X16: 46269 | Y16: café lính | Z16: cty | AA16: 11
B17: 21/9/2026 | C17: =R16 -> 0 | D17: =S16 -> 8 | F17: =U16 -> 89 | G17: =V16 -> 3 | H17: 10 | I17: =30+10 -> 40 | K17: 28 | L17: 10 | M17: 2 | N17: 1 | P17: 66 | R17: =C17+H17-M17 -> 8 | S17: =D17+I17-N17 -> 47 | T17: =E17+J17-O17 -> 0 | U17: =F17+K17-P17 -> 51 | V17: =G17+L17-Q17 -> 13 | W17: 5 úp + 42 vòi | X17: 46269 | Y17: đôi cây hk - thị thu | Z17: XN | AA17: 11
B18: 22/9/2026 | C18: =R17 -> 8 | D18: =S17 -> 47 | F18: =U17 -> 51 | G18: =V17 -> 13 | K18: =50+85 -> 135 | M18: 11 | N18: 16 | P18: =55+85 -> 140 | R18: =C18+H18-M18 -> -3 | S18: =D18+I18-N18 -> 31 | T18: =E18+J18-O18 -> 0 | U18: =F18+K18-P18 -> 46 | V18: =G18+L18-Q18 -> 13 | X18: 46269 | Y18: vịt biển | Z18: CP | AA18: 11
B19: 23/9/2026 | C19: =R18 -> -3 | D19: =S18 -> 31 | F19: =U18 -> 46 | G19: =V18 -> 13 | H19: 20 | K19: 88 | N19: 20 | P19: 24 | R19: =C19+H19-M19 -> 17 | S19: =D19+I19-N19 -> 11 | T19: =E19+J19-O19 -> 0 | U19: =F19+K19-P19 -> 110 | V19: =G19+L19-Q19 -> 13 | X19: 46269 | Y19: thuhà lầm | Z19: XN | AA19: 11
B20: 24/9/2026 (2 vòi + 2 úp) | C20: =R19 -> 17 | D20: =S19 -> 11 | F20: =U19 -> 110 | G20: =V19 -> 13 | N20: 7 | P20: 27 | R20: =C20+H20-M20 -> 17 | S20: =D20+I20-N20 -> 4 | T20: =E20+J20-O20 -> 0 | U20: =F20+K20-P20 -> 83 | V20: =G20+L20-Q20 -> 13 | X20: 46269 | Y20: cẩm- HG | Z20: XN | AA20: 11
B21: 25/9/2026 | C21: =R20 -> 17 | D21: =S20 -> 4 | F21: =U20 -> 83 | G21: =V20 -> 13 | H21: =10 -> 10 | I21: 10 | K21: =22+11+22+11 -> 66 | L21: =11+22 -> 33 | M21: 16 | Q21: 8 | R21: =C21+H21-M21 -> 11 | S21: =D21+I21-N21 -> 14 | T21: =E21+J21-O21 -> 0 | U21: =F21+K21-P21 -> 149 | V21: =G21+L21-Q21 -> 38 | X21: 46269 | Y21: a ngọc - CX | Z21: XN | AA21: 2
B22: 26/9/2026 | C22: =R21 -> 11 | D22: =S21 -> 14 | F22: =U21 -> 149 | G22: =V21 -> 38 | N22: 3 | P22: 1 | Q22: 10 | R22: =C22+H22-M22 -> 11 | S22: =D22+I22-N22 -> 11 | T22: =E22+J22-O22 -> 0 | U22: =F22+K22-P22 -> 148 | V22: =G22+L22-Q22 -> 28 | X22: 46269 | Y22: Quỳnh búp bê | Z22: XN | AA22: 2
B23: 28/9/2026 | C23: =R22 -> 11 | D23: =S22 -> 11 | F23: =U22 -> 148 | G23: =V22 -> 28 | I23: 33 | K23: 108 | M23: 11 | N23: =6+30 -> 36 | P23: 64 | Q23: 17 | R23: =C23+H23-M23 -> 0 | S23: =D23+I23-N23 -> 8 | T23: =E23+J23-O23 -> 0 | U23: =F23+K23-P23 -> 192 | V23: =G23+L23-Q23 -> 11 | X23: 46269 | Y23: FLC | Z23: BC | AE23: 5
B24: 29/9/2026 | C24: =R23 -> 0 | D24: =S23 -> 8 | F24: =U23 -> 192 | G24: =V23 -> 11 | I24: 20 | K24: 32 | L24: 30 | P24: 11 | Q24: 11 | R24: =C24+H24-M24 -> 0 | S24: =D24+I24-N24 -> 28 | T24: =E24+J24-O24 -> 0 | U24: =F24+K24-P24 -> 213 | V24: =G24+L24-Q24 -> 30 | X24: 46270 | Y24: huế bán- Thái Nguyên 1 | Z24: XN | AA24: 55
B25: 29/9/2026 | C25: =R24 -> 0 | D25: =S24 -> 28 | F25: =U24 -> 213 | G25: =V24 -> 30 | R25: =C25+H25-M25 -> 0 | S25: =D25+I25-N25 -> 28 | T25: =E25+J25-O25 -> 0 | U25: =F25+K25-P25 -> 213 | V25: =G25+L25-Q25 -> 30 | X25: 46271 | Y25: mai anh- HG | Z25: XN | AA25: 2
B26: 30/9/2026 | C26: =R25 -> 0 | D26: =S25 -> 28 | F26: =U25 -> 213 | G26: =V25 -> 30 | H26: 10 | K26: 10 | P26: 22 | Q26: 24 | R26: =C26+H26-M26 -> 10 | S26: =D26+I26-N26 -> 28 | T26: =E26+J26-O26 -> 0 | U26: =F26+K26-P26 -> 201 | V26: =G26+L26-Q26 -> 6 | X26: 46271 | Y26: tuyết lan | Z26: XN | AA26: 11
X27: 46271 | Y27: Phương- béo | Z27: XN | AE27: 1
X28: 7/9/2026 | Y28: xe điện | AA28: 22
X29: 7/9/2026 | Y29: xe điện | AA29: 17
X30: 7/9/2026 | Y30: Hồng gai ship | Z30: cty | AI30: 1
X31: 7/9/2026 | Y31: Hồng gai ship | Z31: cty | AI31: 1
X32: 8/9/2026 | Y32: E tú ghi số lấy 11 vỉ 500 ship đơn ngõ 14 bãi muối | AA32: 11
Y33: C Huyền lấy 4 vỉ 500 ship 2 đơn | AA33: 4
Y34: Chị hằng cx lấy 3 vỉ 500 | AA34: 3
X35: 10/9/2026 | Y35: 4 vỉ 500ml vào 315 Cao Xanh. Cửa hàng đt Dũng Tí, 098 4312638
Y36: Tươi Đá Trắng số 19 Ba Đèo, 8 bình ion+ 11 vỉ 500 ml, 0915158863, chở đến điêm gọi chị tươi đến bốc
Z103: TỔNG XUẤT | AA103: =SUM(AA6:AA102) -> 279 | AB103: =SUM(AB6:AB102) -> 0 | AC103: =SUM(AC6:AC102) -> 0 | AD103: =SUM(AD6:AD102) -> 0 | AE103: =SUM(AE6:AE102) -> 14 | AF103: =SUM(AF6:AF102) -> 0 | AG103: =SUM(AG6:AG102) -> 0 | AH103: =SUM(AH6:AH102) -> 0 | ... AL103: =SUM(AL6:AL102) -> 0
Z104: Tồn Cuối Kỳ | AA104: =I5+I103-AA103 -> -279 | AB104: =K5+K103-AB103 -> 0 | AC104: =L5+L103-AC103 -> 0 | AD104: =M5+M103-AD103 -> 0 | AE104: =N5+N103-AE103 -> -14 | AF104: =P5+P103-AF103 -> 0 | AG104: =Q5+Q103-AG103 -> 0 | AH104: =R5+R103-AH103 -> 0 | AI104: =S5+S103-AI103 -> -2 | AJ104: =U5+U103-AJ103 -> 119 | AK104: =V5+V103-AK103 -> 30 | AL104: =W5+W103-AL103 -> 0

Sheet TỒN KHO TĂNG ÁP
A1: STT | B1: NGÀY | C1: TỒN ĐẦU KỲ | H1: NHẬP | M1: XUẤT | R1: TỒN CUỐI | Y1: XUẤT
C2: BÌNH RO | D2: BÌNH KIỀM | E2: HỘP 500 | F2: VỈ 500ML | G2: VỈ 350ML | H2: BÌNH RO | I2: BÌNH KIỀM | J2: HỘP 500 | K2: VỈ 500ML | L2: VỈ 350ML | M2: BÌNH RO | N2: BÌNH KIỀM | O2: HỘP 500 | P2: VỈ 500ML | Q2: VỈ 350ML | R2: BÌNH RO | S2: BÌNH KIỀM | T2: HỘP 500 | U2: VỈ 500ML | V2: VỈ 350ML | Y2: Họ tên | Z2: Bộ phận | AA2: Vỉ 500ml | AB2: TẶNG Vỉ 500ml | AC2: Thùng 500 ml | AD2: TẶNG Thùng 500 ml | AE2: Vỉ 350ml | AF2: TẶNG Vỉ 350ml | AG2: Thùng 350 ml | AH2: TẶNG Thùng 350 ml | AI2: Bình Ion | AJ2: TẶNG Bình Ion | AK2: Bình RO | AL2: TẶNG Bình RO
B4: 46273 | D4: 9 | F4: 0 | G4: 16 | I4: 3 | K4: =52+60 -> 112 | L4: 38 | N4: =4+3 -> 7 | P4: =22+22+3+2+4 -> 53 | Q4: =11+3+22 -> 36 | R4: =C4+H4-M4 -> 0 | S4: =D4+I4-N4 -> 5 | T4: =E4+J4-O4 -> 0 | U4: =F4+K4-P4 -> 59 | V4: =G4+L4-Q4 -> 18
B5: 46274 | C5: =R4 -> 0 | D5: =S4 -> 5 | F5: =U4 -> 59 | G5: =V4 -> 18 | I5: 20 | J5: 11 | L5: 40 | M5: =AK70 -> 0 | N5: 3 | O5: 11 | P5: 7 | Q5: 1 | R5: =C5+H5-M5 -> 0 | S5: =D5+I5-N5 -> 22 | T5: =E5+J5-O5 -> 0 | U5: =F5+K5-P5 -> 52 | V5: =G5+L5-Q5 -> 57 | X5: 46262 | Y5: sân Pick star | Z5: Công ty | AA5: 11
B6: 10/9/2026 | C6: =R5 -> 0 | D6: =S5 -> 22 | E6: 11 | F6: =U5 -> 52 | G6: =V5 -> 57 | I6: 22 | K6: 66 | N6: 23 | O6: 11 | P6: 33 | R6: =C6+H6-M6 -> 0 | S6: =D6+I6-N6 -> 21 | T6: =E6+J6-O6 -> 0 | U6: =F6+K6-P6 -> 85 | V6: =G6+L6-Q6 -> 57 | X6: 46262 | Y6: trường LHP | Z6: Bãi Cháy | AE6: 3
B7: 11/9 | C7: =R6 -> 0 | D7: =S6 -> 21 | F7: =U6 -> 85 | G7: =V6 -> 57 | K7: 60 | P7: 6 | S7: =D7+I7-N7 -> 21 | T7: =E7+J7-O7 -> 0 | U7: =F7+K7-P7 -> 139 | V7: =G7+L7-Q7 -> 57 | X7: 46262 | Y7: Huyền GS Hạ Long | Z7: XN | AE7: 3
B8: 12/9/2026 | C8: =R7 -> 0 | D8: =S7 -> 21 | F8: =U7 -> 139 | G8: =V7 -> 57 | L8: 20 | P8: 16 | Q8: 36 | S8: =D8+I8-N8 -> 21 | T8: =E8+J8-O8 -> 0 | U8: =F8+K8-P8 -> 123 | V8: =G8+L8-Q8 -> 41 | X8: 46262 | Y8: xe điện | Z8: XN | AA8: 22
B9: 13/9/2026 | C9: =R8 -> 0 | D9: =S8 -> 21 | F9: =U8 -> 123 | G9: =V8 -> 41 | P9: =46+33 -> 79 | S9: =D9+I9-N9 -> 21 | T9: =E9+J9-O9 -> 0 | U9: =F9+K9-P9 -> 44 | V9: =G9+L9-Q9 -> 41 | X9: 46263 | Y9: Mai ghi số | Z9: XN | AA9: 2
B10: 14/9/2026 | C10: =R9 -> 0 | D10: =S9 -> 21 | F10: =U9 -> 44 | G10: =V9 -> 41 | K10: 50 | N10: 10 | P10: =44+5 -> 49 | S10: =D10+I10-N10 -> 11 | T10: =E10+J10-O10 -> 0 | U10: =F10+K10-P10 -> 45 | V10: =G10+L10-Q10 -> 41 | X10: 46263 | Y10: a Thảo | Z10: XN | AA10: 11
B11: 15/9/2026 | C11: =R10 -> 0 | D11: =S10 -> 11 | F11: =U10 -> 45 | G11: =V10 -> 41 | H11: 4 | I11: 10 | K11: 54 | M11: 4 | N11: 10 | Q11: 2 | S11: =D11+I11-N11 -> 11 | T11: =E11+J11-O11 -> 0 | U11: =F11+K11-P11 -> 99 | V11: =G11+L11-Q11 -> 39 | X11: 46263 | Y11: hương biển | Z11: XN | AA11: 33
B12: 16/9/2026 | C12: =R11 -> 0 | D12: =S11 -> 11 | F12: =U11 -> 99 | G12: =V11 -> 39 | I12: 22 | K12: 58 | N12: 33 | P12: 18 | S12: =D12+I12-N12 -> 0 | T12: =E12+J12-O12 -> 0 | U12: =F12+K12-P12 -> 139 | V12: =G12+L12-Q12 -> 39 | X12: 46263 | Y12: Thùy | Z12: XN | AI12: 2
B13: 17/9/2026 | C13: =R12 -> 0 | D13: =S12 -> 0 | F13: =U12 -> 139 | G13: =V12 -> 39 | K13: 85 | P13: 94 | Q13: 2 | S13: =D13+I13-N13 -> 0 | T13: =E13+J13-O13 -> 0 | U13: =F13+K13-P13 -> 130 | V13: =G13+L13-Q13 -> 37 | X13: 46264 | Y13: Huế đi ship | AA13: 22
B14: 18/9/2026 | C14: =R13 -> 0 | D14: =S13 -> 0 | F14: =U13 -> 130 | G14: =V13 -> 37 | K14: =70+3 -> 73 | P14: 12 | Q14: 11 | S14: =D14+I14-N14 -> 0 | T14: =E14+J14-O14 -> 0 | U14: =F14+K14-P14 -> 191 | V14: =G14+L14-Q14 -> 26 | X14: 46264 | Y14: Tuấn lấy nội bộ | AA14: 2
B15: 19/9/2026 | C15: =R14 -> 0 | D15: =S14 -> 0 | F15: =U14 -> 191 | G15: =V14 -> 26 | I15: 30 | K15: 72 | P15: =11+11 -> 22 | S15: =D15+I15-N15 -> 30 | T15: =E15+J15-O15 -> 0 | U15: =F15+K15-P15 -> 241 | V15: =G15+L15-Q15 -> 26 | X15: 46264 | Y15: chi ship đơn CP | AE15: 4
B16: 20/9/2026 | C16: =R15 -> 0 | D16: =S15 -> 30 | F16: =U15 -> 241 | G16: =V15 -> 26 | P16: =22+11 -> 33 | S16: =D16+I16-N16 -> 30 | T16: =E16+J16-O16 -> 0 | U16: =F16+K16-P16 -> 208 | V16: =G16+L16-Q16 -> 26 | X16: 46264 | Y16: Huế đi ship | AI16: 5
B17: 21/9/2026 | C17: =R16 -> 0 | D17: =S16 -> 30 | F17: =U16 -> 208 | G17: =V16 -> 26 | N17: 9 | Q17: 6 | S17: =D17+I17-N17 -> 21 | T17: =E17+J17-O17 -> 0 | U17: =F17+K17-P17 -> 208 | V17: =G17+L17-Q17 -> 20 | X17: 46264 | Y17: Huế đi ship | AK17: 6
B18: 22/9/2026 | C18: =R17 -> 0 | D18: =S17 -> 21 | F18: =U17 -> 208 | G18: =V17 -> 20 | N18: 20 | P18: 11 | S18: =D18+I18-N18 -> 1 | T18: =E18+J18-O18 -> 0 | U18: =F18+K18-P18 -> 197 | V18: =G18+L18-Q18 -> 20 | X18: 46266 | Y18: ngõ 1 Lê Thanh Nghị | Z18: BC | AA18: 3
B19: 23/9/2026 | C19: =R18 -> 0 | D19: =S18 -> 1 | F19: =U18 -> 197 | G19: =V18 -> 20 | H19: 10 | I19: 36 | K19: 67 | L19: 30 | N19: 22 | P19: 55 | Q19: 11 | R19: =C19+H19-M19 -> 10 | S19: =D19+I19-N19 -> 15 | T19: =E19+J19-O19 -> 0 | U19: =F19+K19-P19 -> 209 | V19: =G19+L19-Q19 -> 39 | X19: 46266 | Y19: Thùy | Z19: XN | AA19: 5
B20: 24/9/2024 | C20: =R19 -> 10 | D20: =S19 -> 15 | F20: =U19 -> 209 | G20: =V19 -> 39 | K20: 104 | L20: 11 | N20: =5+10 -> 15 | P20: =68+99 -> 167 | R20: =C20+H20-M20 -> 10 | S20: =D20+I20-N20 -> 0 | T20: =E20+J20-O20 -> 0 | U20: =F20+K20-P20 -> 146 | V20: =G20+L20-Q20 -> 50 | X20: 46266 | Y20: Huế đi ship | AI20: 2
B21: 25/9/2026 | C21: =R20 -> 10 | D21: =S20 -> 0 | F21: =U20 -> 146 | G21: =V20 -> 50 | M21: 10 | P21: 26 | Q21: 3 | R21: =C21+H21-M21 -> 0 | S21: =D21+I21-N21 -> 0 | T21: =E21+J21-O21 -> 0 | U21: =F21+K21-P21 -> 120 | V21: =G21+L21-Q21 -> 47 | X21: 46267 | Y21: Huế đi ship | AI21: 4
B22: 26/9/2026 | C22: =R21 -> 0 | D22: =S21 -> 0 | F22: =U21 -> 120 | G22: =V21 -> 47 | H22: 20 | I22: 12 | K22: 110 | N22: 3 | Q22: 2 | R22: =C22+H22-M22 -> 20 | S22: =D22+I22-N22 -> 9 | T22: =E22+J22-O22 -> 0 | U22: =F22+K22-P22 -> 230 | V22: =G22+L22-Q22 -> 45 | X22: 46268 | Y22: Quỳnh lấy nội bộ | AK22: 2
B23: 28/9/2026 | C23: =R22 -> 20 | D23: =S22 -> 9 | F23: =U22 -> 230 | G23: =V22 -> 45 | M23: 19 | N23: 2 | P23: 16 | Q23: 41 | R23: =C23+H23-M23 -> 1 | S23: =D23+I23-N23 -> 7 | T23: =E23+J23-O23 -> 0 | U23: =F23+K23-P23 -> 214 | V23: =G23+L23-Q23 -> 4 | X23: 46268 | Y23: sơn Hà tu | Z23: XN | AK23: 3
B24: 29/9/2026 | C24: =R23 -> 1 | D24: =S23 -> 7 | F24: =U23 -> 214 | G24: =V23 -> 4 | H24: 33 | I24: 40 | K24: =11+34 -> 45 | M24: 33 | P24: =11+11 -> 22 | R24: =C24+H24-M24 -> 1 | S24: =D24+I24-N24 -> 47 | T24: =E24+J24-O24 -> 0 | U24: =F24+K24-P24 -> 237 | V24: =G24+L24-Q24 -> 4 | X24: 46268 | Y24: Nhung | Z24: Công ty | AI24: 2
B25: 30/9/2026 | C25: =R24 -> 1 | D25: =S24 -> 47 | F25: =U24 -> 237 | G25: =V24 -> 4 | H25: 30 | K25: =78+2 -> 80 | L25: 50 | M25: 16 | N25: 4 | P25: 5 | R25: =C25+H25-M25 -> 15 | S25: =D25+I25-N25 -> 43 | T25: =E25+J25-O25 -> 0 | U25: =F25+K25-P25 -> 312 | V25: =G25+L25-Q25 -> 54 | X25: 46268 | Y25: c nhã nhà trẻ hoa hồng | Z25: Công ty | AI25: 4
K26: 2 vỉ Nam Vâu trả thời Min Hương | X26: 46268 | Y26: xe điện | AA26: 21
X27: 46268 | Y27: Thị Thu | AA27: 12
X28: 46269 | Y28: xe điện | AA28: 22 | AE28: 16
X29: 46269 | Y29: ngà | AI29: 3
X30: 46269 | Y30: liễu | AA30: 2
X31: 46270 | Y31: xe điện | AA31: 33
X32: 46270 | Y32: ngọc anh ship | Z32: BC | AA32: 2
X33: 46270 | Y33: đỗ hà ship | Z33: BC | AA33: 4
X34: 46271 | Y34: đỗ hà ship | Z34: BC | AE34: 2
X35: 46271 | Y35: chi ship | Z35: XN | AI35: 2
X36: 46271 | Y36: đỗ hà ship | Z36: BC | AI36: 2
X37: 46272 | Y37: Xuân | AA37: 3 | AE37: 2 | AI37: 10 | AJ37: 1
X38: 46272 | Y38: Xuân | AA38: 3 | AE38: 2 | AI38: 10 | AJ38: 1
Y39: Mai ghi số | AA39: 2
Y40: xe điện | AA40: 36
Y41: Hằng Bảo vệ | AA41: 6
Y42: phương thủ kho | AK42: 10 | AL42: 1
Y43: nam ( vâu) | AA43: 2
Y44: thùy bảo vệ | AA44: 6
Y45: Thanh ship | AA45: 2
Y46: Sinh | AI46: 4
Y47: xe điện | AA47: 11 | AE47: 33 | AI47: 2
Y48: ub | AK48: 8
Y49: ngà | AK49: 4
X50: 46243 | Y50: Phương+Huế | AA50: 22
Y51: Phương+Huế | AA51: 22
Y52: Phương+Huế | AE52: 11 | AI52: 4
Y53: Xuân | AA53: 3 | AE53: 3
Y54: lại Lan | AA54: 2
Y55: Hằng Bảo vệ | AA55: 4
Y56: Phương+Huế | AE56: 22
Y57: Hằng Bảo vệ ship đơn Đa khoa hoàng anh | AI57: 3
X58: 9/9/2026 | Y58: lại Lan | AI58: 1
Y59: Xuân | AA59: 4
Y60: lại Lan | AA60: 3 | AE60: 1
Y61: Chi | AI61: 2
Y62: xuân | AC62: 11
Z70: TỔNG XUẤT | AA70: =SUM(AA50:AA69) -> 60 | AB70: =SUM(AB50:AB69) -> 0 | AC70: =SUM(AC50:AC69) -> 11 | AD70: =SUM(AD50:AD69) -> 0 | AE70: =SUM(AE50:AE69) -> 37 | AF70: =SUM(AF50:AF69) -> 0 | AG70: =SUM(AG50:AG69) -> 0 | AH70: =SUM(AH50:AH69) -> 0 | ... AL70: =SUM(AL50:AL69) -> 0
Z71: Tồn Cuối Kỳ | AA71: =I5+I125-AA70 -> -40 | AB71: =K5+K125-AB70 -> 0 | AC71: =L5+L125-AC70 -> 29 | AD71: =M5+M125-AD70 -> 0 | AE71: =N5+N125-AE70 -> -34 | AF71: =P5+P125-AF70 -> 7 | AG71: =Q5+Q125-AG70 -> 1 | AH71: =R5+R125-AH70 -> 0 | AI71: =S5+S125-AI70 -> 12 | AJ71: =U5+U125-AJ70 -> 52 | AK71: =V5+V125-AK70 -> 57 | AL71: =W5+W125-AL70 -> 0

Sheet tồn xe
A1: STT | B1: NGÀY | C1: TỒN ĐẦU KỲ | G1: NHẬP | K1: XUẤT | O1: TỒN CUỐI | U1: XUẤT
C2: BÌNH RO | D2: BÌNH KIỀM | E2: VỈ 500ML | F2: VỈ 350ML | G2: BÌNH RO | H2: BÌNH KIỀM | I2: VỈ 500ML | J2: VỈ 350ML | K2: BÌNH RO | L2: BÌNH KIỀM | M2: VỈ 500ML | N2: VỈ 350ML | O2: BÌNH RO | P2: BÌNH KIỀM | Q2: VỈ 500ML | R2: VỈ 350ML | U2: Họ tên | V2: Bộ phận | W2: Vỉ 500ml | X2: TẶNG Vỉ 500ml | Y2: Thùng 500 ml | Z2: TẶNG Thùng 500 ml | AA2: Vỉ 350ml | AB2: TẶNG Vỉ 350ml | AC2: Thùng 350 ml | AD2: TẶNG Thùng 350 ml | AE2: Bình Ion | AF2: TẶNG Bình Ion | AG2: Bình RO | AH2: TẶNG Bình RO
B3: 46273 | E3: 11 | M3: 11 | O3: =C3+G3-K3 -> 0 | P3: =D3+H3-L3 -> 0 | Q3: =E3+I3-M3 -> 0 | R3: =F3+J3-N3 -> 0
B4: 46274 | O4: =C4+G4-K4 -> 0 | P4: =D4+H4-L4 -> 0 | Q4: =E4+I4-M4 -> 0 | R4: =F4+J4-N4 -> 0 | T4: 46243 | U4: Nhà Nghỉ Hà Duy, phố Trần Cao Vân, đường sông 3, 10 vỉ 500ml, ĐT 0977 367679 | W4: 11
B5: 13/9/2026 | I5: =49+8 -> 57 | M5: =22+24 -> 46 | O5: =C5+G5-K5 -> 0 | P5: =D5+H5-L5 -> 0 | Q5: =E5+I5-M5 -> 11 | R5: =F5+J5-N5 -> 0
B6: 14/9/2026 | C6: =O5 -> 0 | D6: =P5 -> 0 | E6: =Q5 -> 11 | F6: =R5 -> 0 | M6: 11 | O6: =C6+G6-K6 -> 0 | P6: =D6+H6-L6 -> 0 | Q6: =E6+I6-M6 -> 0 | R6: =F6+J6-N6 -> 0
B7: 15/9/2026 | C7: =O6 -> 0 | D7: =P6 -> 0 | E7: =Q6 -> 0 | F7: =R6 -> 0 | I7: 33 | M7: =22+11 -> 33 | O7: =C7+G7-K7 -> 0 | P7: =D7+H7-L7 -> 0 | Q7: =E7+I7-M7 -> 0 | R7: =F7+J7-N7 -> 0
B8: 16/9/2026 | C8: =O7 -> 0 | D8: =P7 -> 0 | E8: =Q7 -> 0 | F8: =R7 -> 0 | O8: =C8+G8-K8 -> 0 | P8: =D8+H8-L8 -> 0 | Q8: =E8+I8-M8 -> 0 | R8: =F8+J8-N8 -> 0
B9: 17/9/2026 | C9: =O8 -> 0 | D9: =P8 -> 0 | E9: =Q8 -> 0 | F9: =R8 -> 0 | O9: =C9+G9-K9 -> 0 | P9: =D9+H9-L9 -> 0 | Q9: =E9+I9-M9 -> 0 | R9: =F9+J9-N9 -> 0
B10: 18/9/2026 | C10: =O9 -> 0 | D10: =P9 -> 0 | E10: =Q9 -> 0 | F10: =R9 -> 0 | O10: =C10+G10-K10 -> 0 | P10: =D10+H10-L10 -> 0 | Q10: =E10+I10-M10 -> 0 | R10: =F10+J10-N10 -> 0
B11: 19/9/2026 | C11: =O10 -> 0 | D11: =P10 -> 0 | E11: =Q10 -> 0 | F11: =R10 -> 0 | O11: =C11+G11-K11 -> 0 | P11: =D11+H11-L11 -> 0 | Q11: =E11+I11-M11 -> 0 | R11: =F11+J11-N11 -> 0
B12: 20/9/2026 | C12: =O11 -> 0 | D12: =P11 -> 0 | E12: =Q11 -> 0 | F12: =R11 -> 0 | O12: =C12+G12-K12 -> 0 | P12: =D12+H12-L12 -> 0 | Q12: =E12+I12-M12 -> 0 | R12: =F12+J12-N12 -> 0
B13: 25/9/2026 | C13: =O12 -> 0 | D13: =P12 -> 0 | E13: =Q12 -> 0 | F13: =R12 -> 0 | I13: 22 | O13: =C13+G13-K13 -> 0 | P13: =D13+H13-L13 -> 0 | Q13: =E13+I13-M13 -> 22 | R13: =F13+J13-N13 -> 0
B14: 26/9/2026 | C14: =O13 -> 0 | D14: =P13 -> 0 | E14: =Q13 -> 22 | F14: =R13 -> 0 | M14: =12+10 -> 22 | O14: =C14+G14-K14 -> 0 | P14: =D14+H14-L14 -> 0 | Q14: =E14+I14-M14 -> 0 | R14: =F14+J14-N14 -> 0
B15: 30/9/2026 | C15: =O14 -> 0 | D15: =P14 -> 0 | E15: =Q14 -> 0 | F15: =R14 -> 0 | I15: 22 | M15: 16 | O15: =C15+G15-K15 -> 0 | P15: =D15+H15-L15 -> 0 | Q15: =E15+I15-M15 -> 6 | R15: =F15+J15-N15 -> 0
U38: Mai ghi số | W38: 2
U39: xe điện | W39: 36
U40: Hằng Bảo vệ | W40: 6
U41: phương thủ kho | AG41: 10 | AH41: 1
U42: nam ( vâu) | W42: 2
U43: thùy bảo vệ | W43: 6
U44: Thanh ship | W44: 2
U45: Sinh | AE45: 4
U46: xe điện | W46: 11 | AA46: 33 | AE46: 2
U47: ub | AG47: 8
U48: ngà | AG48: 4
T49: 46243 | U49: Phương+Huế | W49: 22
U50: Phương+Huế | W50: 22
U51: Phương+Huế | AA51: 11 | AE51: 4
U52: Xuân | W52: 3 | AA52: 3
U53: lại Lan | W53: 2
U54: Hằng Bảo vệ | W54: 4
U55: Phương+Huế | AA55: 22
U56: Hằng Bảo vệ ship đơn Đa khoa hoàng anh | AE56: 3
V69: TỔNG XUẤT | W69: =SUM(W38:W65) -> 118 | X69: =SUM(X38:X65) -> 0 | Y69: =SUM(Y38:Y65) -> 0 | Z69: =SUM(Z38:Z65) -> 0 | AA69: =SUM(AA38:AA65) -> 69 | AB69: =SUM(AB38:AB65) -> 0 | AC69: =SUM(AC38:AC65) -> 0 | AD69: =SUM(AD38:AD65) -> 0 | ... AH69: =SUM(AH38:AH65) -> 1
V70: Tồn Cuối Kỳ | W70: =H4+H124-W69 -> -118 | X70: =I4+I124-X69 -> 0 | Y70: =J4+J124-Y69 -> 0 | Z70: =K4+K124-Z69 -> 0 | AA70: =L4+L124-AA69 -> -69 | AB70: =M4+M124-AB69 -> 0 | AC70: =N4+N124-AC69 -> 0 | AD70: =O4+O124-AD69 -> 0 | ... AH70: =S4+S124-AH69 -> -1

Sheet Tồn kho VP
A1: STT | B1: NGÀY | C1: TỒN ĐẦU KỲ | H1: NHẬP | M1: XUẤT | R1: TỒN CUỐI | Y1: XUẤT
C2: BÌNH RO | D2: BÌNH KIỀM | E2: hộp 500 ml | F2: VỈ 500ML | G2: VỈ 350ML | H2: BÌNH RO | I2: BÌNH KIỀM | J2: hộp 500 ml | K2: VỈ 500ML | L2: VỈ 350ML | M2: BÌNH RO | N2: BÌNH KIỀM | O2: hộp 500 | P2: VỈ 500ML | Q2: VỈ 350ML | R2: BÌNH RO | S2: BÌNH KIỀM | T2: hộp 500 | U2: VỈ 500ML | V2: VỈ 350ML | Y2: Họ tên | Z2: Bộ phận | AA2: Vỉ 500ml | AB2: TẶNG Vỉ 500ml | AC2: Thùng 500 ml | AD2: TẶNG Thùng 500 ml | AE2: Vỉ 350ml | AF2: TẶNG Vỉ 350ml | AG2: Thùng 350 ml | AH2: TẶNG Thùng 350 ml | AI2: Bình Ion | AJ2: TẶNG Bình Ion | AK2: Bình RO | AL2: TẶNG Bình RO
B3: 46273 | R3: =C3+H3-M3 -> 0 | S3: =D3+I3-N3 -> 0 | U3: =F3+K3-P3 -> 0 | V3: =G3+L3-Q3 -> 0
B4: 46274 | K4: 50 | P4: 2 | R4: =C4+H4-M4 -> 0 | S4: =D4+I4-N4 -> 0 | U4: =F4+K4-P4 -> 48 | V4: =G4+L4-Q4 -> 0
B5: 46304 | C5: =R4 -> 0 | D5: =S4 -> 0 | F5: =U4 -> 48 | G5: =V4 -> 0 | K5: 40 | P5: =20+40+13 -> 73 | R5: =C5+H5-M5 -> 0 | S5: =D5+I5-N5 -> 0 | U5: =F5+K5-P5 -> 15 | V5: =G5+L5-Q5 -> 0 | Y5: 9/9 | Z5: Long KD lấy ra đội múa | AA5: 2
B6: 11/9/2026 | C6: =R5 -> 0 | D6: =S5 -> 0 | F6: =U5 -> 15 | G6: =V5 -> 0 | K6: 40 | P6: 4 | R6: =C6+H6-M6 -> 0 | S6: =D6+I6-N6 -> 0 | U6: =F6+K6-P6 -> 51 | V6: =G6+L6-Q6 -> 0 | Y6: 10/9 | Z6: Nhung trả nợ nước hội thao | AA6: 60
B7: 12/9/2026 | C7: =R6 -> 0 | D7: =S6 -> 0 | F7: =U6 -> 51 | G7: =V6 -> 0 | P7: 4 | R7: =C7+H7-M7 -> 0 | S7: =D7+I7-N7 -> 0 | U7: =F7+K7-P7 -> 47 | V7: =G7+L7-Q7 -> 0 | Y7: 10/9 | Z7: Lương Vân Mai | AA7: 2
B8: 13/9/2026 | C8: =R7 -> 0 | D8: =S7 -> 0 | F8: =U7 -> 47 | G8: =V7 -> 0 | P8: =11+7 -> 18 | R8: =C8+H8-M8 -> 0 | S8: =D8+I8-N8 -> 0 | U8: =F8+K8-P8 -> 29 | V8: =G8+L8-Q8 -> 0 | Y8: 10/9 | Z8: Trường Dân tộc nội trú | AA8: 11
B9: 14/9/2026 | C9: =R8 -> 0 | D9: =S8 -> 0 | F9: =U8 -> 29 | G9: =V8 -> 0 | K9: 40 | P9: 40 | R9: =C9+H9-M9 -> 0 | S9: =D9+I9-N9 -> 0 | U9: =F9+K9-P9 -> 29 | V9: =G9+L9-Q9 -> 0 | X9: xuất 40 vỉ 500 cho trạm Hồng Gai
B10: 15/9/2026 | C10: =R9 -> 0 | D10: =S9 -> 0 | F10: =U9 -> 29 | G10: =V9 -> 0 | I10: 11 | N10: 11 | P10: 1 | R10: =C10+H10-M10 -> 0 | S10: =D10+I10-N10 -> 0 | U10: =F10+K10-P10 -> 28 | V10: =G10+L10-Q10 -> 0
B11: 16/9/2026 | C11: =R10 -> 0 | D11: =S10 -> 0 | F11: =U10 -> 28 | G11: =V10 -> 0 | P11: 4 | R11: =C11+H11-M11 -> 0 | S11: =D11+I11-N11 -> 0 | U11: =F11+K11-P11 -> 24 | V11: =G11+L11-Q11 -> 0
B12: 17/9/2026 | C12: =R11 -> 0 | D12: =S11 -> 0 | F12: =U11 -> 24 | G12: =V11 -> 0 | P12: 2 | R12: =C12+H12-M12 -> 0 | S12: =D12+I12-N12 -> 0 | U12: =F12+K12-P12 -> 22 | V12: =G12+L12-Q12 -> 0
B13: 18/9/2026 | C13: =R12 -> 0 | D13: =S12 -> 0 | F13: =U12 -> 22 | G13: =V12 -> 0 | P13: 4 | R13: =C13+H13-M13 -> 0 | S13: =D13+I13-N13 -> 0 | U13: =F13+K13-P13 -> 18 | V13: =G13+L13-Q13 -> 0
B14: 19/9/2026 | C14: =R13 -> 0 | D14: =S13 -> 0 | F14: =U13 -> 18 | G14: =V13 -> 0 | P14: 1 | R14: =C14+H14-M14 -> 0 | S14: =D14+I14-N14 -> 0 | U14: =F14+K14-P14 -> 17 | V14: =G14+L14-Q14 -> 0
B15: 20/9/2026 | C15: =R14 -> 0 | D15: =S14 -> 0 | F15: =U14 -> 17 | G15: =V14 -> 0 | P15: 1 | R15: =C15+H15-M15 -> 0 | S15: =D15+I15-N15 -> 0 | U15: =F15+K15-P15 -> 16 | V15: =G15+L15-Q15 -> 0
B16: 21/9/2026 | C16: =R15 -> 0 | D16: =S15 -> 0 | F16: =U15 -> 16 | G16: =V15 -> 0 | I16: 11 | K16: =4+40 -> 44 | N16: 10 | P16: 11 | R16: =C16+H16-M16 -> 0 | S16: =D16+I16-N16 -> 1 | U16: =F16+K16-P16 -> 49 | V16: =G16+L16-Q16 -> 0 | X16: 4 vỉ anh Nguyên trả nợ, nhập 11 bình có 7 úp+4 vòi
B17: 22/9/2026 | C17: =R16 -> 0 | D17: =S16 -> 1 | F17: =U16 -> 49 | G17: =V16 -> 0 | H17: =44+20 -> 64 | M17: =44+20 -> 64 | P17: =5+2+5 -> 12 | R17: =C17+H17-M17 -> 0 | S17: =D17+I17-N17 -> 1 | U17: =F17+K17-P17 -> 37 | V17: =G17+L17-Q17 -> 0
B18: 23/9//2026 | C18: =R17 -> 0 | D18: =S17 -> 1 | F18: =U17 -> 37 | G18: =V17 -> 0 | P18: 10 | R18: =C18+H18-M18 -> 0 | S18: =D18+I18-N18 -> 1 | U18: =F18+K18-P18 -> 27 | V18: =G18+L18-Q18 -> 0
B19: 24/9/2026 | C19: =R18 -> 0 | D19: =S18 -> 1 | F19: =U18 -> 27 | G19: =V18 -> 0 | R19: =C19+H19-M19 -> 0 | S19: =D19+I19-N19 -> 1 | U19: =F19+K19-P19 -> 27 | V19: =G19+L19-Q19 -> 0
B20: 25/9/2026 | C20: =R19 -> 0 | D20: =S19 -> 1 | F20: =U19 -> 27 | G20: =V19 -> 0 | P20: 2 | R20: =C20+H20-M20 -> 0 | S20: =D20+I20-N20 -> 1 | U20: =F20+K20-P20 -> 25 | V20: =G20+L20-Q20 -> 0
B21: 26/9/2026 | C21: =R20 -> 0 | D21: =S20 -> 1 | F21: =U20 -> 25 | G21: =V20 -> 0 | R21: =C21+H21-M21 -> 0 | S21: =D21+I21-N21 -> 1 | U21: =F21+K21-P21 -> 25 | V21: =G21+L21-Q21 -> 0
B22: 28/9/2026 | C22: =R21 -> 0 | D22: =S21 -> 1 | F22: =U21 -> 25 | G22: =V21 -> 0 | P22: 1 | R22: =C22+H22-M22 -> 0 | S22: =D22+I22-N22 -> 1 | U22: =F22+K22-P22 -> 24 | V22: =G22+L22-Q22 -> 0
Y38: Mai ghi số | AA38: 2
Y39: xe điện | AA39: 36
Y40: Hằng Bảo vệ | AA40: 6
Y41: phương thủ kho | AK41: 10 | AL41: 1
Y42: nam ( vâu) | AA42: 2
Y43: thùy bảo vệ | AA43: 6
Y44: Thanh ship | AA44: 2
Y45: Sinh | AI45: 4
Y46: xe điện | AA46: 11 | AE46: 33 | AI46: 2
Y47: ub | AK47: 8
Y48: ngà | AK48: 4
X49: 46243 | Y49: Phương+Huế | AA49: 22
Y50: Phương+Huế | AA50: 22
Y51: Phương+Huế | AE51: 11 | AI51: 4
Y52: Xuân | AA52: 3 | AE52: 3
Y53: lại Lan | AA53: 2
Y54: Hằng Bảo vệ | AA54: 4
Y55: Phương+Huế | AE55: 22
Y56: Hằng Bảo vệ ship đơn Đa khoa hoàng anh | AI56: 3
Z69: TỔNG XUẤT | AA69: =SUM(AA38:AA65) -> 118 | AB69: =SUM(AB38:AB65) -> 0 | AC69: =SUM(AC38:AC65) -> 0 | AD69: =SUM(AD38:AD65) -> 0 | AE69: =SUM(AE38:AE65) -> 69 | AF69: =SUM(AF38:AF65) -> 0 | AG69: =SUM(AG38:AG65) -> 0 | AH69: =SUM(AH38:AH65) -> 0 | ... AL69: =SUM(AL38:AL65) -> 1
Z70: Tồn Cuối Kỳ | AA70: =I4+I124-AA69 -> -118 | AB70: =K4+K124-AB69 -> 50 | AC70: =L4+L124-AC69 -> 0 | AD70: =M4+M124-AD69 -> 0 | AE70: =N4+N124-AE69 -> -69 | AF70: =P4+P124-AF69 -> 2 | AG70: =Q4+Q124-AG69 -> 0 | AH70: =R4+R124-AH69 -> 0 | AI70: =S4+S124-AI69 -> -13 | AJ70: =U4+U124-AJ69 -> 48 | AK70: =V4+V124-AK69 -> -22 | AL70: =W4+W124-AL69 -> -1

Sheet TỒN KHO HÀ LẦM
A1: STT | B1: NGÀY | C1: TỒN ĐẦU KỲ | H1: NHẬP | M1: XUẤT | R1: TỒN CUỐI | Y1: XUẤT
C2: BÌNH RO | D2: BÌNH KIỀM | E2: hộp 500 ml | F2: VỈ 500ML | G2: VỈ 350ML | H2: BÌNH RO | I2: BÌNH KIỀM | J2: hộp 500 ml | K2: VỈ 500ML | L2: VỈ 350ML | M2: BÌNH RO | N2: BÌNH KIỀM | O2: hộp 500 | P2: VỈ 500ML | Q2: VỈ 350ML | R2: BÌNH RO | S2: BÌNH KIỀM | T2: hộp 500 | U2: VỈ 500ML | V2: VỈ 350ML | Y2: Họ tên | Z2: Bộ phận | AA2: Vỉ 500ml | AB2: TẶNG Vỉ 500ml | AC2: Thùng 500 ml | AD2: TẶNG Thùng 500 ml | AE2: Vỉ 350ml | AF2: TẶNG Vỉ 350ml | AG2: Thùng 350 ml | AH2: TẶNG Thùng 350 ml | AI2: Bình Ion | AJ2: TẶNG Bình Ion | AK2: Bình RO | AL2: TẶNG Bình RO
B3: 46273 | R3: =C3+H3-M3 -> 0 | S3: =D3+I3-N3 -> 0 | U3: =F3+K3-P3 -> 0 | V3: =G3+L3-Q3 -> 0
B4: 46274 | K4: 50 | P4: 2 | R4: =C4+H4-M4 -> 0 | S4: =D4+I4-N4 -> 0 | U4: =F4+K4-P4 -> 48 | V4: =G4+L4-Q4 -> 0
B5: 46304 | C5: =R4 -> 0 | D5: =S4 -> 0 | F5: =U4 -> 48 | G5: =V4 -> 0 | K5: 40 | P5: =20+40+13 -> 73 | R5: =C5+H5-M5 -> 0 | S5: =D5+I5-N5 -> 0 | U5: =F5+K5-P5 -> 15 | V5: =G5+L5-Q5 -> 0 | Y5: 9/9 | Z5: Long KD lấy ra đội múa | AA5: 2
B6: 11/9/2026 | C6: =R5 -> 0 | D6: =S5 -> 0 | F6: =U5 -> 15 | G6: =V5 -> 0 | K6: 40 | P6: 4 | R6: =C6+H6-M6 -> 0 | S6: =D6+I6-N6 -> 0 | U6: =F6+K6-P6 -> 51 | V6: =G6+L6-Q6 -> 0 | Y6: 10/9 | Z6: Nhung trả nợ nước hội thao | AA6: 60
B7: 14/9/2026 | K7: 17 | L7: 30 | R7: =C7+H7-M7 -> 0 | S7: =D7+I7-N7 -> 0 | T7: =E7+J7-O7 -> 0 | U7: =F7+K7-P7 -> 17 | V7: =G7+L7-Q7 -> 30
B8: 15/9/2026 | C8: =R7 -> 0 | D8: =S7 -> 0 | E8: =T7 -> 0 | F8: =U7 -> 17 | G8: =V7 -> 30 | R8: =C8+H8-M8 -> 0 | S8: =D8+I8-N8 -> 0 | T8: =E8+J8-O8 -> 0 | U8: =F8+K8-P8 -> 17 | V8: =G8+L8-Q8 -> 30
B9: 16/9/2026 | C9: =R8 -> 0 | D9: =S8 -> 0 | E9: =T8 -> 0 | F9: =U8 -> 17 | G9: =V8 -> 30 | R9: =C9+H9-M9 -> 0 | S9: =D9+I9-N9 -> 0 | T9: =E9+J9-O9 -> 0 | U9: =F9+K9-P9 -> 17 | V9: =G9+L9-Q9 -> 30
B10: 17/9/2026 | C10: =R9 -> 0 | D10: =S9 -> 0 | E10: =T9 -> 0 | F10: =U9 -> 17 | G10: =V9 -> 30 | R10: =C10+H10-M10 -> 0 | S10: =D10+I10-N10 -> 0 | T10: =E10+J10-O10 -> 0 | U10: =F10+K10-P10 -> 17 | V10: =G10+L10-Q10 -> 30
B11: 18/9/2026 | C11: =R10 -> 0 | D11: =S10 -> 0 | E11: =T10 -> 0 | F11: =U10 -> 17 | G11: =V10 -> 30 | R11: =C11+H11-M11 -> 0 | S11: =D11+I11-N11 -> 0 | T11: =E11+J11-O11 -> 0 | U11: =F11+K11-P11 -> 17 | V11: =G11+L11-Q11 -> 30
B12: 19/9/2026 | C12: =R11 -> 0 | D12: =S11 -> 0 | E12: =T11 -> 0 | F12: =U11 -> 17 | G12: =V11 -> 30 | R12: =C12+H12-M12 -> 0 | S12: =D12+I12-N12 -> 0 | T12: =E12+J12-O12 -> 0 | U12: =F12+K12-P12 -> 17 | V12: =G12+L12-Q12 -> 30
B13: 20/9/2026 | C13: =R12 -> 0 | D13: =S12 -> 0 | E13: =T12 -> 0 | F13: =U12 -> 17 | G13: =V12 -> 30 | R13: =C13+H13-M13 -> 0 | S13: =D13+I13-N13 -> 0 | T13: =E13+J13-O13 -> 0 | U13: =F13+K13-P13 -> 17 | V13: =G13+L13-Q13 -> 30
B14: 21/9/2026 | C14: =R13 -> 0 | D14: =S13 -> 0 | E14: =T13 -> 0 | F14: =U13 -> 17 | G14: =V13 -> 30 | R14: =C14+H14-M14 -> 0 | S14: =D14+I14-N14 -> 0 | T14: =E14+J14-O14 -> 0 | U14: =F14+K14-P14 -> 17 | V14: =G14+L14-Q14 -> 30
B15: 22/9/2026 | C15: =R14 -> 0 | D15: =S14 -> 0 | E15: =T14 -> 0 | F15: =U14 -> 17 | G15: =V14 -> 30 | R15: =C15+H15-M15 -> 0 | S15: =D15+I15-N15 -> 0 | T15: =E15+J15-O15 -> 0 | U15: =F15+K15-P15 -> 17 | V15: =G15+L15-Q15 -> 30
B16: 23/9/2026 | C16: =R15 -> 0 | D16: =S15 -> 0 | E16: =T15 -> 0 | F16: =U15 -> 17 | G16: =V15 -> 30 | R16: =C16+H16-M16 -> 0 | S16: =D16+I16-N16 -> 0 | T16: =E16+J16-O16 -> 0 | U16: =F16+K16-P16 -> 17 | V16: =G16+L16-Q16 -> 30
B17: 24/9/2026 | C17: =R16 -> 0 | D17: =S16 -> 0 | E17: =T16 -> 0 | F17: =U16 -> 17 | G17: =V16 -> 30 | R17: =C17+H17-M17 -> 0 | S17: =D17+I17-N17 -> 0 | T17: =E17+J17-O17 -> 0 | U17: =F17+K17-P17 -> 17 | V17: =G17+L17-Q17 -> 30
B18: 25/9/2026 | C18: =R17 -> 0 | D18: =S17 -> 0 | E18: =T17 -> 0 | F18: =U17 -> 17 | G18: =V17 -> 30 | R18: =C18+H18-M18 -> 0 | S18: =D18+I18-N18 -> 0 | T18: =E18+J18-O18 -> 0 | U18: =F18+K18-P18 -> 17 | V18: =G18+L18-Q18 -> 30
B19: 26/9/2026 | C19: =R18 -> 0 | D19: =S18 -> 0 | E19: =T18 -> 0 | F19: =U18 -> 17 | G19: =V18 -> 30 | R19: =C19+H19-M19 -> 0 | S19: =D19+I19-N19 -> 0 | T19: =E19+J19-O19 -> 0 | U19: =F19+K19-P19 -> 17 | V19: =G19+L19-Q19 -> 30
B20: 29/9/2026 | C20: =R19 -> 0 | D20: =S19 -> 0 | E20: =T19 -> 0 | F20: =U19 -> 17 | G20: =V19 -> 30 | Q20: 11 | R20: =C20+H20-M20 -> 0 | S20: =D20+I20-N20 -> 0 | T20: =E20+J20-O20 -> 0 | U20: =F20+K20-P20 -> 17 | V20: =G20+L20-Q20 -> 19
B21: 30/9/2026 | C21: =R20 -> 0 | D21: =S20 -> 0 | E21: =T20 -> 0 | F21: =U20 -> 17 | G21: =V20 -> 19 | R21: =C21+H21-M21 -> 0 | S21: =D21+I21-N21 -> 0 | T21: =E21+J21-O21 -> 0 | U21: =F21+K21-P21 -> 17 | V21: =G21+L21-Q21 -> 19
Y36: Mai ghi số | AA36: 2
Y37: xe điện | AA37: 36
Y38: Hằng Bảo vệ | AA38: 6
Y39: phương thủ kho | AK39: 10 | AL39: 1
Y40: nam ( vâu) | AA40: 2
Y41: thùy bảo vệ | AA41: 6
Y42: Thanh ship | AA42: 2
Y43: Sinh | AI43: 4
Y44: xe điện | AA44: 11 | AE44: 33 | AI44: 2
Y45: ub | AK45: 8
Y46: ngà | AK46: 4
X47: 46243 | Y47: Phương+Huế | AA47: 22
Y48: Phương+Huế | AA48: 22
Y49: Phương+Huế | AE49: 11 | AI49: 4
Y50: Xuân | AA50: 3 | AE50: 3
Y51: lại Lan | AA51: 2
Y52: Hằng Bảo vệ | AA52: 4
Y53: Phương+Huế | AE53: 22
Y54: Hằng Bảo vệ ship đơn Đa khoa hoàng anh | AI54: 3
Z67: TỔNG XUẤT | AA67: =SUM(AA36:AA63) -> 118 | AB67: =SUM(AB36:AB63) -> 0 | AC67: =SUM(AC36:AC63) -> 0 | AD67: =SUM(AD36:AD63) -> 0 | AE67: =SUM(AE36:AE63) -> 69 | AF67: =SUM(AF36:AF63) -> 0 | AG67: =SUM(AG36:AG63) -> 0 | AH67: =SUM(AH36:AH63) -> 0 | ... AL67: =SUM(AL36:AL63) -> 1
Z68: Tồn Cuối Kỳ | AA68: =I4+I122-AA67 -> -118 | AB68: =K4+K122-AB67 -> 50 | AC68: =L4+L122-AC67 -> 0 | AD68: =M4+M122-AD67 -> 0 | AE68: =N4+N122-AE67 -> -69 | AF68: =P4+P122-AF67 -> 2 | AG68: =Q4+Q122-AG67 -> 0 | AH68: =R4+R122-AH67 -> 0 | AI68: =S4+S122-AI67 -> -13 | AJ68: =U4+U122-AJ67 -> 48 | AK68: =V4+V122-AK67 -> -22 | AL68: =W4+W122-AL67 -> -1

Sheet nhập từ CP
A1: STT | B1: Ngày | C1: Kho tăng áp | J1: Kho chị Huế | Q1: Kho vp | X1: Kho Hà Lầm | AE1: Tổng nhận
C2: Bình ro | D2: Bình ion | F2: 500ml | H2: 350 ml | J2: Bình ro | K2: Bình ion | M2: 500ml | O2: 350 ml | Q2: Bình ro | R2: Bình ion | T2: 500ml | V2: vỉ 350 ml | X2: Bình ro | Y2: Bình ion | AA2: 500ml | AC2: vỉ 350 ml | AE2: Bình ro | AF2: Bình ion | AH2: 500ml | AJ2: 350 ml
D3: Vòi | E3: úp | F3: Vỉ | G3: hộp | H3: Vỉ | I3: hộp | K3: Vòi | L3: úp | M3: Vỉ | N3: hộp | O3: Vỉ | P3: hộp | R3: Vòi | S3: Úp | T3: Vỉ | U3: hộp | V3: Vỉ | W3: hộp | Y3: Vòi | Z3: Úp | AA3: vỉ | AB3: hộp | AC3: Vỉ | AD3: hộp | AF3: Vòi | AG3: Úp | AH3: Vỉ | AI3: hộp | AJ3: Vỉ | AK3: hộp
A5: 1 | B5: 46273 | F5: =60 -> 60 | M5: 120 | AE5: =C5+J5+Q5+X5 -> 0 | AF5: =D5+K5+R5+Y5 -> 0 | AG5: =E5+L5+S5+Z5 -> 0 | AH5: =F5+M5+T5+AA5 -> 180 | AI5: =G5+N5+U5 -> 0 | AJ5: =H5+O5+V5+AD5 -> 0 | AK5: =I5+P5+W5+AD5 -> 0
A6: 2 | B6: 46274 | D6: 20 | G6: 11 | H6: 40 | T6: 50 | AE6: =C6+J6+Q6+X6 -> 0 | AF6: =D6+K6+R6+Y6 -> 20 | AG6: =E6+L6+S6+Z6 -> 0 | AH6: =F6+M6+T6+AA6 -> 50 | AI6: =G6+N6+U6+AB6 -> 11 | AJ6: =H6+O6+V6+AD6 -> 40 | AK6: =I6+P6+W6+AD6 -> 0
A7: 3 | B7: 46275 | D7: 22 | F7: 66 | T7: 40 | AE7: =C7+J7+Q7+X7 -> 0 | AF7: =D7+K7+R7+Y7 -> 22 | AG7: =E7+L7+S7+Z7 -> 0 | AH7: =F7+M7+T7+AA7 -> 106 | AI7: =G7+N7+U7+AB7 -> 0 | AJ7: =H7+O7+V7+AD7 -> 0 | AK7: =I7+P7+W7+AD7 -> 0
A8: 4 | B8: 46276 | T8: 40 | AE8: =C8+J8+Q8+X8 -> 0 | AF8: =D8+K8+R8+Y8 -> 0 | AG8: =E8+L8+S8+Z8 -> 0 | AH8: =F8+M8+T8+AA8 -> 40 | AI8: =G8+N8+U8+AB8 -> 0 | AJ8: =H8+O8+V8+AD8 -> 0 | AK8: =I8+P8+W8+AD8 -> 0
A9: 5 | B9: 46277 | AE9: =C9+J9+Q9+X9 -> 0 | AF9: =D9+K9+R9+Y9 -> 0 | AG9: =E9+L9+S9+Z9 -> 0 | AH9: =F9+M9+T9+AA9 -> 0 | AI9: =G9+N9+U9+AB9 -> 0 | AJ9: =H9+O9+V9+AD9 -> 0 | AK9: =I9+P9+W9+AD9 -> 0
A10: 6 | B10: 46278 | AE10: =C10+J10+Q10+X10 -> 0 | AF10: =D10+K10+R10+Y10 -> 0 | AG10: =E10+L10+S10+Z10 -> 0 | AH10: =F10+M10+T10+AA10 -> 0 | AI10: =G10+N10+U10+AB10 -> 0 | AJ10: =H10+O10+V10+AD10 -> 0 | AK10: =I10+P10+W10+AD10 -> 0
A11: 7 | B11: 46279 | F11: 90 | M11: 38 | O11: 50 | R11: 15 | W11: 2 | AA11: 17 | AC11: 30 | AE11: =C11+J11+Q11+X11 -> 0 | AF11: =D11+K11+R11+Y11 -> 15 | AG11: =E11+L11+S11+Z11 -> 0 | AH11: =F11+M11+T11+AA11 -> 145 | AI11: =G11+N11+U11+AB11 -> 0 | AJ11: =H11+O11+V11+AD11 -> 50 | AK11: =I11+P11+W11+AD11 -> 2
A12: 8 | B12: 46280 | C12: 4 | D12: 10 | F12: 54 | M12: 50 | S12: 11 | AE12: =C12+J12+Q12+X12 -> 4 | AF12: 21 | AH12: =F12+M12+T12+AA12 -> 104 | AI12: =G12+N12+U12+AB12 -> 0 | AJ12: =H12+O12+V12+AD12 -> 0 | AK12: =I12+P12+W12+AD12 -> 0
A13: 9 | B13: 46281 | F13: 58 | J13: =17+13 -> 30 | K13: 22 | M13: 8 | AE13: =C13+J13+Q13+X13 -> 30 | AF13: =D13+K13+R13+Y13 -> 22 | AG13: =E13+L13+S13+Z13 -> 0 | AH13: =F13+M13+T13+AA13 -> 66 | AI13: =G13+N13+U13+AB13 -> 0 | AJ13: =H13+O13+V13+AD13 -> 0 | AK13: =I13+P13+W13+AD13 -> 0
A14: 10 | B14: 46282 | F14: 85 | J14: 29 | K14: 26 | M14: 55 | V14: 3 | W14: 3 | AE14: =C14+J14+Q14+X14 -> 29 | AF14: =D14+K14+R14+Y14 -> 26 | AG14: =E14+L14+S14+Z14 -> 0 | AH14: =F14+M14+T14+AA14 -> 140 | AI14: =G14+N14+U14+AB14 -> 0 | AJ14: =H14+O14+V14+AD14 -> 3 | AK14: =I14+P14+W14+AD14 -> 3
A15: 11 | B15: 46283 | F15: 70 | M15: 50 | Q15: 2 | T15: 11 | V15: 2 | W15: 2 | AE15: =C15+J15+Q15+X15 -> 2 | AF15: 0 | AG15: =E15+L15+S15+Z15 -> 0 | AH15: =F15+M15+T15+AA15 -> 131 | AI15: =G15+N15+U15+AB15 -> 0 | AJ15: =H15+O15+V15+AD15 -> 2 | AK15: =I15+P15+W15+AD15 -> 2
A16: 12 | B16: 46284 | D16: 30 | F16: 72 | AE16: =C16+J16+Q16+X16 -> 0 | AF16: =D16+K16+R16+Y16 -> 30 | AG16: =E16+L16+S16+Z16 -> 0 | AH16: =F16+M16+T16+AA16 -> 72 | AI16: =G16+N16+U16+AB16 -> 0 | AJ16: =H16+O16+V16+AD16 -> 0 | AK16: =I16+P16+W16+AD16 -> 0
A17: 13 | B17: 46285 | AE17: =C17+J17+Q17+X17 -> 0 | AF17: =D17+K17+R17+Y17 -> 0 | AG17: =E17+L17+S17+Z17 -> 0 | AH17: =F17+M17+T17+AA17 -> 0 | AI17: =G17+N17+U17+AB17 -> 0 | AJ17: =H17+O17+V17+AD17 -> 0 | AK17: =I17+P17+W17+AD17 -> 0
A18: 14 | B18: 46286 | J18: 10 | K18: 30 | M18: 28 | O18: 10 | R18: 4 | S18: 7 | T18: 40 | AE18: =C18+J18+Q18+X18 -> 10 | AF18: =D18+K18+R18+Y18 -> 34 | AG18: =E18+L18+S18+Z18 -> 7 | AH18: =F18+M18+T18+AA18 -> 68 | AI18: =G18+N18+U18+AB18 -> 0 | AJ18: =H18+O18+V18+AD18 -> 10 | AK18: =I18+P18+W18+AD18 -> 0
A19: 15 | B19: 46287 | M19: =50+85 -> 135 | Q19: =44+20 -> 64 | AE19: =C19+J19+Q19+X19 -> 64 | AF19: =D19+K19+R19+Y19 -> 0 | AG19: =E19+L19+S19+Z19 -> 0 | AH19: =F19+M19+T19+AA19 -> 135 | AI19: =G19+N19+U19+AB19 -> 0 | AJ19: =H19+O19+V19+AD19 -> 0 | AK19: =I19+P19+W19+AD19 -> 0
A20: 16 | B20: 46288 | C20: 10 | D20: 31 | E20: 5 | F20: 67 | H20: 30 | J20: 20 | M20: 88 | AE20: =C20+J20+Q20+X20 -> 30 | AF20: 24 | AG20: =E20+L20+S20+Z20 -> 5 | AH20: 145 | AI20: =G20+N20+U20+AB20 -> 0 | AJ20: =H20+O20+V20+AD20 -> 30 | AK20: =I20+P20+W20+AD20 -> 0
A21: 17 | B21: 46289 | F21: 104 | AE21: =C21+J21+Q21+X21 -> 0 | AF21: =D21+K21+R21+Y21 -> 0 | AG21: =E21+L21+S21+Z21 -> 0 | AH21: =F21+M21+T21+AA21 -> 104 | AI21: =G21+N21+U21+AB21 -> 0 | AJ21: =H21+O21+V21+AD21 -> 0 | AK21: =I21+P21+W21+AD21 -> 0
