Workbook

Sheet XUẤT
A1: ĐIỀU PHỐI QUAROMI | M1: CHỈ TIÊU | AA1: VẬN CHUYỂN
A3: STT | B3: Ngày | C3: Đơn hàng | D3: Công việc | E3: Kho | F3: Số lượng | J3: Người thực hiện | K3: Hỗ Trợ (trạm QL) | L3: Kết quả | M3: Chỉ tiêu | N3: Chỉ tiêu CBCNV | O3: Sản phẩm | P3: Số lượng | X3: Đơn giá | Y3: Doanh thu | Z3: Thu tiền | AA3: Người vận chuyển | AB3: Số lượng | AC3: Số tiền | AD3: GHI CHÚ
F4: Thùng | G4: Vỉ | H4: Bình | I4: Cộng | M4: XN/CTY | N4: CBCNV | P4: Vỉ 500ml | Q4: Vỉ 350 ml | R4: Hộp 500ml | S4: Hộp 350ml | T4: Bình kiềm | U4: Bình RO | V4: KM | W4: Cộng
P5: =SUBTOTAL(9,P6:P148) -> 727 | Q5: =SUBTOTAL(9,Q6:Q148) -> 183 | R5: =SUBTOTAL(9,R6:R148) -> 10 | S5: =SUBTOTAL(9,S6:S148) -> 8 | T5: =SUBTOTAL(9,T6:T148) -> 146 | U5: =SUBTOTAL(9,U6:U148) -> 59 | V5: =SUBTOTAL(9,V6:V148) -> 81 | W5: =SUBTOTAL(9,W6:W148) -> 1214 | AB5: =SUBTOTAL(9,AB6:AB148) -> 1133 | AC5: =SUBTOTAL(9,AC6:AC148) -> 5665000
A6: 17 | B6: 46273 | C6: Nhà Nghỉ Hà Duy, phố Trần Cao Vân, đường sông 3, 10 vỉ 500ml, ĐT 0977 367679 | D6: Vận chuyển | E6: Xe điện | G6: 11 | I6: 11 | J6: Phương + Huế | L6: Đã hoàn thành | M6: Xí nghiệp | N6: Nguyễn T.Phương Thanh | O6: Vỉ 500ml | P6: 10 | V6: 1 | W6: =SUM(P6:V6) -> 11 | X6: =SUMIFS('[1]Đơn giá'!C:C,'[1]Đơn giá'!B:B,[1]XUẤT!O6) -> #VALUE! | Y6: =X6*P6 -> #VALUE! | Z6: CK 14/9 | AA6: Đinh Thu Huế | AB6: =W6-V6 -> 10 | AC6: =AB6*5000 -> 50000
A7: 18 | B7: 46273 | C7: VNPT (Chị Yến): 0915 299 036, vỉ 350 ml | D7: Vận chuyển | E7: Tăng áp | G7: 11 | I7: 11 | J7: Phương + Huế | L7: Đã hoàn thành | M7: Xí nghiệp | N7: Nguyễn Thị Lan | O7: Vỉ 350ml | Q7: 10 | V7: 1 | W7: =SUM(P7:V7) -> 11 | X7: =SUMIFS('[1]Đơn giá'!C:C,'[1]Đơn giá'!B:B,[1]XUẤT!O7) -> #VALUE! | Y7: =X7*P7 -> #VALUE! | Z7: CK 18/9 | AA7: Đinh Thu Huế | AB7: =W7-V7 -> 10 | AC7: =AB7*5000 -> 50000
A8: 19 | B8: 46273 | C8: Tiểu thủ công nghiệp | D8: Vận chuyển | E8: Tăng áp | G8: 22 | I8: 22 | J8: Phương + Huế | L8: Đã hoàn thành | M8: Xí nghiệp | N8: Bùi Thị Thu | O8: Vỉ 500ml | P8: 20 | V8: 2 | W8: =SUM(P8:V8) -> 22 | X8: =SUMIFS('[1]Đơn giá'!C:C,'[1]Đơn giá'!B:B,[1]XUẤT!O8) -> #VALUE! | Y8: =X8*P8 -> #VALUE! | Z8: CK11/9 | AA8: Đinh Thu Huế | AB8: =W8-V8 -> 20 | AC8: =AB8*5000 -> 100000 | AD8: Chị Huế đã thu tiền
A9: 20 | B9: 46273 | C9: Sân pick cột 8 | D9: Vận chuyển | E9: Tăng áp | G9: 22 | I9: 22 | J9: Phương + Huế | L9: Đã hoàn thành | M9: Xí nghiệp | N9: Nguyễn Thị Thu Hiên | O9: Vỉ 500ml | P9: 10 | V9: 1 | W9: =SUM(P9:V9) -> 11 | X9: =SUMIFS('[1]Đơn giá'!C:C,'[1]Đơn giá'!B:B,[1]XUẤT!O9) -> #VALUE! | Y9: =X9*P9 -> #VALUE! | Z9: CK11/9 | AA9: Đinh Thu Huế | AB9: =W9-V9 -> 10 | AC9: =AB9*5000 -> 50000
A10: 21 | E10: Tăng áp | M10: Xí nghiệp | N10: Bùi Ngọc Mai | O10: Vỉ 500ml | P10: 10 | V10: 1 | W10: =SUM(P10:V10) -> 11 | X10: =SUMIFS('[1]Đơn giá'!C:C,'[1]Đơn giá'!B:B,[1]XUẤT!O10) -> #VALUE! | Y10: =X10*P10 -> #VALUE! | Z10: CK11/9 | AA10: Đinh Thu Huế | AB10: =W10-V10 -> 10 | AC10: =AB10*5000 -> 50000
A11: 22 | B11: 46273 | C11: Nguyễn Văn Hiếu phòng KT: đki 4 bình kiềm ship qua cửa hàng Monbay A2-01 ạ, ng nhận: Châm nhận +84964566350 - Thu tiền luôn (Quán rượu Mao Đài đối diện thư viện tỉnh) | D11: Vận chuyển | E11: Tăng áp | H11: 4 | I11: 4 | J11: Phương + Huế | L11: Đã hoàn thành | M11: Công ty | N11: Nguyễn văn hiếu (kỹ thuật) | O11: Bình kiềm | T11: 4 | W11: =SUM(P11:V11) -> 4 | X11: =SUMIFS('[1]Đơn giá'!C:C,'[1]Đơn giá'!B:B,[1]XUẤT!O11) -> #VALUE! | Y11: =T11*X11 -> #VALUE! | Z11: công ty thu tiền | AB11: =W11-V11 -> 4 | AC11: =AB11*5000 -> 20000
A12: 23 | B12: 46273 | C12: 3 vỉ to + 3 vỉ nhỏ Địa chỉ : số nhà 45, Lê Chân mới , tổ 7 khu Hồng Hà 2, ĐT: 0934639858 | D12: Vận chuyển | E12: Tăng áp | G12: 6 | I12: 6 | J12: Xuân | L12: Đã hoàn thành | M12: Bãi Cháy | O12: Vỉ 500ml | P12: 3 | W12: =SUM(P12:V12) -> 3 | X12: =SUMIFS('[1]Đơn giá'!C:C,'[1]Đơn giá'!B:B,[1]XUẤT!O12) -> #VALUE! | Y12: =X12*P12 -> #VALUE! | Z12: Bãi Cháy tự thu | AA12: Lê Thanh Xuân | AB12: =W12-V12 -> 3 | AC12: =AB12*5000 -> 15000 | AD12: BÃI CHÁY VAY
E13: Tăng áp | M13: Bãi Cháy | O13: Vỉ 350 ml | Q13: 3 | W13: =SUM(P13:V13) -> 3 | X13: 85000 | Y13: =Q13*X13 -> 255000 | Z13: Bãi Cháy tự thu | AA13: Lê Thanh Xuân | AB13: =W13-V13 -> 3 | AC13: =AB13*5000 -> 15000
A14: 24 | B14: 46273 | C14: Hồng Hạnh PCN: 0982835366 Phương Hiền gần chợ Loong Tổng 20+2 vỉ 350ml | D14: Vận chuyển | E14: Tăng áp | G14: 22 | I14: 22 | J14: Phương + Huyền + Ly tổ DV | L14: Đã hoàn thành | M14: Công ty | N14: Hồng Hạnh PCN | O14: Vỉ 350 ml | Q14: 20 | V14: 2 | W14: =SUM(P14:V14) -> 22 | X14: 85000 | Y14: =Q14*X14 -> 1700000 | Z14: công ty thu tiền | AA14: Tổ DVCTT | AB14: =W14-V14 -> 20 | AC14: =AB14*5000 -> 100000 | AD14: CÔNG TY VAY
A15: 25 | B15: 46273 | C15: Em Hà ở sảnh 2 chung cư sapphire. 2 vỉ 500ml, 0911898336 | D15: Vận chuyển | E15: Tăng áp | G15: 2 | I15: 2 | J15: Huyền + Ly tổ DV | L15: Đã hoàn thành | M15: Xí nghiệp | N15: Đoàn Thị Nhung | O15: Vỉ 500ml | P15: 2 | W15: =SUM(P15:V15) -> 2 | X15: =SUMIFS('[1]Đơn giá'!C:C,'[1]Đơn giá'!B:B,[1]XUẤT!O15) -> #VALUE! | Y15: =X15*P15 -> #VALUE! | Z15: CK11/9 | AA15: Tổ DVCTT | AB15: =W15-V15 -> 2 | AC15: =AB15*5000 -> 10000 | AD15: chị Huyền thu tiền
A16: 26 | B16: 46273 | C16: Em Quỳnh ở 94 Văn Lang ( sau trường Văn Lang) 2 vỉ 500ml, ĐT 0973367844 | D16: Vận chuyển | E16: Tăng áp | G16: 2 | I16: 2 | J16: Huyền + Ly tổ DV | L16: Đã hoàn thành | M16: Xí nghiệp | N16: Đoàn Thị Nhung | O16: Vỉ 500ml | P16: 2 | W16: =SUM(P16:V16) -> 2 | X16: =SUMIFS('[1]Đơn giá'!C:C,'[1]Đơn giá'!B:B,[1]XUẤT!O16) -> #VALUE! | Y16: =X16*P16 -> #VALUE! | Z16: CK9/9 | AA16: Tổ DVCTT | AB16: =W16-V16 -> 2 | AC16: =AB16*5000 -> 10000 | AD16: Chị Nguyệt thu ngân cũ thu tiền
A17: 27 | B17: 46273 | C17: 10+1 Vỉ bia Bà Hợi Cao Xanh | D17: Vận chuyển | E17: Tăng áp | G17: 11 | I17: 11 | J17: Phương + Huế | L17: Đã hoàn thành | M17: Xí nghiệp | N17: Đinh Thu Huế | O17: Vỉ 500ml | P17: 10 | V17: 1 | W17: =SUM(P17:V17) -> 11 | X17: =SUMIFS('[1]Đơn giá'!C:C,'[1]Đơn giá'!B:B,[1]XUẤT!O17) -> #VALUE! | Y17: =X17*P17 -> #VALUE! | AA17: Phương + Huế | AB17: =W17-V17 -> 10 | AC17: =AB17*5000 -> 50000 | AD17: vay công ty
A18: 28 | B18: 46273 | C18: 10+1 vỉ chế biến than qn | D18: Vận chuyển | G18: 11 | I18: 11 | J18: Phương + Huế | L18: Đã hoàn thành | M18: Xí nghiệp | N18: Nguyễn Thị Hồng Phương | O18: Vỉ 500ml | P18: 10 | V18: 1 | W18: =SUM(P18:V18) -> 11 | X18: =SUMIFS('[1]Đơn giá'!C:C,'[1]Đơn giá'!B:B,[1]XUẤT!O18) -> #VALUE! | Y18: =X18*P18 -> #VALUE! | Z18: CK11/9 | AA18: Phương + Huế | AB18: =W18-V18 -> 10 | AC18: =AB18*5000 -> 50000 | AD18: vay công ty
A19: 29 | B19: 46273 | C19: hồng hạnh pcn: 0936812781 Số 1 ngõ 5 phố hải long cạnh phòng khám đa khoa Hoàng Anh KH có nhu cầu 3 bình kiem 19l ship ngay, thu tiền + đổi vỏ | D19: Vận chuyển | H19: 3 | I19: 3 | J19: Hằng bảo vệ | L19: Đã hoàn thành | M19: Công ty | N19: Hồng Hạnh PCN | O19: Bình kiềm | T19: 3 | W19: =SUM(P19:V19) -> 3 | X19: =SUMIFS('[1]Đơn giá'!C:C,'[1]Đơn giá'!B:B,[1]XUẤT!O19) -> #VALUE! | Y19: =T19*X19 -> #VALUE! | Z19: Chị Hằng ghi số thu tiền | AA19: Nguyễn Thị Hằng | AB19: =W19-V19 -> 3 | AC19: =AB19*5000 -> 15000 | AD19: chị hằng đã thu tiền + 3 vỏ
A20: 30 | B20: 46273 | C20: chị Hằng đen ghi số | G20: 3 | M20: Xí nghiệp | N20: Nguyễn Thị Thúy Hằng | O20: Vỉ 500ml | P20: 3 | W20: =SUM(P20:V20) -> 3 | X20: =SUMIFS('[1]Đơn giá'!C:C,'[1]Đơn giá'!B:B,[1]XUẤT!O20) -> #VALUE! | Y20: =X20*P20 -> #VALUE! | AA20: Nguyễn Thị Thúy Hằng | AB20: =W20-V20 -> 3 | AC20: =AB20*5000 -> 15000
A21: 31 | B21: 46273 | C21: Lại Lan | G21: 2 | I21: 2 | M21: Xí nghiệp | N21: Lại Thị Lan | O21: Vỉ 500ml | P21: 2 | W21: =SUM(P21:V21) -> 2 | X21: =SUMIFS('[1]Đơn giá'!C:C,'[1]Đơn giá'!B:B,[1]XUẤT!O21) -> #VALUE! | Y21: =X21*P21 -> #VALUE! | Z21: CK9/9 | AA21: Lại Thị Lan | AB21: =W21-V21 -> 2 | AC21: =AB21*5000 -> 10000
A22: 32 | B22: 46273 | C22: Chị Hằng bảo vệ | G22: 4 | I22: 4 | J22: Hằng bảo vệ | M22: Xí nghiệp | N22: Nguyễn Thị Hằng | O22: Vỉ 500ml | P22: 4 | W22: =SUM(P22:V22) -> 4 | X22: =SUMIFS('[1]Đơn giá'!C:C,'[1]Đơn giá'!B:B,[1]XUẤT!O22) -> #VALUE! | Y22: =X22*P22 -> #VALUE! | AA22: Nguyễn Thị Hằng | AB22: =W22-V22 -> 4 | AC22: =AB22*5000 -> 20000 | AE22: xuất hóa đơn 15/9
A23: 33 | B23: 46274 | C23: KH lấy 10 + 1 thùng 500ml, cạnh tòa nhà Đa Năng Hà Tu, ĐT: 0902 009 566 | D23: 10 +1 thùng | E23: xe cp hạ luôn | F23: 11 | I23: 11 | J23: Xuân | M23: Xí nghiệp | N23: Đỗ Thị Liễu | O23: Hộp 500ml | R23: 10 | V23: 1 | W23: =SUM(P23:V23) -> 11 | X23: =SUMIFS('[1]Đơn giá'!C:C,'[1]Đơn giá'!B:B,[1]XUẤT!O23) -> #VALUE! | Y23: =R23*X23 -> #VALUE! | Z23: ck11/9 | AA23: Lê Thanh Xuân | AB23: =W23-V23 -> 10 | AC23: =AB23*5000 -> 50000 | AD23: Liễu thu tiền
A24: 34 | B24: 46274 | C24: Lại Lan, 1 bình kiềm | H24: 1 | I24: 1 | J24: Lại Lan | L24: hoàn thành | M24: Xí nghiệp | N24: Lại Thị Lan | O24: Bình kiềm | T24: 1 | W24: =SUM(P24:V24) -> 1 | X24: =SUMIFS('[1]Đơn giá'!C:C,'[1]Đơn giá'!B:B,[1]XUẤT!O24) -> #VALUE! | Y24: =X24*P24 -> #VALUE! | Z24: CK9/9 | AA24: Lại Thị Lan | AB24: =W24-V24 -> 1 | AC24: =AB24*5000 -> 5000 | AD24: Lại Lan thu tiền | AE24: xuất hóa đơn 15/9
A25: 35 | B25: 46274 | C25: Vũ Anh BKS: Sau nhà văn hóa khu 3, tỉnh ủy cột 5, dốc nhà máy in đi lên, đến nơi gọi chị để chị lên đường vì nhà chị ko có số em ạ, 0948910518, lấy 3 vỉ 500 và 1 vỉ 350, chị tên Thảo. | D25: 3 vỉ 500 + 1 vỉ 350 | E25: tăng áp | G25: 4 | I25: =H25+G25 -> 4 | J25: Lại Lan | L25: hoàn thành | M25: Công ty | N25: Vũ Anh BKS | O25: Bình kiềm | P25: 3 | Q25: 1 | W25: =SUM(P25:V25) -> 4 | X25: =SUMIFS('[1]Đơn giá'!C:C,'[1]Đơn giá'!B:B,[1]XUẤT!O25) -> #VALUE! | Y25: =X25*P25 -> #VALUE! | Z25: công ty thu tiền | AA25: Lại Thị Lan | AB25: =W25-V25 -> 4 | AC25: =AB25*5000 -> 20000 | AD25: CÔNG TY VAY
B26: 46274 | C26: Em chi | E26: tăng áp | H26: 2 | I26: =H26+G26 -> 2 | J26: Chi | L26: hoàn thành | M26: Xí nghiệp | N26: Nguyễn Thị Chi | O26: Bình kiềm | T26: 2 | W26: =SUM(P26:V26) -> 2 | X26: =SUMIFS('[1]Đơn giá'!C:C,'[1]Đơn giá'!B:B,[1]XUẤT!O26) -> #VALUE! | Y26: =T26*X26 -> #VALUE! | AA26: Nguyễn Thị Chi | AB26: =W26-V26 -> 2 | AC26: =AB26*5000 -> 10000
B27: 46274 | C27: Chị Xuân | E27: tăng áp | G27: 4 | I27: =H27+G27 -> 4 | J27: Chị Xuân | L27: hoàn thành | M27: Xí nghiệp | N27: Lê Thanh Xuân | O27: Vỉ 500ml | P27: 4 | W27: =SUM(P27:V27) -> 4 | X27: =SUMIFS('[1]Đơn giá'!C:C,'[1]Đơn giá'!B:B,[1]XUẤT!O27) -> #VALUE! | Y27: =X27*P27 -> #VALUE! | AA27: Lê Thanh Xuân | AB27: =W27-V27 -> 4 | AC27: =AB27*5000 -> 20000
A28: 1 | B28: 10/9/2026 | C28: 4 vỉ 500ml vào 315 Cao Xanh. Cửa hàng đt Dũng Tí, 098 4312638 | D28: Vận chuyển | E28: Hồng Gai | G28: 4 | I28: =H28+G28 -> 4 | J28: Tùng + Huế | L28: hoàn thành | M28: Xí nghiệp | N28: Mai Anh Dũng | O28: Vỉ 500ml | P28: 4 | W28: =SUM(P28:V28) -> 4 | X28: =SUMIFS('[1]Đơn giá'!C:C,'[1]Đơn giá'!B:B,[1]XUẤT!O28) -> #VALUE! | Y28: =X28*P28 -> #VALUE! | AA28: Đinh Thu Huế | AB28: =W28-V28 -> 4 | AC28: =AB28*5000 -> 20000
A29: 2 | B29: 10/9/2026 | C29: Tươi Đá Trắng số 19 Ba Đèo, 8 bình ion+ 11 vỉ 500 ml, 0915158863, chở đến điêm gọi chị tươi đến bốc | D29: Vận chuyển | E29: tăng áp | G29: 11 | I29: =H29+G29 -> 11 | J29: Tùng + Huế | M29: Xí nghiệp | N29: Vũ Thị Tươi | O29: Vỉ 500ml | P29: 10 | V29: 1 | W29: =SUM(P29:V29) -> 11 | X29: =SUMIFS('[1]Đơn giá'!C:C,'[1]Đơn giá'!B:B,[1]XUẤT!O29) -> #VALUE! | Y29: =X29*P29 -> #VALUE! | AA29: Vũ Thị Tươi | AB29: =W29-V29 -> 10 | AC29: =AB29*5000 -> 50000
E30: tăng áp | H30: 8 | I30: =H30+G30 -> 8 | J30: Tùng + Huế | M30: Xí nghiệp | N30: Vũ Thị Tươi | O30: Bình kiềm | T30: 7 | V30: 1 | W30: =SUM(P30:V30) -> 8 | X30: =SUMIFS('[1]Đơn giá'!C:C,'[1]Đơn giá'!B:B,[1]XUẤT!O30) -> #VALUE! | Y30: =T30*X30 -> #VALUE! | AA30: Vũ Thị Tươi | AB30: =W30-V30 -> 7 | AC30: =AB30*5000 -> 35000
A31: 3 | B31: 10/9/2026 | C31: 15 bình nước cho hội trường cơ sở 2 cạnh trụ sở liên cơ quan số 4, 0988167724 | D31: Vận chuyển | E31: tăng áp | H31: 15 | I31: =H31+G31 -> 15 | J31: Tùng + Huế | K31: Lại Lan + Chi | L31: hoàn thành | M31: Xí nghiệp | N31: Nguyễn Thị Hiếu | O31: Bình kiềm | T31: 15 | W31: =SUM(P31:V31) -> 15 | X31: =SUMIFS('[1]Đơn giá'!C:C,'[1]Đơn giá'!B:B,[1]XUẤT!O31) -> #VALUE! | Y31: =X31*P31 -> #VALUE! | AA31: Đinh Thu Huế | AB31: =W31-V31 -> 15 | AC31: =AB31*5000 -> 75000
A32: 4 | B32: 10/9/2026 | C32: Thư Tuyền PXD: E ơi ship giúp c 10 vỉ 500ml (980k) + 1 vỉ khuyến mãi đến nhà chú Thắng ở tổ 13 khu phố Hà Trung 2 (ship 10h30) +84972133886. | D32: Vận chuyển | E32: tăng áp | G32: 11 | I32: =H32+G32 -> 11 | J32: Tùng + Huế | L32: hoàn thành | M32: Công ty | N32: Thư Tuyền | O32: Vỉ 500ml | P32: 10 | V32: 1 | W32: =SUM(P32:V32) -> 11 | X32: =SUMIFS('[1]Đơn giá'!C:C,'[1]Đơn giá'!B:B,[1]XUẤT!O32) -> #VALUE! | Y32: =X32*P32 -> #VALUE! | Z32: công ty thu tiền | AA32: Đinh Thu Huế | AB32: =W32-V32 -> 10 | AC32: =AB32*5000 -> 50000 | AD32: CÔNG TY VAY
A33: 5 | B33: 10/9/2026 | C33: chiều 1 đơn karaoke Luxury yết kiêu 30+3 vỉ 500 | D33: Vận chuyển | E33: Hồng Gai | G33: 33 | I33: =H33+G33 -> 33 | J33: Tùng + Huế | K33: trạm Hồng Gai | L33: hoàn thành | M33: Xí nghiệp | N33: Đinh Thu Huế | O33: Vỉ 500ml | P33: 30 | V33: 3 | W33: =SUM(P33:V33) -> 33 | X33: =SUMIFS('[1]Đơn giá'!C:C,'[1]Đơn giá'!B:B,[1]XUẤT!O33) -> #VALUE! | Y33: =X33*P33 -> #VALUE! | AA33: Đinh Thu Huế | AB33: =W33-V33 -> 30 | AC33: =AB33*5000 -> 150000
A34: 6 | B34: 10/9/2026 | C34: 10 vỉ 500ml +1 nc, nhận ở trường dân tộc nội trú, phường Hạ long -0985515202 Phạm việt Hà | D34: Vận chuyển | E34: Văn phòng | G34: 11 | I34: =H34+G34 -> 11 | J34: Chị Vượng + Chi | K34: Trạm Hạ Long | L34: hoàn thành | M34: Diễn Vọng | N34: Chị Hiền Diễn Vọng | O34: Vỉ 500ml | P34: 30 | V34: 3 | W34: =SUM(P34:V34) -> 33 | X34: =SUMIFS('[1]Đơn giá'!C:C,'[1]Đơn giá'!B:B,[1]XUẤT!O34) -> #VALUE! | Y34: =X34*P34 -> #VALUE! | AA34: Trần Trọng Khoa | AB34: =W34-V34 -> 30 | AC34: =AB34*5000 -> 150000 | AD34: DIỄN VỌNG VAY
A35: 7 | B35: 10/9/2026 | C35: Hồng Hạnh P.CN Sân pick Star cạnh nhà hàng Lan Hương có nhu cầu 10+1 vỉ 500ml - 0979748188. SHip luôn | D35: Vận chuyển | E35: tăng áp | G35: 11 | I35: =H35+G35 -> 11 | J35: Lại Lan + Xuân | L35: hoàn thành | M35: Công ty | N35: Hồng Hạnh PCN | O35: Vỉ 500ml | P35: 5 | V35: 1 | W35: =SUM(P35:V35) -> 6 | X35: =SUMIFS('[1]Đơn giá'!C:C,'[1]Đơn giá'!B:B,[1]XUẤT!O35) -> #VALUE! | Y35: =X35*P35 -> #VALUE! | AA35: Lại Thị Lan | AB35: =W35-V35 -> 5 | AC35: =AB35*5000 -> 25000 | AD35: CÔNG TY VAY
E36: tăng áp | P36: 5 | W36: =SUM(P36:V36) -> 5 | X36: 98000 | Y36: =X36*P36 -> 490000 | AA36: Lê Thanh Xuân | AB36: =W36-V36 -> 5 | AC36: =AB36*5000 -> 25000
A37: 8 | B37: 10/9/2026 | C37: Lương Vân Mai bán lẻ | D37: Vận chuyển | E37: Văn phòng | G37: 2 | I37: =H37+G37 -> 2 | J37: Lương Thị Vân Mai | L37: hoàn thành | M37: Xí nghiệp | N37: Lương Thị Vân Mai | O37: Vỉ 500ml | P37: 2 | W37: =SUM(P37:V37) -> 2 | X37: =SUMIFS('[1]Đơn giá'!C:C,'[1]Đơn giá'!B:B,[1]XUẤT!O37) -> #VALUE! | Y37: =X37*P37 -> #VALUE! | AA37: Lương Thị Vân Mai | AB37: =W37-V37 -> 2 | AC37: =AB37*5000 -> 10000
A38: 9 | B38: 10/9/2026 | C38: Đơn bốc nước của Công ty 22 bình đến Đảng ủy phường Hạ Long | D38: Bốc xếp | E38: Cẩm Phả | H38: 22 | I38: =H38+G38 -> 22 | J38: 5 ghi số trạm Hạ Long và Liễu, Xuân | K38: Hạ Long | L38: hoàn thành | M38: Công ty | N38: Nguyễn Thị Chi | O38: Bình kiềm | T38: 20 | V38: 2 | W38: =SUM(P38:V38) -> 22 | X38: =SUMIFS('[1]Đơn giá'!C:C,'[1]Đơn giá'!B:B,[1]XUẤT!O38) -> #VALUE! | Y38: =T38*X38 -> #VALUE! | AA38: Nguyễn Thị Chi | AB38: =W38-V38 -> 20 | AC38: =AB38*5000 -> 100000
A39: 10 | B39: 10/9/2026 | C39: Hồng Hạnh PCN: 0852091985 khách hàng có nhu cầu ngay 20+2 vỉ 350 ml (cần ngay) đến 32 Phan Đăng Lưu, thu tiền luôn | D39: Vận chuyển | E39: Hồng Gai | G39: 22 | I39: =H39+G39 -> 22 | J39: Tùng + Huế | L39: hoàn thành | M39: Công ty | N39: Hồng Hạnh PCN | O39: Vỉ 500ml | Q39: 10 | V39: 2 | W39: =SUM(P39:V39) -> 12 | X39: 85000 | Y39: =Q39*X39 -> 850000 | Z39: TM11/9 | AA39: Đinh Thu Huế | AB39: =W39-V39 -> 10 | AC39: =AB39*5000 -> 50000 | AD39: CÔNG TY VAY
E40: Hồng Gai | M40: Công ty | O40: Vỉ 500ml | Q40: 10 | W40: =SUM(P40:V40) -> 10 | X40: 85000 | Y40: =Q40*X40 -> 850000 | Z40: TM11/9 | AA40: Đỗ Thị Vượng | AB40: =W40-V40 -> 10 | AC40: =AB40*5000 -> 50000
A41: 11 | B41: 10/9/2026 | C41: Chiị Bùi Thu lấy 8 vỉ ship ngã 3 thành công | D41: Vận chuyển | E41: Hồng Gai | G41: 8 | I41: =H41+G41 -> 8 | J41: Bùi Thị Thu | L41: hoàn thành | M41: Xí nghiệp | N41: Bùi Thị Thu | O41: Vỉ 500ml | P41: 8 | W41: =SUM(P41:V41) -> 8 | X41: =SUMIFS('[1]Đơn giá'!C:C,'[1]Đơn giá'!B:B,[1]XUẤT!O41) -> #VALUE! | Y41: =X41*P41 -> #VALUE! | AA41: Bùi Thị Thu | AB41: =W41-V41 -> 8 | AC41: =AB41*5000 -> 40000
A42: 12 | B42: 10/9/2026 | C42: Chj yến trạm Hồng Gai 2 vỉ | D42: Vận chuyển | E42: Hồng Gai | G42: 2 | I42: =H42+G42 -> 2 | J42: Lưu Hải Yến | L42: hoàn thành | M42: Xí nghiệp | N42: Lưu Hải Yến | O42: Vỉ 500ml | P42: 2 | W42: =SUM(P42:V42) -> 2 | X42: =SUMIFS('[1]Đơn giá'!C:C,'[1]Đơn giá'!B:B,[1]XUẤT!O42) -> #VALUE! | Y42: =X42*P42 -> #VALUE! | AA42: Lưu Hải Yến | AB42: =W42-V42 -> 2 | AC42: =AB42*5000 -> 10000
A43: 1 | B43: 11/9/2026 | C43: 6 vì đến bún cá Thu Hiên, gầm cầu ở hồ điều hòa Yết Kiêu, thu tiền luôn, 0326851888 | D43: Vận chuyển | E43: Hồng Gai | G43: 6 | I43: =H43+G43 -> 6 | J43: Đinh Thu Huế | L43: hoàn thành | M43: Xí nghiệp | N43: Nguyễn Viết Tạo | O43: Vỉ 500ml | P43: 5 | W43: =SUM(P43:V43) -> 5 | X43: =SUMIFS('[1]Đơn giá'!C:C,'[1]Đơn giá'!B:B,[1]XUẤT!O43) -> #VALUE! | Y43: =X43*P43 -> #VALUE! | AA43: Đinh Thu Huế | AB43: =W43-V43 -> 5 | AC43: =AB43*5000 -> 25000
A44: 2 | B44: 11/9/2026 | C44: anh Nguyên bán 4 vỉ | D44: Vận chuyển | E44: Văn phòng | G44: 4 | I44: =H44+G44 -> 4 | J44: Bùi Ngọc Nguyên | L44: hoàn thành | M44: Xí nghiệp | N44: Bùi Ngọc Nguyên | O44: Vỉ 500ml | P44: 4 | W44: =SUM(P44:V44) -> 4 | X44: =SUMIFS('[1]Đơn giá'!C:C,'[1]Đơn giá'!B:B,[1]XUẤT!O44) -> #VALUE! | Y44: =X44*P44 -> #VALUE! | AA44: Bùi Ngọc Nguyên | AB44: =W44-V44 -> 4 | AC44: =AB44*5000 -> 20000
A45: 3 | B45: 11/9/2026 | C45: Minh Hạnh PCN: 4 vỉ nước 500ml đến khu gara ô tô 123 gần chợ Sa Tô 090 3414898 (MInh Hạnh thanh toán) | D45: Vận chuyển | E45: Hồng Gai | G45: 4 | I45: =H45+G45 -> 4 | J45: Đinh Thu Huế | L45: hoàn thành | M45: Công ty | N45: Minh Hạnh | O45: Vỉ 500ml | P45: 4 | W45: =SUM(P45:V45) -> 4 | X45: =SUMIFS('[1]Đơn giá'!C:C,'[1]Đơn giá'!B:B,[1]XUẤT!O45) -> #VALUE! | Y45: =X45*P45 -> #VALUE! | AA45: Đinh Thu Huế | AB45: =W45-V45 -> 4 | AC45: =AB45*5000 -> 20000
A46: 4 | B46: 11/9/2026 | C46: Chị lấy ở số nhà 42 mặt đường. Gần dốc đèo bụt hà phong, Hương thu ngân cũ | D46: Vận chuyển | E46: Tăng áp | G46: 11 | I46: =H46+G46 -> 11 | J46: Lê Như Hùng | M46: Xí nghiệp | N46: Phạm Thị Thanh Hương | O46: Vỉ 500ml | P46: 10 | V46: 1 | W46: =SUM(P46:V46) -> 11 | X46: =SUMIFS('[1]Đơn giá'!C:C,'[1]Đơn giá'!B:B,[1]XUẤT!O46) -> #VALUE! | Y46: =X46*P46 -> #VALUE! | AA46: Lê Như Hùng | AB46: =W46-V46 -> 10 | AC46: =AB46*5000 -> 50000
A47: 5 | B47: 11/9/2026 | C47: Đơn bốc nước của Công ty 11 bình đến Ames Lán Bè | D47: Bốc xếp | H47: 11 | I47: =H47+G47 -> 11 | J47: Đinh Thu Huế | L47: hoàn thành | M47: Công ty | O47: Bình kiềm | T47: 5 | V47: 1 | W47: =SUM(P47:V47) -> 6 | X47: =SUMIFS('[1]Đơn giá'!C:C,'[1]Đơn giá'!B:B,[1]XUẤT!O47) -> #VALUE! | Y47: =T47*X47 -> #VALUE! | AA47: Đinh Thu Huế | AB47: =W47-V47 -> 5 | AC47: =AB47*5000 -> 25000
I48: =H48+G48 -> 0 | J48: Nguyễn Thị Huy | L48: hoàn thành | M48: Công ty | O48: Bình kiềm | T48: 5 | W48: =SUM(P48:V48) -> 5 | X48: =SUMIFS('[1]Đơn giá'!C:C,'[1]Đơn giá'!B:B,[1]XUẤT!O48) -> #VALUE! | Y48: =T48*X48 -> #VALUE! | AA48: Nguyễn Thị Huy | AB48: =W48-V48 -> 5 | AC48: =AB48*5000 -> 25000
A49: 6 | B49: 11/9/2026 | C49: Đoàn Sơn Tùng : 3 vỉ 500ml ion Kiềm đến chỗ trường tiểu học Cao Thắng, 0982953270 | D49: Vận chuyển | E49: Hà Lầm | G49: 3 | I49: 12 | J49: Hùng + Huế + Huy | L49: hoàn thành | M49: Công ty | O49: Vỉ 500ml | P49: 3 | W49: =SUM(P49:V49) -> 3 | X49: =SUMIFS('[1]Đơn giá'!C:C,'[1]Đơn giá'!B:B,[1]XUẤT!O49) -> #VALUE! | Y49: =X49*P49 -> #VALUE! | Z49: ck15/9 | AA49: Mạc Thị Thanh Tú | AB49: =W49-V49 -> 3 | AC49: =AB49*5000 -> 15000 | AD49: Vay Hà Lầm
A50: 7 | B50: 46335 | C50: Số nhà 512, đường Nguyễn Văn Cừ - Hồng Hà (Đàm Hồng Hà) | D50: Vận chuyển | E50: Hồng Gai | G50: 11 | I50: =H50+G50 -> 11 | J50: Phương + Huế | M50: Xí nghiệp | N50: Bùi Ngọc Đàm | O50: Vỉ 500ml | P50: 10 | W50: =SUM(P50:V50) -> 10 | X50: =SUMIFS('[1]Đơn giá'!C:C,'[1]Đơn giá'!B:B,[1]XUẤT!O50) -> #VALUE! | Y50: =X50*P50 -> #VALUE! | Z50: CK12/9 | AA50: Đinh Thu Huế | AB50: =W50-V50 -> 10 | AC50: =AB50*5000 -> 50000
A51: 8 | B51: 46335 | C51: Hằng bảo vệ | D51: Vận chuyển | E51: Văn phòng | G51: 2 | I51: =H51+G51 -> 2 | J51: Nguyễn Thị Hằng | L51: hoàn thành | M51: Xí nghiệp | N51: Nguyễn Thị Hằng | O51: Vỉ 500ml | P51: 2 | W51: =SUM(P51:V51) -> 2 | X51: =SUMIFS('[1]Đơn giá'!C:C,'[1]Đơn giá'!B:B,[1]XUẤT!O51) -> #VALUE! | Y51: =X51*P51 -> #VALUE! | AA51: Nguyễn Thị Hằng | AB51: =W51-V51 -> 2 | AC51: =AB51*5000 -> 10000
A52: 9 | B52: 46335 | C52: Chị dki 1 đơn sân pick gần chợ cột 5 cũ 10+1 vỉ 500 | D52: Vận chuyển | E52: Hồng Gai | G52: 11 | I52: =H52+G52 -> 11 | J52: Đinh Thu Huế | L52: hoàn thành | M52: Xí nghiệp | N52: Đinh Thu Huế | O52: Vỉ 500ml | P52: 10 | V52: 1 | W52: =SUM(P52:V52) -> 11 | X52: =SUMIFS('[1]Đơn giá'!C:C,'[1]Đơn giá'!B:B,[1]XUẤT!O52) -> #VALUE! | Y52: =X52*P52 -> #VALUE! | AA52: Đinh Thu Huế | AB52: =W52-V52 -> 10 | AC52: =AB52*5000 -> 50000
A53: 10 | B53: 46335 | C53: Cúc ghi số | D53: Vận chuyển | E53: Tăng áp | W53: =SUM(P53:V53) -> 0 | X53: =SUMIFS('[1]Đơn giá'!C:C,'[1]Đơn giá'!B:B,[1]XUẤT!O53) -> #VALUE! | Y53: =X53*P53 -> #VALUE! | AB53: =W53-V53 -> 0 | AC53: =AB53*5000 -> 0
A54: 11 | B54: 46335 | C54: Xuân | D54: Vận chuyển | E54: Tăng áp | G54: 3 | I54: =H54+G54 -> 3 | M54: Xí nghiệp | N54: Lê Thanh Xuân | O54: Vỉ 500ml | P54: 3 | W54: =SUM(P54:V54) -> 3 | X54: =SUMIFS('[1]Đơn giá'!C:C,'[1]Đơn giá'!B:B,[1]XUẤT!O54) -> #VALUE! | Y54: =X54*P54 -> #VALUE! | AA54: Lê Thanh Xuân | AB54: =W54-V54 -> 3 | AC54: =AB54*5000 -> 15000
A55: 1 | B55: 46365 | C55: 5 vỉ 350 và 2 vỉ 500 đám cưới ngay gần trường Hồng Hải 0915367686 | D55: Vận chuyển | E55: Văn phòng | G55: 2 | I55: =H55+G55 -> 2 | J55: Đan Thanh | L55: hoàn thành | M55: Xí nghiệp | N55: Phạm Phương Dung | O55: Vỉ 500ml | P55: 2 | W55: =SUM(P55:V55) -> 2 | X55: =SUMIFS('[1]Đơn giá'!C:C,'[1]Đơn giá'!B:B,[1]XUẤT!O55) -> #VALUE! | Y55: =X55*P55 -> #VALUE! | AA55: Phạm Thị Đan Thanh | AB55: =W55-V55 -> 2 | AC55: =AB55*5000 -> 10000
D56: Vận chuyển | E56: Tăng áp | G56: 5 | I56: =H56+G56 -> 5 | J56: Lại Lan | L56: hoàn thành | M56: Xí nghiệp | N56: Phạm Phương Dung | O56: Vỉ 350ml | Q56: 5 | W56: =SUM(P56:V56) -> 5 | X56: 85000 | Y56: =Q56*X56 -> 425000 | AA56: Lại Thị Lan | AB56: =W56-V56 -> 5 | AC56: =AB56*5000 -> 25000
A57: 2 | B57: 46365 | C57: Bùi Hà Thu ghi số | D57: Vận chuyển | E57: Hồng Gai | G57: 22 | I57: =H57+G57 -> 22 | J57: Bùi Hà Thu | L57: hoàn thành | M57: Xí nghiệp | N57: Bùi Hà Thu | O57: Vỉ 500ml | P57: 20 | V57: 2 | W57: =SUM(P57:V57) -> 22 | X57: =SUMIFS('[1]Đơn giá'!C:C,'[1]Đơn giá'!B:B,[1]XUẤT!O57) -> #VALUE! | Y57: =X57*P57 -> #VALUE! | AA57: Bùi Hà Thu | AB57: =W57-V57 -> 20 | AC57: =AB57*5000 -> 100000
A58: 3 | B58: 46365 | C58: 17 ngõ 16 c xanh, 3 vỉ , ĐT 0983768788 | D58: Vận chuyển | E58: Hồng Gai | G58: 3 | I58: =H58+G58 -> 3 | J58: Đinh Thu Huế | L58: hoàn thành | M58: Xí nghiệp | N58: Phan Hồng Hạnh | O58: Vỉ 500ml | P58: 3 | W58: =SUM(P58:V58) -> 3 | X58: =SUMIFS('[1]Đơn giá'!C:C,'[1]Đơn giá'!B:B,[1]XUẤT!O58) -> #VALUE! | Y58: =X58*P58 -> #VALUE! | Z58: ck 12/9 | AA58: Đinh Thu Huế | AB58: =W58-V58 -> 3 | AC58: =AB58*5000 -> 15000
A59: 4 | B59: 46365 | C59: 10 vi +1 cho c Lan số 298 đường Trần nhân tông Quang Yeen 0913628066 ( cứ mở cổng be vào cua nhà cho c ấy nhớ )chỉ tiêu Đan Thanh. | E59: vay Quảng Yên | G59: 11 | I59: =H59+G59 -> 11 | J59: Quảng Yên | M59: Xí nghiệp | N59: Phạm Thị Đan Thanh | O59: Vỉ 500ml | P59: 10 | V59: 1 | W59: =SUM(P59:V59) -> 11 | X59: =SUMIFS('[1]Đơn giá'!C:C,'[1]Đơn giá'!B:B,[1]XUẤT!O59) -> #VALUE! | Y59: =X59*P59 -> #VALUE! | Z59: CK17/9 | AA59: Yến Quảng Yên | AB59: =W59-V59 -> 10 | AC59: =AB59*5000 -> 50000
A60: 5 | B60: 46365 | C60: E gửi đơn ship Vịnh hoàng hôn ( đồi mặt trời ) 3 vỉ to chị nhé, ghi biên bản đưa cho chị thị trường giao nước ai nhận thì kí xong gửi ảnh chụp biên bản cho e chị nhé | D60: Vận chuyển | E60: Hồng Gai | G60: 3 | I60: =H60+G60 -> 3 | J60: Trạm Hồng Gai | L60: hoàn thành | M60: Bãi Cháy | O60: Vỉ 500ml | P60: 3 | W60: =SUM(P60:V60) -> 3 | X60: =SUMIFS('[1]Đơn giá'!C:C,'[1]Đơn giá'!B:B,[1]XUẤT!O60) -> #VALUE! | Y60: =X60*P60 -> #VALUE! | Z60: Bãi Cháy tự thu | AB60: =W60-V60 -> 3 | AC60: =AB60*5000 -> 15000 | AD60: BÃI CHÁY VAY
A61: 6 | B61: 46365 | C61: Chiị Huế lấy bán 11 vỉ 350 ml | D61: Vận chuyển | E61: Tăng áp | G61: 11 | H61: 11 | I61: =H61+G61 -> 22 | J61: Đinh Thu Huế | L61: hoàn thành | M61: Xí nghiệp | N61: Đinh Thu Huế | O61: Vỉ 350ml | Q61: 10 | V61: 1 | W61: =SUM(P61:V61) -> 11 | X61: =SUMIFS('[1]Đơn giá'!C:C,'[1]Đơn giá'!B:B,[1]XUẤT!O61) -> #VALUE! | Y61: =Q61*X61 -> #VALUE! | AA61: Đinh Thu Huế | AB61: =W61-V61 -> 10 | AC61: =AB61*5000 -> 50000
A62: 7 | B62: 46365 | C62: Công ty vay đám ma bố anh Hùng tuyến mạng | D62: Vận chuyển | E62: Tăng áp | G62: 20 | I62: =H62+G62 -> 20 | J62: Đinh Thu Huế | L62: hoàn thành | M62: nội bộ công ty | Q62: 20 | W62: =SUM(P62:V62) -> 20 | X62: =SUMIFS('[1]Đơn giá'!C:C,'[1]Đơn giá'!B:B,[1]XUẤT!O62) -> #VALUE! | Y62: =X62*P62 -> #VALUE! | AB62: =W62-V62 -> 20 | AC62: =AB62*5000 -> 100000 | AD62: công ty trả nợ luôn rồi
A63: 8 | B63: 46365 | C63: Trần Thảo PQT: chiều chị cho e 5 vỉ nước 500ml đến 75 đặng Thùy Trâm - quán bún cá cay Vân Quyết - 0983406128 - Thu tiền luôn | D63: Vận chuyển | E63: Tăng áp | G63: 5 | I63: =H63+G63 -> 5 | J63: Chị Xuân | M63: Công ty | O63: Vỉ 500ml | P63: 5 | W63: =SUM(P63:V63) -> 5 | X63: =SUMIFS('[1]Đơn giá'!C:C,'[1]Đơn giá'!B:B,[1]XUẤT!O63) -> #VALUE! | Y63: =X63*P63 -> #VALUE! | AA63: Đinh Thu Huế | AB63: =W63-V63 -> 5 | AC63: =AB63*5000 -> 25000
A64: 9 | B64: 46365 | C64: chị Hằng bảo vệ 2 vỉ to | D64: Vận chuyển | E64: Văn phòng | G64: 2 | I64: =H64+G64 -> 2 | J64: Nguyễn Thị Hằng | L64: hoàn thành | M64: Xí nghiệp | N64: Nguyễn Thị Hằng | O64: Vỉ 500ml | P64: 2 | W64: =SUM(P64:V64) -> 2 | X64: =SUMIFS('[1]Đơn giá'!C:C,'[1]Đơn giá'!B:B,[1]XUẤT!O64) -> #VALUE! | Y64: =X64*P64 -> #VALUE! | AA64: Nguyễn Thị Hằng | AB64: =W64-V64 -> 2 | AC64: =AB64*5000 -> 10000
A65: 10 | B65: 46365 | C65: Hiệu thuốc ông An - moonbay Thu tiền luôn | D65: Vận chuyển | E65: Tăng áp | G65: 11 | I65: =H65+G65 -> 11 | J65: Phương + Huế | L65: hoàn thành | M65: Xí nghiệp | N65: Lương Minh Hương | O65: Vỉ 500ml | P65: 10 | V65: 1 | W65: =SUM(P65:V65) -> 11 | X65: =SUMIFS('[1]Đơn giá'!C:C,'[1]Đơn giá'!B:B,[1]XUẤT!O65) -> #VALUE! | Y65: =X65*P65 -> #VALUE! | Z65: TM14/9 | AA65: Nguyễn Thị Hồng Phương | AB65: =W65-V65 -> 10 | AC65: =AB65*5000 -> 50000 | AD65: Chị Huế đã thu tiền
A66: 11 | B66: 46365 | C66: Thủy béo ghi số | D66: Vận chuyển | E66: Hồng Gai | G66: 4 | I66: =H66+G66 -> 4 | J66: Nguyễn Thị Thủy (B) | L66: hoàn thành | M66: Xí nghiệp | N66: Nguyễn Thị Thủy (B) | O66: Vỉ 500ml | P66: 4 | W66: =SUM(P66:V66) -> 4 | X66: =SUMIFS('[1]Đơn giá'!C:C,'[1]Đơn giá'!B:B,[1]XUẤT!O66) -> #VALUE! | Y66: =X66*P66 -> #VALUE! | AA66: Nguyễn Thị Thủy (B) | AB66: =W66-V66 -> 4 | AC66: =AB66*5000 -> 20000
A67: 1 | B67: 13/9/2026 | C67: Chị Hiếu ghi số lấy ship đơn chị Chế Dung 11 vỉ 500 | D67: Vận chuyển | E67: Văn phòng | G67: 11 | I67: =H67+G67 -> 11 | J67: Nguyễn Thị Hiếu | L67: hoàn thành | M67: Xí nghiệp | N67: Chế Thùy Dung | O67: Vỉ 500ml | P67: 10 | V67: 1 | W67: =SUM(P67:V67) -> 11 | X67: =SUMIFS('[1]Đơn giá'!C:C,'[1]Đơn giá'!B:B,[1]XUẤT!O67) -> #VALUE! | Y67: =X67*P67 -> #VALUE! | AA67: Nguyễn Thị Hiếu | AB67: =W67-V67 -> 10 | AC67: =AB67*5000 -> 50000
A68: 2 | B68: 13/9/2026 | C68: Quán bia Quang Đông (Cúc ghi số) | D68: Vận chuyển | E68: xe điện | G68: 11 | I68: =H68+G68 -> 11 | J68: Nguyễn Thị Hồng Phương | L68: hoàn thành | M68: Xí nghiệp | N68: Tăng Thị Cúc | O68: Vỉ 500ml | P68: 10 | V68: 1 | W68: =SUM(P68:V68) -> 11 | X68: =SUMIFS('[1]Đơn giá'!C:C,'[1]Đơn giá'!B:B,[1]XUẤT!O68) -> #VALUE! | Y68: =X68*P68 -> #VALUE! | Z68: CK 18/9 | AA68: Nguyễn Thị Hồng Phương | AB68: =W68-V68 -> 10 | AC68: =AB68*5000 -> 50000 | AD68: Chị Cúc thu tiền
A69: 3 | B69: 13/9/2026 | C69: Quán bia Cây Dừa (Cúc ghi số) | D69: Vận chuyển | E69: xe điện | G69: 11 | I69: =H69+G69 -> 11 | J69: Nguyễn Thị Hồng Phương | L69: hoàn thành | M69: Xí nghiệp | N69: Nguyễn Văn Nhâm | O69: Vỉ 500ml | P69: 10 | V69: 1 | W69: =SUM(P69:V69) -> 11 | X69: =SUMIFS('[1]Đơn giá'!C:C,'[1]Đơn giá'!B:B,[1]XUẤT!O69) -> #VALUE! | Y69: =X69*P69 -> #VALUE! | Z69: TM14/9 | AA69: Nguyễn Thị Hồng Phương | AB69: =W69-V69 -> 10 | AC69: =AB69*5000 -> 50000 | AD69: Phương lái xe thu tiền
A70: 4 | B70: 13/9/2026 | C70: Mai ghi số | D70: Vận chuyển | E70: xe điện | G70: 11 | I70: =H70+G70 -> 11 | J70: Nguyễn Thị Hồng Phương | L70: hoàn thành | M70: Xí nghiệp | N70: Bùi Ngọc Mai | O70: Vỉ 500ml | P70: 10 | V70: 1 | W70: =SUM(P70:V70) -> 11 | X70: =SUMIFS('[1]Đơn giá'!C:C,'[1]Đơn giá'!B:B,[1]XUẤT!O70) -> #VALUE! | Y70: =X70*P70 -> #VALUE! | Z70: TM14/9 | AA70: Nguyễn Thị Hồng Phương | AB70: =W70-V70 -> 10 | AC70: =AB70*5000 -> 50000 | AD70: Phương lái xe thu tiền
A71: 5 | B71: 13/9/2026 | C71: Mai ghi số cho chỉ tiêu Phạm Thị Thu Đá Trắng | D71: Vận chuyển | E71: xe điện | G71: 11 | I71: =H71+G71 -> 11 | J71: Nguyễn Thị Hồng Phương | L71: hoàn thành | M71: Xí nghiệp | N71: Phạm Thị Thu (B) | O71: Vỉ 500ml | P71: 10 | V71: 1 | W71: =SUM(P71:V71) -> 11 | X71: 98000 | Y71: =X71*P71 -> 980000 | Z71: TM14/9 | AA71: Nguyễn Thị Hồng Phương | AB71: =W71-V71 -> 10 | AC71: =AB71*5000 -> 50000 | AD71: Phương lái xe thu tiền
A72: 6 | B72: 13/9/2026 | C72: Dung vịt Cao Xanh | D72: Vận chuyển | E72: xe điện | G72: 2 | I72: =H72+G72 -> 2 | J72: Nguyễn Thị Hồng Phương | L72: hoàn thành | M72: Xí nghiệp | N72: Nguyễn Thị Hồng Phương | O72: Vỉ 500ml | P72: 2 | W72: =SUM(P72:V72) -> 2 | X72: =SUMIFS('[1]Đơn giá'!C:C,'[1]Đơn giá'!B:B,[1]XUẤT!O72) -> #VALUE! | Y72: =X72*P72 -> #VALUE! | Z72: TM14/9 | AA72: Nguyễn Thị Hồng Phương | AB72: =W72-V72 -> 2 | AC72: =AB72*5000 -> 10000 | AD72: Phương lái xe thu tiền
A73: 7 | B73: 13/9/2026 | C73: Hương Biển (chị Hiếu ghi só) | D73: Vận chuyển | E73: Tăng áp | G73: 30 | I73: =H73+G73 -> 30 | J73: Nguyễn Thị Hồng Phương | L73: hoàn thành | M73: Xí nghiệp | N73: Nguyễn Thị Hiếu | O73: Vỉ 500ml | P73: 30 | W73: =SUM(P73:V73) -> 30 | X73: 98000 | Y73: =P73*X73 -> 2940000 | AA73: Nguyễn Thị Hồng Phương | AB73: =W73-V73 -> 30 | AC73: =AB73*5000 -> 150000
B74: 13/9/2026 | C74: Phương lái xe | D74: Vận chuyển | E74: Tăng áp | G74: 3 | I74: 3 | J74: Nguyễn Thị Hồng Phương | L74: hoàn thành | M74: Xí nghiệp | N74: Nguyễn Thị Hồng Phương | O74: Vỉ 500ml | P74: 3 | W74: =SUM(P74:V74) -> 3 | X74: 98000 | Y74: =X74*P74 -> 294000 | AA74: Nguyễn Thị Hồng Phương | AB74: =W74-V74 -> 3 | AC74: =AB74*5000 -> 15000
A75: 1 | B75: 14/9/2026 | C75: Thư tuyền PXD: Ship c 10+1 vỉ 500 đến số 134 ngõ 3 cao thắng. Tạp hoá kim loan. Đối diện trường tiểu học cao thắng cơ sở 2. +84989376850 THU TIỀN LUÔN | D75: Vận chuyển | E75: Tăng áp | G75: 11 | I75: =H75+G75 -> 11 | J75: Huế + Phương | L75: hoàn thành | M75: Công ty | N75: Thư Tuyền | O75: Vỉ 500ml | P75: 11 | W75: =SUM(P75:V75) -> 11 | X75: =SUMIFS('[1]Đơn giá'!C:C,'[1]Đơn giá'!B:B,[1]XUẤT!O75) -> #VALUE! | Y75: =X75*P75 -> #VALUE! | AA75: Đinh Thu Huế | AB75: =W75-V75 -> 11 | AC75: =AB75*5000 -> 55000 | AD75: Đinh Thu Huế
A76: 2 | B76: 14/9/2026 | C76: Anh Nghĩa 090 2735666 - số 2 Nguyễn Thái Học, Yết Kiêu - lấy 10+1 vỉ 500. (Mai Hương BQL) | D76: Vận chuyển | E76: Hồng Gai | G76: 11 | I76: =H76+G76 -> 11 | J76: Huế + Phương | L76: hoàn thành | M76: Công ty | O76: Vỉ 500ml | P76: 10 | V76: 1 | W76: =SUM(P76:V76) -> 11 | X76: =SUMIFS('[1]Đơn giá'!C:C,'[1]Đơn giá'!B:B,[1]XUẤT!O76) -> #VALUE! | Y76: =X76*P76 -> #VALUE! | AB76: =W76-V76 -> 10 | AC76: =AB76*5000 -> 50000
A77: 3 | B77: 14/9/2026 | C77: chuyển 10+1 vỉ nước 500ml đến trường Lê Thánh Tông - A Hân GĐ XNN Miền Đông gửi thầy Phương - Hiệu trưởng | D77: Vận chuyển | E77: Tăng áp | G77: 11 | I77: =H77+G77 -> 11 | J77: Huế + Phương | L77: hoàn thành | M77: Miền Đông | O77: Hộp 500ml | W77: =SUM(P77:V77) -> 0 | X77: =SUMIFS('[1]Đơn giá'!C:C,'[1]Đơn giá'!B:B,[1]XUẤT!O77) -> #VALUE! | Y77: =X77*P77 -> #VALUE! | AB77: =W77-V77 -> 0 | AC77: =AB77*5000 -> 0
A78: 4 | B78: 14/9/2026 | C78: Hằng bảo vệ (lấy ngày CN7 vỉ ) | D78: Vận chuyển | E78: Văn phòng | G78: 7 | I78: =H78+G78 -> 7 | J78: Nguyễn Thị Hằng | L78: hoàn thành | M78: Xí nghiệp | N78: Nguyễn Thị Hằng | O78: Vỉ 500ml | P78: 7 | W78: =SUM(P78:V78) -> 7 | X78: =SUMIFS('[1]Đơn giá'!C:C,'[1]Đơn giá'!B:B,[1]XUẤT!O78) -> #VALUE! | Y78: =X78*P78 -> #VALUE! | AA78: Nguyễn Thị Hằng | AB78: =W78-V78 -> 7 | AC78: =AB78*5000 -> 35000
A79: 5 | B79: 14/9/2026 | C79: e gửi đơn khách lấy 10 vỉ to + 1km chai 500ml chị nhé (176 Nguyễn Bá Ngọc, Hà Lầm) 0363259488 | D79: Vận chuyển | E79: Tăng áp | G79: 11 | I79: =H79+G79 -> 11 | J79: Huế + Phương | L79: hoàn thành | M79: Bãi Cháy | O79: Vỉ 500ml | P79: 10 | V79: 1 | W79: =SUM(P79:V79) -> 11 | X79: =SUMIFS('[1]Đơn giá'!C:C,'[1]Đơn giá'!B:B,[1]XUẤT!O79) -> #VALUE! | Y79: =X79*P79 -> #VALUE! | AA79: Đinh Thu Huế | AB79: =W79-V79 -> 10 | AC79: =AB79*5000 -> 50000 | AD79: Bãi Cháy thu tiền
A80: 6 | B80: 14/9/2026 | C80: Chị Thu trạm Đá trắng (Số 41, tổ 2 khu 1 phường Hạ Long, đối diện đường sông 3), ĐT 0383810322 | D80: Vận chuyển | E80: Tăng áp | G80: 11 | I80: =H80+G80 -> 11 | J80: Huế + Phương | L80: hoàn thành | M80: Xí nghiệp | N80: Phạm Thị Thu (B) | O80: Vỉ 500ml | P80: 10 | V80: 1 | W80: =SUM(P80:V80) -> 11 | X80: =SUMIFS('[1]Đơn giá'!C:C,'[1]Đơn giá'!B:B,[1]XUẤT!O80) -> #VALUE! | Y80: =X80*P80 -> #VALUE! | AA80: Huế + Phương | AB80: =W80-V80 -> 10 | AC80: =AB80*5000 -> 50000
A81: 7 | B81: 14/9/2026 | C81: Lê Việt Dũng PCN: khách lấy 10 bình (không lấy khuyến mại) kiềm 25B PHỐ HẢI HÀ ( ĐỐI DIỆN CỔNG CHỢ HẠ LONG 3- TÒA NHÀ CÓ NHÀ VĂN HÓA KHU 8) GỌI SỐ 0918.300.385 nhé shiop sáng nay - THU TIỀN LUÔN + Đặt cọc 500.000 | D81: Vận chuyển | E81: Tăng áp | H81: 10 | I81: =H81+G81 -> 10 | J81: Huế + Phương | L81: hoàn thành | M81: Công ty | N81: Lê Việt Dũng PCN | O81: Bình kiềm | T81: 10 | W81: =SUM(P81:V81) -> 10 | X81: 52000 | Y81: =T81*X81 -> 520000 | Z81: ck 15/9 | AA81: Huế + Phương | AB81: =W81-V81 -> 10 | AC81: =AB81*5000 -> 50000
A82: 8 | B82: 14/9/2026 | C82: Bảo hiểm Bưu Điện (15 bình trong đó 11 úp + 4 vòi) | D82: Vận chuyển | E82: Văn phòng | H82: 15 | I82: =H82+G82 -> 15 | L82: hoàn thành | M82: Công ty | N82: Chị Tâm trưởng BKS | O82: Bình kiềm | T82: 14 | V82: 1 | W82: =SUM(P82:V82) -> 15 | X82: =SUMIFS('[1]Đơn giá'!C:C,'[1]Đơn giá'!B:B,[1]XUẤT!O82) -> #VALUE! | Y82: =T82*X82 -> #VALUE! | AB82: =W82-V82 -> 14 | AC82: =AB82*5000 -> 70000
E83: Văn phòng | G83: 2 | I83: =H83+G83 -> 2 | L83: hoàn thành | M83: Công ty | O83: Vỉ 350ml | S83: 2 | W83: =SUM(P83:V83) -> 2 | X83: =SUMIFS('[1]Đơn giá'!C:C,'[1]Đơn giá'!B:B,[1]XUẤT!O83) -> #VALUE! | Y83: =S83*X83 -> #VALUE! | AB83: =W83-V83 -> 2 | AC83: =AB83*5000 -> 10000
A84: 9 | B84: 14/9/2026 | C84: Phạm ĐỨc Thương SCC: Anh Mạnh 0888382988, ĐC 81 Phạm Ngọc Thạch, Cao Xanh, 5 vỉ 500 ml | D84: Vận chuyển | E84: Hồng Gai | G84: 5 | I84: =H84+G84 -> 5 | J84: Huế + Phương | L84: hoàn thành | M84: Công ty | N84: Thương SCC | O84: Vỉ 500ml | P84: 5 | W84: =SUM(P84:V84) -> 5 | X84: =SUMIFS('[1]Đơn giá'!C:C,'[1]Đơn giá'!B:B,[1]XUẤT!O84) -> #VALUE! | Y84: =X84*P84 -> #VALUE! | Z84: công ty thu tiền | AA84: Đinh Thu Huế | AB84: =W84-V84 -> 5 | AC84: =AB84*5000 -> 25000
A85: 10 | B85: 14/9/2026 | C85: Xuất 40 vỉ 500 ml cho trạm Hồng Gai | D85: Vận chuyển | E85: VP | G85: 40 | I85: =H85+G85 -> 40 | J85: Trạm Hồng Gai | L85: hoàn thành | M85: Xí nghiệp | N85: Trần Trọng Khoa | O85: Vỉ 500ml | P85: 40 | W85: =SUM(P85:V85) -> 40 | X85: =SUMIFS('[1]Đơn giá'!C:C,'[1]Đơn giá'!B:B,[1]XUẤT!O85) -> #VALUE! | Y85: =X85*P85 -> #VALUE! | AA85: Trần Trọng Khoa | AB85: =W85-V85 -> 40 | AC85: =AB85*5000 -> 200000 | AD85: Trạm Hồng Gai thu tiền
A86: 11 | B86: 14/9/2026 | C86: Dung vịt Cao Xanh | D86: Vận chuyển | E86: Tăng áp | G86: 5 | I86: =H86+G86 -> 5 | J86: Phương | L86: hoàn thành | M86: Xí nghiệp | N86: Nguyễn Thị Hồng Phương | O86: Vỉ 500ml | P86: 5 | W86: =SUM(P86:V86) -> 5 | X86: =SUMIFS('[1]Đơn giá'!C:C,'[1]Đơn giá'!B:B,[1]XUẤT!O86) -> #VALUE! | Y86: =X86*P86 -> #VALUE! | Z86: TM15/9 | AA86: Nguyễn Thị Hồng Phương | AB86: =W86-V86 -> 5 | AC86: =AB86*5000 -> 25000
A87: 1 | B87: 15/9/2026 | C87: Minh Hằng PXD: 0387111662, thương 2 bình kiềm - Thu tiền + vỏ, Shland cà phê, B38, khu đô thị MKL, Moonbay, cạnh trường UK cổng trước, THU ĐỦ 2 VỎ + THU TIỀN | D87: Vận chuyển | E87: Tăng áp | H87: 2 | I87: =H87+G87 -> 2 | J87: Huế + Phương | K87: Trạm Hạ Long | M87: Công ty | N87: Minh Hằng | O87: Bình kiềm | T87: 2 | W87: =SUM(P87:V87) -> 2 | X87: =SUMIFS('[1]Đơn giá'!C:C,'[1]Đơn giá'!B:B,[1]XUẤT!O87) -> #VALUE! | Y87: =T87*X87 -> #VALUE! | AB87: =W87-V87 -> 2 | AC87: =AB87*5000 -> 10000
A88: 2 | B88: 15/9/2026 | C88: Cty Hannet C3-02 khu biệt thự Monbay luôn- Quỳnh: 0915355986 ( đơn này lấy hoá đơn như mọi lần) 2 bình vòi và 2 vỉ 350ml ĐẶT CỌC VỎ BÌNH 120.000) | D88: Vận chuyển | E88: Tăng áp | H88: 2 | I88: =H88+G88 -> 2 | J88: Huế + Phương | L88: hoàn thành | M88: Xí nghiệp | N88: Đỗ Thị Thanh Hà | O88: Bình kiềm | T88: 2 | W88: =SUM(P88:V88) -> 2 | X88: 52000 | Y88: =T88*X88 -> 104000 | AA88: Huế + Phương | AB88: =W88-V88 -> 2 | AC88: =AB88*5000 -> 10000
D89: Vận chuyển | E89: Tăng áp | G89: 2 | I89: =H89+G89 -> 2 | J89: Huế + Phương | L89: hoàn thành | M89: Xí nghiệp | N89: Đỗ Thị Thanh Hà | O89: Vỉ 350ml | Q89: 2 | W89: =SUM(P89:V89) -> 2 | X89: =SUMIFS('[1]Đơn giá'!C:C,'[1]Đơn giá'!B:B,[1]XUẤT!O89) -> #VALUE! | Y89: =Q89*X89 -> #VALUE! | AA89: Huế + Phương | AB89: =W89-V89 -> 2 | AC89: =AB89*5000 -> 10000 | AD89: Lưu ý hóa đơn như mọi lần
A90: 3 | B90: 15/9/2026 | C90: Hóa chất mỏ Quảng Ninh, 20 vỉ 500 + 4 bình RO (Lưu ý: THU ĐỦ 4 VỎ MỚI (GIAO 4 BÌNH, CÓ BAO NHIÊU VỎ GIAO BẤY NHIÊU BÌNH) | D90: Vận chuyển | E90: xe điện | G90: 22 | I90: =H90+G90 -> 22 | J90: Huế + Phương | K90: Trạm Hạ Long | M90: Xí nghiệp | N90: Trương Thị Hải Yến | O90: Vỉ 500ml | P90: 20 | V90: 2 | W90: =SUM(P90:V90) -> 22 | X90: =SUMIFS('[1]Đơn giá'!C:C,'[1]Đơn giá'!B:B,[1]XUẤT!O90) -> #VALUE! | Y90: =X90*P90 -> #VALUE! | AA90: Đinh Thu Huế | AB90: =W90-V90 -> 20 | AC90: =AB90*5000 -> 100000
D91: Vận chuyển | E91: Tăng áp | H91: 4 | I91: =H91+G91 -> 4 | J91: Huế + Phương | M91: Xí nghiệp | N91: Trương Thị Hải Yến | O91: Bình RO | U91: 4 | W91: =SUM(P91:V91) -> 4 | X91: =SUMIFS('[1]Đơn giá'!C:C,'[1]Đơn giá'!B:B,[1]XUẤT!O91) -> #VALUE! | Y91: =U91*X91 -> #VALUE! | AA91: Đinh Thu Huế | AB91: =W91-V91 -> 4 | AC91: =AB91*5000 -> 20000
A92: 4 | B92: 15/9/2026 | C92: Sn 56A , đường nguyễn du, cẩm tây, Cẩm Phả, 11 vỉ 500 + 2 bình RO,0367 989 555, THU VỎ LUÔN | D92: Vận chuyển | E92: vay Cẩm Phả | G92: 11 | I92: =H92+G92 -> 11 | J92: Cẩm phả | M92: Xí nghiệp | N92: Trần Thị Thu Huyền | O92: Vỉ 500ml | P92: 10 | V92: 1 | W92: =SUM(P92:V92) -> 11 | X92: =SUMIFS('[1]Đơn giá'!C:C,'[1]Đơn giá'!B:B,[1]XUẤT!O92) -> #VALUE! | Y92: =X92*P92 -> #VALUE! | Z92: Trần Huyền ghí sô thu tiền | AB92: =W92-V92 -> 10 | AC92: =AB92*5000 -> 50000
D93: Vận chuyển | E93: vay Cẩm Phả | H93: 2 | I93: =H93+G93 -> 2 | J93: Cẩm phả | M93: Xí nghiệp | N93: Trần Thị Thu Huyền | O93: Bình RO | U93: 2 | W93: =SUM(P93:V93) -> 2 | X93: =SUMIFS('[1]Đơn giá'!C:C,'[1]Đơn giá'!B:B,[1]XUẤT!O93) -> #VALUE! | Y93: =X93*U93 -> #VALUE! | Z93: Trần Huyền ghí sô thu tiền | AA93: Thảo Cẩm Phả | AB93: =W93-V93 -> 2 | AC93: =AB93*5000 -> 10000
A94: 6 | B94: 15/9/2026 | C94: Thùy Vân PQT: 6 bình nước ion kiềm đến trà sữa noosan tầng 3 monbay nhé 0782181190 - Đổi 6 vỏ thu tiền luôn | D94: Vận chuyển | E94: Tăng áp | H94: 6 | I94: =H94+G94 -> 6 | J94: Huế + Phương | K94: Trạm Hạ Long | M94: Công ty | N94: Thùy Vân | O94: Bình kiềm | T94: 6 | W94: =SUM(P94:V94) -> 6 | X94: =SUMIFS('[1]Đơn giá'!C:C,'[1]Đơn giá'!B:B,[1]XUẤT!O94) -> #VALUE! | Y94: =T94*X94 -> #VALUE! | AA94: Đinh Thu Huế | AB94: =W94-V94 -> 6 | AC94: =AB94*5000 -> 30000
B95: 15/9/2026 | C95: Chị Huế đk 1 đơn nhà hàng Minhtuấn 3 cao xanh 10+1 | D95: Vận chuyển | E95: Hồng Gai | G95: 11 | I95: =H95+G95 -> 11 | J95: Huế + Phương | M95: Xí nghiệp | N95: Đinh Thu Huế | O95: Vỉ 500ml | P95: 10 | V95: 1 | W95: =SUM(P95:V95) -> 11 | X95: =SUMIFS('[1]Đơn giá'!C:C,'[1]Đơn giá'!B:B,[1]XUẤT!O95) -> #VALUE! | Y95: =X95*P95 -> #VALUE! | AA95: Đinh Thu Huế | AB95: =W95-V95 -> 10 | AC95: =AB95*5000 -> 50000
B96: 15/9/2026 | C96: Khoa trạm trưởng Hồng Gai lấy 10+1 vỉ bán | D96: Vận chuyển | E96: Hồng Gai | G96: 11 | I96: =H96+G96 -> 11 | J96: Trần Trọng Khoa | M96: Xí nghiệp | N96: Trần Trọng Khoa | O96: Vỉ 500ml | P96: 10 | V96: 1 | W96: =SUM(P96:V96) -> 11 | X96: =SUMIFS('[1]Đơn giá'!C:C,'[1]Đơn giá'!B:B,[1]XUẤT!O96) -> #VALUE! | Y96: =X96*P96 -> #VALUE! | Z96: Khoa thu tiền | AA96: Trần Trọng Khoa | AB96: =W96-V96 -> 10 | AC96: =AB96*5000 -> 50000
B97: 15/9/2026 | C97: Quỳnh hành chính | D97: Vận chuyển | E97: Văn phòng | G97: 1 | I97: =H97+G97 -> 1 | J97: Quỳnh | L97: hoàn thành | M97: Xí nghiệp | N97: Phạm Thu Quỳnh | O97: Vỉ 500ml | P97: 1 | W97: =SUM(P97:V97) -> 1 | X97: =SUMIFS('[1]Đơn giá'!C:C,'[1]Đơn giá'!B:B,[1]XUẤT!O97) -> #VALUE! | Y97: =X97*P97 -> #VALUE! | AA97: Phạm Thu Quỳnh | AB97: =W97-V97 -> 1 | AC97: =AB97*5000 -> 5000
B98: 15/9/2026 | C98: Nhà hàng Minh Tuấn 3 | D98: Vận chuyển | E98: xe điện | G98: 11 | I98: =H98+G98 -> 11 | J98: Huế + Phương | L98: hoàn thành | M98: Xí nghiệp | N98: Đinh Thu Huế | O98: Vỉ 500ml | P98: 10 | V98: 1 | W98: =SUM(P98:V98) -> 11 | X98: =SUMIFS('[1]Đơn giá'!C:C,'[1]Đơn giá'!B:B,[1]XUẤT!O98) -> #VALUE! | Y98: =X98*P98 -> #VALUE! | AA98: Đinh Thu Huế | AB98: =W98-V98 -> 10 | AC98: =AB98*5000 -> 50000
A99: 2 | B99: 16/9/2026 | C99: Công ty Môi Trường CT Cenvi, 0387436105, chi tiết điểm ship theo bảng kê Nhung zô gửi, 17 bình RO, có HĐ nên ko cọc vỏ, thu vỏ trả xe luôn | D99: Vận chuyển | E99: XE CẨM PHẢ CHỞ | H99: 17 | I99: =H99+G99 -> 17 | J99: Điểm Vựng Đâng: Trạm Hồng Gai + chị Huế Điểm xử lý nước thải licogi mở rộng 2 điểm: CHị Lan + Chị Thùy | K99: Hồng Gai, Hà Tu | L99: hoàn thành | M99: Công ty | N99: Nhung bé | O99: Bình RO | U99: 16 | V99: 1 | W99: =SUM(P99:V99) -> 17 | X99: =SUMIFS('[1]Đơn giá'!C:C,'[1]Đơn giá'!B:B,[1]XUẤT!O99) -> #VALUE! | Y99: =U99*X99 -> #VALUE! | AB99: =W99-V99 -> 16 | AC99: =AB99*5000 -> 80000
A100: 3 | B100: 16/9/2026 | C100: Đỗ Linh PCN: 5 vỉ 500ml sân Bóng thành Công - +84903488996 (Anh Hùng Quế thanh toán) | D100: Vận chuyển | E100: Tăng áp | G100: 5 | I100: =H100+G100 -> 5 | J100: Huế + phương | L100: hoàn thành | M100: Công ty | N100: Đỗ Linh CN | O100: Vỉ 500ml | P100: 5 | W100: =SUM(P100:V100) -> 5 | X100: =SUMIFS('[1]Đơn giá'!C:C,'[1]Đơn giá'!B:B,[1]XUẤT!O100) -> #VALUE! | Y100: =X100*P100 -> #VALUE! | AB100: =W100-V100 -> 5 | AC100: =AB100*5000 -> 25000
A101: 4 | B101: 16/9/2026 | C101: 2 bình kiềm + 3 vỉ 500ml ( thu tiền + cọc vỏ) cửa hàng kim khí Hưng Phượng | D101: Vận chuyển | E101: Tăng áp | G101: 3 | I101: =H101+G101 -> 3 | J101: Huế + phương | L101: hoàn thành | M101: Xí nghiệp | N101: Đinh Thu Huế | O101: Vỉ 500ml | P101: 3 | W101: =SUM(P101:V101) -> 3 | X101: 98000 | Y101: =P101*X101 -> 294000 | AA101: Đinh Thu Huế | AB101: =W101-V101 -> 3 | AC101: =AB101*5000 -> 15000
...

Sheet CBCNV
A1: TT | B1: Họ và Tên | C1: Chức vụ | D1: Tổ/Trạm | E1: Sản phẩm
E2: Vỉ 500ml | G2: Vỉ 350ml | I2: Hộp 500ml | K2: Hộp 350ml | M2: Bình kiềm | O2: Bình RO
E3: Số lượng | F3: Thành tiền | G3: Số lượng | H3: Thành tiền | I3: Số lượng | J3: Thành tiền | K3: Số lượng | L3: Thành tiền | M3: Số lượng | N3: Thành tiền | O3: Số lượng | P3: Thành tiền | Q3: Xí nghiệp
B4: Cộng | E4: =SUM(E7:E200) -> 545 | F4: =SUM(F7:F200) -> 53410000 | G4: =SUM(G7:G200) -> 39 | H4: =SUM(H7:H200) -> 3315000 | I4: =SUM(I7:I200) -> 10 | J4: =SUM(J7:J200) -> 930000 | K4: =SUM(K7:K200) -> 6 | L4: =SUM(L7:L200) -> 636000 | ... P4: =SUM(P7:P200) -> 1968000
B5: Kiểm tra | E5: =SUMIFS(XUẤT!P:P,XUẤT!$M:$M,CBCNV!$Q$3)-E4 -> 0 | G5: =SUMIFS(XUẤT!Q:Q,XUẤT!M:M,CBCNV!$Q$3)-CBCNV!G4 -> 0 | I5: =SUMIFS(XUẤT!R:R,XUẤT!$M:$M,CBCNV!$Q$3)-CBCNV!I4 -> 0 | K5: =SUMIFS(XUẤT!S:S,XUẤT!M:M,CBCNV!$Q$3)-CBCNV!K4 -> 0 | M5: =SUMIFS(XUẤT!T:T,XUẤT!M:M,CBCNV!$Q$3)-CBCNV!M4 -> -20 | O5: =SUMIFS(XUẤT!U:U,XUẤT!M:M,CBCNV!$Q$3)-CBCNV!O4 -> 0
A7: 1 | B7: Trần Nam Trung | C7: Giám đốc | D7: Văn phòng | E7: =SUMIFS(XUẤT!P:P,XUẤT!N:N,CBCNV!B7,XUẤT!O:O,CBCNV!$E$2) -> 0 | F7: =E7*$T$10 -> 0 | G7: =SUMIFS(XUẤT!Q:Q,XUẤT!N:N,CBCNV!B7,XUẤT!O:O,CBCNV!$G$2) -> 0 | H7: =G7*$T$8 -> 0 | I7: =SUMIFS(XUẤT!R:R,XUẤT!N:N,CBCNV!B7,XUẤT!O:O,CBCNV!$I$2) -> 0 | J7: =I7*$T$9 -> 0 | K7: =SUMIFS(XUẤT!S:S,XUẤT!N:N,CBCNV!B7,XUẤT!O:O,CBCNV!$K$2) -> 0 | L7: =K7*$T$11 -> 0 | M7: =SUMIFS(XUẤT!T:T,XUẤT!N:N,CBCNV!B7,XUẤT!O:O,CBCNV!$M$2) -> 0 | N7: =M7*$T$12 -> 0 | O7: =SUMIFS(XUẤT!U:U,XUẤT!N:N,CBCNV!B7,XUẤT!O:O,CBCNV!$O$2) -> 0 | P7: =O7*$T$13 -> 0 | R7: STT | S7: Hàng hóa | T7: Giá bán
A8: 2 | B8: Đỗ Văn Cảnh | C8: P. Giám đốc | D8: Văn phòng | E8: =SUMIFS(XUẤT!P:P,XUẤT!N:N,CBCNV!B8,XUẤT!O:O,CBCNV!$E$2) -> 0 | F8: =E8*$T$10 -> 0 | G8: =SUMIFS(XUẤT!Q:Q,XUẤT!N:N,CBCNV!B8,XUẤT!O:O,CBCNV!$G$2) -> 0 | H8: =G8*$T$8 -> 0 | I8: =SUMIFS(XUẤT!R:R,XUẤT!N:N,CBCNV!B8,XUẤT!O:O,CBCNV!$I$2) -> 0 | J8: =I8*$T$9 -> 0 | K8: =SUMIFS(XUẤT!S:S,XUẤT!N:N,CBCNV!B8,XUẤT!O:O,CBCNV!$K$2) -> 0 | L8: =K8*$T$11 -> 0 | M8: =SUMIFS(XUẤT!T:T,XUẤT!N:N,CBCNV!B8,XUẤT!O:O,CBCNV!$M$2) -> 0 | N8: =M8*$T$12 -> 0 | O8: =SUMIFS(XUẤT!U:U,XUẤT!N:N,CBCNV!B8,XUẤT!O:O,CBCNV!$O$2) -> 0 | P8: =O8*$T$13 -> 0 | R8: 1 | S8: Vỉ 350ml | T8: 85000
A9: 3 | B9: Phạm Quang Tâm | C9: P. Giám Đốc | D9: Văn phòng | E9: =SUMIFS(XUẤT!P:P,XUẤT!N:N,CBCNV!B9,XUẤT!O:O,CBCNV!$E$2) -> 0 | F9: =E9*$T$10 -> 0 | G9: =SUMIFS(XUẤT!Q:Q,XUẤT!N:N,CBCNV!B9,XUẤT!O:O,CBCNV!$G$2) -> 0 | H9: =G9*$T$8 -> 0 | I9: =SUMIFS(XUẤT!R:R,XUẤT!N:N,CBCNV!B9,XUẤT!O:O,CBCNV!$I$2) -> 0 | J9: =I9*$T$9 -> 0 | K9: =SUMIFS(XUẤT!S:S,XUẤT!N:N,CBCNV!B9,XUẤT!O:O,CBCNV!$K$2) -> 0 | L9: =K9*$T$11 -> 0 | M9: =SUMIFS(XUẤT!T:T,XUẤT!N:N,CBCNV!B9,XUẤT!O:O,CBCNV!$M$2) -> 0 | N9: =M9*$T$12 -> 0 | O9: =SUMIFS(XUẤT!U:U,XUẤT!N:N,CBCNV!B9,XUẤT!O:O,CBCNV!$O$2) -> 0 | P9: =O9*$T$13 -> 0 | R9: 2 | S9: Hộp 500ml | T9: 93000
A10: 4 | B10: Vũ Thị Mai Huệ | C10: P. Giám Đốc | D10: Văn phòng | E10: =SUMIFS(XUẤT!P:P,XUẤT!N:N,CBCNV!B10,XUẤT!O:O,CBCNV!$E$2) -> 0 | F10: =E10*$T$10 -> 0 | G10: =SUMIFS(XUẤT!Q:Q,XUẤT!N:N,CBCNV!B10,XUẤT!O:O,CBCNV!$G$2) -> 0 | H10: =G10*$T$8 -> 0 | I10: =SUMIFS(XUẤT!R:R,XUẤT!N:N,CBCNV!B10,XUẤT!O:O,CBCNV!$I$2) -> 0 | J10: =I10*$T$9 -> 0 | K10: =SUMIFS(XUẤT!S:S,XUẤT!N:N,CBCNV!B10,XUẤT!O:O,CBCNV!$K$2) -> 0 | L10: =K10*$T$11 -> 0 | M10: =SUMIFS(XUẤT!T:T,XUẤT!N:N,CBCNV!B10,XUẤT!O:O,CBCNV!$M$2) -> 0 | N10: =M10*$T$12 -> 0 | O10: =SUMIFS(XUẤT!U:U,XUẤT!N:N,CBCNV!B10,XUẤT!O:O,CBCNV!$O$2) -> 0 | P10: =O10*$T$13 -> 0 | R10: 3 | S10: Vỉ 500ml | T10: 98000
A11: 5 | B11: Phạm Phương Dung | C11: TBP. Kinh doanh | D11: Văn phòng | E11: =SUMIFS(XUẤT!P:P,XUẤT!N:N,CBCNV!B11,XUẤT!O:O,CBCNV!$E$2) -> 2 | F11: =E11*$T$10 -> 196000 | G11: =SUMIFS(XUẤT!Q:Q,XUẤT!N:N,CBCNV!B11,XUẤT!O:O,CBCNV!$G$2) -> 5 | H11: =G11*$T$8 -> 425000 | I11: =SUMIFS(XUẤT!R:R,XUẤT!N:N,CBCNV!B11,XUẤT!O:O,CBCNV!$I$2) -> 0 | J11: =I11*$T$9 -> 0 | K11: =SUMIFS(XUẤT!S:S,XUẤT!N:N,CBCNV!B11,XUẤT!O:O,CBCNV!$K$2) -> 0 | L11: =K11*$T$11 -> 0 | M11: =SUMIFS(XUẤT!T:T,XUẤT!N:N,CBCNV!B11,XUẤT!O:O,CBCNV!$M$2) -> 0 | N11: =M11*$T$12 -> 0 | O11: =SUMIFS(XUẤT!U:U,XUẤT!N:N,CBCNV!B11,XUẤT!O:O,CBCNV!$O$2) -> 0 | P11: =O11*$T$13 -> 0 | R11: 4 | S11: Hộp 350ml | T11: 106000
A12: 6 | B12: Lại Thị Lan | C12: NV kinh doanh | D12: Văn phòng | E12: =SUMIFS(XUẤT!P:P,XUẤT!N:N,CBCNV!B12,XUẤT!O:O,CBCNV!$E$2) -> 2 | F12: =E12*$T$10 -> 196000 | G12: =SUMIFS(XUẤT!Q:Q,XUẤT!N:N,CBCNV!B12,XUẤT!O:O,CBCNV!$G$2) -> 0 | H12: =G12*$T$8 -> 0 | I12: =SUMIFS(XUẤT!R:R,XUẤT!N:N,CBCNV!B12,XUẤT!O:O,CBCNV!$I$2) -> 0 | J12: =I12*$T$9 -> 0 | K12: =SUMIFS(XUẤT!S:S,XUẤT!N:N,CBCNV!B12,XUẤT!O:O,CBCNV!$K$2) -> 0 | L12: =K12*$T$11 -> 0 | M12: =SUMIFS(XUẤT!T:T,XUẤT!N:N,CBCNV!B12,XUẤT!O:O,CBCNV!$M$2) -> 3 | N12: =M12*$T$12 -> 156000 | O12: =SUMIFS(XUẤT!U:U,XUẤT!N:N,CBCNV!B12,XUẤT!O:O,CBCNV!$O$2) -> 0 | P12: =O12*$T$13 -> 0 | R12: 5 | S12: Bình kiềm | T12: 52000
A13: 7 | B13: Nguyễn Huyền Thư | C13: NV kinh doanh | D13: Văn phòng | E13: =SUMIFS(XUẤT!P:P,XUẤT!N:N,CBCNV!B13,XUẤT!O:O,CBCNV!$E$2) -> 0 | F13: =E13*$T$10 -> 0 | G13: =SUMIFS(XUẤT!Q:Q,XUẤT!N:N,CBCNV!B13,XUẤT!O:O,CBCNV!$G$2) -> 0 | H13: =G13*$T$8 -> 0 | I13: =SUMIFS(XUẤT!R:R,XUẤT!N:N,CBCNV!B13,XUẤT!O:O,CBCNV!$I$2) -> 0 | J13: =I13*$T$9 -> 0 | K13: =SUMIFS(XUẤT!S:S,XUẤT!N:N,CBCNV!B13,XUẤT!O:O,CBCNV!$K$2) -> 0 | L13: =K13*$T$11 -> 0 | M13: =SUMIFS(XUẤT!T:T,XUẤT!N:N,CBCNV!B13,XUẤT!O:O,CBCNV!$M$2) -> 0 | N13: =M13*$T$12 -> 0 | O13: =SUMIFS(XUẤT!U:U,XUẤT!N:N,CBCNV!B13,XUẤT!O:O,CBCNV!$O$2) -> 0 | P13: =O13*$T$13 -> 0 | R13: 6 | S13: Bình RO | T13: 48000
A14: 8 | B14: Đoàn Thị Nhung | C14: NV kinh doanh | D14: Văn phòng | E14: =SUMIFS(XUẤT!P:P,XUẤT!N:N,CBCNV!B14,XUẤT!O:O,CBCNV!$E$2) -> 4 | F14: =E14*$T$10 -> 392000 | G14: =SUMIFS(XUẤT!Q:Q,XUẤT!N:N,CBCNV!B14,XUẤT!O:O,CBCNV!$G$2) -> 0 | H14: =G14*$T$8 -> 0 | I14: =SUMIFS(XUẤT!R:R,XUẤT!N:N,CBCNV!B14,XUẤT!O:O,CBCNV!$I$2) -> 0 | J14: =I14*$T$9 -> 0 | K14: =SUMIFS(XUẤT!S:S,XUẤT!N:N,CBCNV!B14,XUẤT!O:O,CBCNV!$K$2) -> 0 | L14: =K14*$T$11 -> 0 | M14: =SUMIFS(XUẤT!T:T,XUẤT!N:N,CBCNV!B14,XUẤT!O:O,CBCNV!$M$2) -> 0 | N14: =M14*$T$12 -> 0 | O14: =SUMIFS(XUẤT!U:U,XUẤT!N:N,CBCNV!B14,XUẤT!O:O,CBCNV!$O$2) -> 0 | P14: =O14*$T$13 -> 0
A15: 9 | B15: Phạm Thị Thu (A) | C15: NV kinh doanh | D15: Văn phòng | E15: =SUMIFS(XUẤT!P:P,XUẤT!N:N,CBCNV!B15,XUẤT!O:O,CBCNV!$E$2) -> 0 | F15: =E15*$T$10 -> 0 | G15: =SUMIFS(XUẤT!Q:Q,XUẤT!N:N,CBCNV!B15,XUẤT!O:O,CBCNV!$G$2) -> 0 | H15: =G15*$T$8 -> 0 | I15: =SUMIFS(XUẤT!R:R,XUẤT!N:N,CBCNV!B15,XUẤT!O:O,CBCNV!$I$2) -> 0 | J15: =I15*$T$9 -> 0 | K15: =SUMIFS(XUẤT!S:S,XUẤT!N:N,CBCNV!B15,XUẤT!O:O,CBCNV!$K$2) -> 0 | L15: =K15*$T$11 -> 0 | M15: =SUMIFS(XUẤT!T:T,XUẤT!N:N,CBCNV!B15,XUẤT!O:O,CBCNV!$M$2) -> 0 | N15: =M15*$T$12 -> 0 | O15: =SUMIFS(XUẤT!U:U,XUẤT!N:N,CBCNV!B15,XUẤT!O:O,CBCNV!$O$2) -> 0 | P15: =O15*$T$13 -> 0
A16: 10 | B16: Trương Thị Hải Yến | C16: NV kinh doanh | D16: Văn phòng | E16: =SUMIFS(XUẤT!P:P,XUẤT!N:N,CBCNV!B16,XUẤT!O:O,CBCNV!$E$2) -> 20 | F16: =E16*$T$10 -> 1960000 | G16: =SUMIFS(XUẤT!Q:Q,XUẤT!N:N,CBCNV!B16,XUẤT!O:O,CBCNV!$G$2) -> 0 | H16: =G16*$T$8 -> 0 | I16: =SUMIFS(XUẤT!R:R,XUẤT!N:N,CBCNV!B16,XUẤT!O:O,CBCNV!$I$2) -> 0 | J16: =I16*$T$9 -> 0 | K16: =SUMIFS(XUẤT!S:S,XUẤT!N:N,CBCNV!B16,XUẤT!O:O,CBCNV!$K$2) -> 0 | L16: =K16*$T$11 -> 0 | M16: =SUMIFS(XUẤT!T:T,XUẤT!N:N,CBCNV!B16,XUẤT!O:O,CBCNV!$M$2) -> 0 | N16: =M16*$T$12 -> 0 | O16: =SUMIFS(XUẤT!U:U,XUẤT!N:N,CBCNV!B16,XUẤT!O:O,CBCNV!$O$2) -> 4 | P16: =O16*$T$13 -> 192000
A17: 11 | B17: Lương Minh Hương | C17: NV kinh doanh | D17: Văn phòng | E17: =SUMIFS(XUẤT!P:P,XUẤT!N:N,CBCNV!B17,XUẤT!O:O,CBCNV!$E$2) -> 10 | F17: =E17*$T$10 -> 980000 | G17: =SUMIFS(XUẤT!Q:Q,XUẤT!N:N,CBCNV!B17,XUẤT!O:O,CBCNV!$G$2) -> 0 | H17: =G17*$T$8 -> 0 | I17: =SUMIFS(XUẤT!R:R,XUẤT!N:N,CBCNV!B17,XUẤT!O:O,CBCNV!$I$2) -> 0 | J17: =I17*$T$9 -> 0 | K17: =SUMIFS(XUẤT!S:S,XUẤT!N:N,CBCNV!B17,XUẤT!O:O,CBCNV!$K$2) -> 6 | L17: =K17*$T$11 -> 636000 | M17: =SUMIFS(XUẤT!T:T,XUẤT!N:N,CBCNV!B17,XUẤT!O:O,CBCNV!$M$2) -> 6 | N17: =M17*$T$12 -> 312000 | O17: =SUMIFS(XUẤT!U:U,XUẤT!N:N,CBCNV!B17,XUẤT!O:O,CBCNV!$O$2) -> 9 | P17: =O17*$T$13 -> 432000
A18: 12 | B18: Hoàng Hồng Nhung | C18: NV kinh doanh | D18: Văn phòng | E18: =SUMIFS(XUẤT!P:P,XUẤT!N:N,CBCNV!B18,XUẤT!O:O,CBCNV!$E$2) -> 0 | F18: =E18*$T$10 -> 0 | G18: =SUMIFS(XUẤT!Q:Q,XUẤT!N:N,CBCNV!B18,XUẤT!O:O,CBCNV!$G$2) -> 0 | H18: =G18*$T$8 -> 0 | I18: =SUMIFS(XUẤT!R:R,XUẤT!N:N,CBCNV!B18,XUẤT!O:O,CBCNV!$I$2) -> 0 | J18: =I18*$T$9 -> 0 | K18: =SUMIFS(XUẤT!S:S,XUẤT!N:N,CBCNV!B18,XUẤT!O:O,CBCNV!$K$2) -> 0 | L18: =K18*$T$11 -> 0 | M18: =SUMIFS(XUẤT!T:T,XUẤT!N:N,CBCNV!B18,XUẤT!O:O,CBCNV!$M$2) -> 0 | N18: =M18*$T$12 -> 0 | O18: =SUMIFS(XUẤT!U:U,XUẤT!N:N,CBCNV!B18,XUẤT!O:O,CBCNV!$O$2) -> 0 | P18: =O18*$T$13 -> 0
A19: 13 | B19: Nguyễn Phương Thảo | C19: NV kinh doanh | D19: Văn phòng | E19: =SUMIFS(XUẤT!P:P,XUẤT!N:N,CBCNV!B19,XUẤT!O:O,CBCNV!$E$2) -> 0 | F19: =E19*$T$10 -> 0 | G19: =SUMIFS(XUẤT!Q:Q,XUẤT!N:N,CBCNV!B19,XUẤT!O:O,CBCNV!$G$2) -> 0 | H19: =G19*$T$8 -> 0 | I19: =SUMIFS(XUẤT!R:R,XUẤT!N:N,CBCNV!B19,XUẤT!O:O,CBCNV!$I$2) -> 0 | J19: =I19*$T$9 -> 0 | K19: =SUMIFS(XUẤT!S:S,XUẤT!N:N,CBCNV!B19,XUẤT!O:O,CBCNV!$K$2) -> 0 | L19: =K19*$T$11 -> 0 | M19: =SUMIFS(XUẤT!T:T,XUẤT!N:N,CBCNV!B19,XUẤT!O:O,CBCNV!$M$2) -> 0 | N19: =M19*$T$12 -> 0 | O19: =SUMIFS(XUẤT!U:U,XUẤT!N:N,CBCNV!B19,XUẤT!O:O,CBCNV!$O$2) -> 0 | P19: =O19*$T$13 -> 0
A20: 14 | B20: Phạm Thị Đan Thanh | C20: NV kinh doanh | D20: Văn phòng | E20: =SUMIFS(XUẤT!P:P,XUẤT!N:N,CBCNV!B20,XUẤT!O:O,CBCNV!$E$2) -> 10 | F20: =E20*$T$10 -> 980000 | G20: =SUMIFS(XUẤT!Q:Q,XUẤT!N:N,CBCNV!B20,XUẤT!O:O,CBCNV!$G$2) -> 0 | H20: =G20*$T$8 -> 0 | I20: =SUMIFS(XUẤT!R:R,XUẤT!N:N,CBCNV!B20,XUẤT!O:O,CBCNV!$I$2) -> 0 | J20: =I20*$T$9 -> 0 | K20: =SUMIFS(XUẤT!S:S,XUẤT!N:N,CBCNV!B20,XUẤT!O:O,CBCNV!$K$2) -> 0 | L20: =K20*$T$11 -> 0 | M20: =SUMIFS(XUẤT!T:T,XUẤT!N:N,CBCNV!B20,XUẤT!O:O,CBCNV!$M$2) -> 0 | N20: =M20*$T$12 -> 0 | O20: =SUMIFS(XUẤT!U:U,XUẤT!N:N,CBCNV!B20,XUẤT!O:O,CBCNV!$O$2) -> 0 | P20: =O20*$T$13 -> 0
A21: 15 | B21: Phan Hồng Hạnh | C21: NV kinh doanh | D21: Văn phòng | E21: =SUMIFS(XUẤT!P:P,XUẤT!N:N,CBCNV!B21,XUẤT!O:O,CBCNV!$E$2) -> 13 | F21: =E21*$T$10 -> 1274000 | G21: =SUMIFS(XUẤT!Q:Q,XUẤT!N:N,CBCNV!B21,XUẤT!O:O,CBCNV!$G$2) -> 0 | H21: =G21*$T$8 -> 0 | I21: =SUMIFS(XUẤT!R:R,XUẤT!N:N,CBCNV!B21,XUẤT!O:O,CBCNV!$I$2) -> 0 | J21: =I21*$T$9 -> 0 | K21: =SUMIFS(XUẤT!S:S,XUẤT!N:N,CBCNV!B21,XUẤT!O:O,CBCNV!$K$2) -> 0 | L21: =K21*$T$11 -> 0 | M21: =SUMIFS(XUẤT!T:T,XUẤT!N:N,CBCNV!B21,XUẤT!O:O,CBCNV!$M$2) -> 0 | N21: =M21*$T$12 -> 0 | O21: =SUMIFS(XUẤT!U:U,XUẤT!N:N,CBCNV!B21,XUẤT!O:O,CBCNV!$O$2) -> 0 | P21: =O21*$T$13 -> 0
A22: 16 | B22: Đỗ Thị Liễu | C22: CN kẹp chì | D22: Văn phòng | E22: =SUMIFS(XUẤT!P:P,XUẤT!N:N,CBCNV!B22,XUẤT!O:O,CBCNV!$E$2) -> 1 | F22: =E22*$T$10 -> 98000 | G22: =SUMIFS(XUẤT!Q:Q,XUẤT!N:N,CBCNV!B22,XUẤT!O:O,CBCNV!$G$2) -> 0 | H22: =G22*$T$8 -> 0 | I22: =SUMIFS(XUẤT!R:R,XUẤT!N:N,CBCNV!B22,XUẤT!O:O,CBCNV!$I$2) -> 10 | J22: =I22*$T$9 -> 930000 | K22: =SUMIFS(XUẤT!S:S,XUẤT!N:N,CBCNV!B22,XUẤT!O:O,CBCNV!$K$2) -> 0 | L22: =K22*$T$11 -> 0 | M22: =SUMIFS(XUẤT!T:T,XUẤT!N:N,CBCNV!B22,XUẤT!O:O,CBCNV!$M$2) -> 0 | N22: =M22*$T$12 -> 0 | O22: =SUMIFS(XUẤT!U:U,XUẤT!N:N,CBCNV!B22,XUẤT!O:O,CBCNV!$O$2) -> 0 | P22: =O22*$T$13 -> 0
A23: 17 | B23: Vũ Hữu Hoàng | C23: CN quản lý | D23: Văn phòng | E23: =SUMIFS(XUẤT!P:P,XUẤT!N:N,CBCNV!B23,XUẤT!O:O,CBCNV!$E$2) -> 0 | F23: =E23*$T$10 -> 0 | G23: =SUMIFS(XUẤT!Q:Q,XUẤT!N:N,CBCNV!B23,XUẤT!O:O,CBCNV!$G$2) -> 0 | H23: =G23*$T$8 -> 0 | I23: =SUMIFS(XUẤT!R:R,XUẤT!N:N,CBCNV!B23,XUẤT!O:O,CBCNV!$I$2) -> 0 | J23: =I23*$T$9 -> 0 | K23: =SUMIFS(XUẤT!S:S,XUẤT!N:N,CBCNV!B23,XUẤT!O:O,CBCNV!$K$2) -> 0 | L23: =K23*$T$11 -> 0 | M23: =SUMIFS(XUẤT!T:T,XUẤT!N:N,CBCNV!B23,XUẤT!O:O,CBCNV!$M$2) -> 0 | N23: =M23*$T$12 -> 0 | O23: =SUMIFS(XUẤT!U:U,XUẤT!N:N,CBCNV!B23,XUẤT!O:O,CBCNV!$O$2) -> 0 | P23: =O23*$T$13 -> 0
A24: 18 | B24: Lê Như Hùng | C24: NV kiểm tra | D24: Văn phòng | E24: =SUMIFS(XUẤT!P:P,XUẤT!N:N,CBCNV!B24,XUẤT!O:O,CBCNV!$E$2) -> 0 | F24: =E24*$T$10 -> 0 | G24: =SUMIFS(XUẤT!Q:Q,XUẤT!N:N,CBCNV!B24,XUẤT!O:O,CBCNV!$G$2) -> 0 | H24: =G24*$T$8 -> 0 | I24: =SUMIFS(XUẤT!R:R,XUẤT!N:N,CBCNV!B24,XUẤT!O:O,CBCNV!$I$2) -> 0 | J24: =I24*$T$9 -> 0 | K24: =SUMIFS(XUẤT!S:S,XUẤT!N:N,CBCNV!B24,XUẤT!O:O,CBCNV!$K$2) -> 0 | L24: =K24*$T$11 -> 0 | M24: =SUMIFS(XUẤT!T:T,XUẤT!N:N,CBCNV!B24,XUẤT!O:O,CBCNV!$M$2) -> 0 | N24: =M24*$T$12 -> 0 | O24: =SUMIFS(XUẤT!U:U,XUẤT!N:N,CBCNV!B24,XUẤT!O:O,CBCNV!$O$2) -> 0 | P24: =O24*$T$13 -> 0
A25: 19 | B25: Vũ Văn Thảo | C25: NV kiểm tra | D25: Văn phòng | E25: =SUMIFS(XUẤT!P:P,XUẤT!N:N,CBCNV!B25,XUẤT!O:O,CBCNV!$E$2) -> 0 | F25: =E25*$T$10 -> 0 | G25: =SUMIFS(XUẤT!Q:Q,XUẤT!N:N,CBCNV!B25,XUẤT!O:O,CBCNV!$G$2) -> 0 | H25: =G25*$T$8 -> 0 | I25: =SUMIFS(XUẤT!R:R,XUẤT!N:N,CBCNV!B25,XUẤT!O:O,CBCNV!$I$2) -> 0 | J25: =I25*$T$9 -> 0 | K25: =SUMIFS(XUẤT!S:S,XUẤT!N:N,CBCNV!B25,XUẤT!O:O,CBCNV!$K$2) -> 0 | L25: =K25*$T$11 -> 0 | M25: =SUMIFS(XUẤT!T:T,XUẤT!N:N,CBCNV!B25,XUẤT!O:O,CBCNV!$M$2) -> 0 | N25: =M25*$T$12 -> 0 | O25: =SUMIFS(XUẤT!U:U,XUẤT!N:N,CBCNV!B25,XUẤT!O:O,CBCNV!$O$2) -> 0 | P25: =O25*$T$13 -> 0
B26: Vũ Thành Long | C26: NVKD | D26: Văn phòng | E26: =SUMIFS(XUẤT!P:P,XUẤT!N:N,CBCNV!B26,XUẤT!O:O,CBCNV!$E$2) -> 5 | F26: =E26*$T$10 -> 490000 | G26: =SUMIFS(XUẤT!Q:Q,XUẤT!N:N,CBCNV!B26,XUẤT!O:O,CBCNV!$G$2) -> 0 | H26: =G26*$T$8 -> 0 | I26: =SUMIFS(XUẤT!R:R,XUẤT!N:N,CBCNV!B26,XUẤT!O:O,CBCNV!$I$2) -> 0 | J26: =I26*$T$9 -> 0 | K26: =SUMIFS(XUẤT!S:S,XUẤT!N:N,CBCNV!B26,XUẤT!O:O,CBCNV!$K$2) -> 0 | L26: =K26*$T$11 -> 0 | M26: =SUMIFS(XUẤT!T:T,XUẤT!N:N,CBCNV!B26,XUẤT!O:O,CBCNV!$M$2) -> 0 | N26: =M26*$T$12 -> 0 | O26: =SUMIFS(XUẤT!U:U,XUẤT!N:N,CBCNV!B26,XUẤT!O:O,CBCNV!$O$2) -> 0 | P26: =O26*$T$13 -> 0
A27: 20 | B27: Trần Thị Thắm | C27: Kế toán chính | D27: Văn phòng | E27: =SUMIFS(XUẤT!P:P,XUẤT!N:N,CBCNV!B27,XUẤT!O:O,CBCNV!$E$2) -> 0 | F27: =E27*$T$10 -> 0 | G27: =SUMIFS(XUẤT!Q:Q,XUẤT!N:N,CBCNV!B27,XUẤT!O:O,CBCNV!$G$2) -> 0 | H27: =G27*$T$8 -> 0 | I27: =SUMIFS(XUẤT!R:R,XUẤT!N:N,CBCNV!B27,XUẤT!O:O,CBCNV!$I$2) -> 0 | J27: =I27*$T$9 -> 0 | K27: =SUMIFS(XUẤT!S:S,XUẤT!N:N,CBCNV!B27,XUẤT!O:O,CBCNV!$K$2) -> 0 | L27: =K27*$T$11 -> 0 | M27: =SUMIFS(XUẤT!T:T,XUẤT!N:N,CBCNV!B27,XUẤT!O:O,CBCNV!$M$2) -> 0 | N27: =M27*$T$12 -> 0 | O27: =SUMIFS(XUẤT!U:U,XUẤT!N:N,CBCNV!B27,XUẤT!O:O,CBCNV!$O$2) -> 0 | P27: =O27*$T$13 -> 0
A28: 21 | B28: Vũ Thị Thúy Phương | C28: NV thủ kho | D28: Văn phòng | E28: =SUMIFS(XUẤT!P:P,XUẤT!N:N,CBCNV!B28,XUẤT!O:O,CBCNV!$E$2) -> 0 | F28: =E28*$T$10 -> 0 | G28: =SUMIFS(XUẤT!Q:Q,XUẤT!N:N,CBCNV!B28,XUẤT!O:O,CBCNV!$G$2) -> 0 | H28: =G28*$T$8 -> 0 | I28: =SUMIFS(XUẤT!R:R,XUẤT!N:N,CBCNV!B28,XUẤT!O:O,CBCNV!$I$2) -> 0 | J28: =I28*$T$9 -> 0 | K28: =SUMIFS(XUẤT!S:S,XUẤT!N:N,CBCNV!B28,XUẤT!O:O,CBCNV!$K$2) -> 0 | L28: =K28*$T$11 -> 0 | M28: =SUMIFS(XUẤT!T:T,XUẤT!N:N,CBCNV!B28,XUẤT!O:O,CBCNV!$M$2) -> 0 | N28: =M28*$T$12 -> 0 | O28: =SUMIFS(XUẤT!U:U,XUẤT!N:N,CBCNV!B28,XUẤT!O:O,CBCNV!$O$2) -> 0 | P28: =O28*$T$13 -> 0
A29: 22 | B29: Lê Hoàng Anh | C29: NV kế toán | D29: Văn phòng | E29: =SUMIFS(XUẤT!P:P,XUẤT!N:N,CBCNV!B29,XUẤT!O:O,CBCNV!$E$2) -> 0 | F29: =E29*$T$10 -> 0 | G29: =SUMIFS(XUẤT!Q:Q,XUẤT!N:N,CBCNV!B29,XUẤT!O:O,CBCNV!$G$2) -> 0 | H29: =G29*$T$8 -> 0 | I29: =SUMIFS(XUẤT!R:R,XUẤT!N:N,CBCNV!B29,XUẤT!O:O,CBCNV!$I$2) -> 0 | J29: =I29*$T$9 -> 0 | K29: =SUMIFS(XUẤT!S:S,XUẤT!N:N,CBCNV!B29,XUẤT!O:O,CBCNV!$K$2) -> 0 | L29: =K29*$T$11 -> 0 | M29: =SUMIFS(XUẤT!T:T,XUẤT!N:N,CBCNV!B29,XUẤT!O:O,CBCNV!$M$2) -> 0 | N29: =M29*$T$12 -> 0 | O29: =SUMIFS(XUẤT!U:U,XUẤT!N:N,CBCNV!B29,XUẤT!O:O,CBCNV!$O$2) -> 0 | P29: =O29*$T$13 -> 0
A30: 23 | B30: Phạm Thị Bích Hằng | C30: NV kế toán | D30: Văn phòng | E30: =SUMIFS(XUẤT!P:P,XUẤT!N:N,CBCNV!B30,XUẤT!O:O,CBCNV!$E$2) -> 0 | F30: =E30*$T$10 -> 0 | G30: =SUMIFS(XUẤT!Q:Q,XUẤT!N:N,CBCNV!B30,XUẤT!O:O,CBCNV!$G$2) -> 0 | H30: =G30*$T$8 -> 0 | I30: =SUMIFS(XUẤT!R:R,XUẤT!N:N,CBCNV!B30,XUẤT!O:O,CBCNV!$I$2) -> 0 | J30: =I30*$T$9 -> 0 | K30: =SUMIFS(XUẤT!S:S,XUẤT!N:N,CBCNV!B30,XUẤT!O:O,CBCNV!$K$2) -> 0 | L30: =K30*$T$11 -> 0 | M30: =SUMIFS(XUẤT!T:T,XUẤT!N:N,CBCNV!B30,XUẤT!O:O,CBCNV!$M$2) -> 0 | N30: =M30*$T$12 -> 0 | O30: =SUMIFS(XUẤT!U:U,XUẤT!N:N,CBCNV!B30,XUẤT!O:O,CBCNV!$O$2) -> 0 | P30: =O30*$T$13 -> 0
A31: 24 | B31: Đỗ Thị Thu Hoàn | C31: NV kế toán | D31: Văn phòng | E31: =SUMIFS(XUẤT!P:P,XUẤT!N:N,CBCNV!B31,XUẤT!O:O,CBCNV!$E$2) -> 0 | F31: =E31*$T$10 -> 0 | G31: =SUMIFS(XUẤT!Q:Q,XUẤT!N:N,CBCNV!B31,XUẤT!O:O,CBCNV!$G$2) -> 0 | H31: =G31*$T$8 -> 0 | I31: =SUMIFS(XUẤT!R:R,XUẤT!N:N,CBCNV!B31,XUẤT!O:O,CBCNV!$I$2) -> 0 | J31: =I31*$T$9 -> 0 | K31: =SUMIFS(XUẤT!S:S,XUẤT!N:N,CBCNV!B31,XUẤT!O:O,CBCNV!$K$2) -> 0 | L31: =K31*$T$11 -> 0 | M31: =SUMIFS(XUẤT!T:T,XUẤT!N:N,CBCNV!B31,XUẤT!O:O,CBCNV!$M$2) -> 0 | N31: =M31*$T$12 -> 0 | O31: =SUMIFS(XUẤT!U:U,XUẤT!N:N,CBCNV!B31,XUẤT!O:O,CBCNV!$O$2) -> 0 | P31: =O31*$T$13 -> 0
A32: 25 | B32: Nguyễn Thị Thu Quyên | C32: NV kế toán | D32: Văn phòng | E32: =SUMIFS(XUẤT!P:P,XUẤT!N:N,CBCNV!B32,XUẤT!O:O,CBCNV!$E$2) -> 0 | F32: =E32*$T$10 -> 0 | G32: =SUMIFS(XUẤT!Q:Q,XUẤT!N:N,CBCNV!B32,XUẤT!O:O,CBCNV!$G$2) -> 0 | H32: =G32*$T$8 -> 0 | I32: =SUMIFS(XUẤT!R:R,XUẤT!N:N,CBCNV!B32,XUẤT!O:O,CBCNV!$I$2) -> 0 | J32: =I32*$T$9 -> 0 | K32: =SUMIFS(XUẤT!S:S,XUẤT!N:N,CBCNV!B32,XUẤT!O:O,CBCNV!$K$2) -> 0 | L32: =K32*$T$11 -> 0 | M32: =SUMIFS(XUẤT!T:T,XUẤT!N:N,CBCNV!B32,XUẤT!O:O,CBCNV!$M$2) -> 0 | N32: =M32*$T$12 -> 0 | O32: =SUMIFS(XUẤT!U:U,XUẤT!N:N,CBCNV!B32,XUẤT!O:O,CBCNV!$O$2) -> 0 | P32: =O32*$T$13 -> 0
A33: 26 | B33: Ngô Thị Vân Anh | C33: PT. Quản trị | D33: Văn phòng | E33: =SUMIFS(XUẤT!P:P,XUẤT!N:N,CBCNV!B33,XUẤT!O:O,CBCNV!$E$2) -> 0 | F33: =E33*$T$10 -> 0 | G33: =SUMIFS(XUẤT!Q:Q,XUẤT!N:N,CBCNV!B33,XUẤT!O:O,CBCNV!$G$2) -> 0 | H33: =G33*$T$8 -> 0 | I33: =SUMIFS(XUẤT!R:R,XUẤT!N:N,CBCNV!B33,XUẤT!O:O,CBCNV!$I$2) -> 0 | J33: =I33*$T$9 -> 0 | K33: =SUMIFS(XUẤT!S:S,XUẤT!N:N,CBCNV!B33,XUẤT!O:O,CBCNV!$K$2) -> 0 | L33: =K33*$T$11 -> 0 | M33: =SUMIFS(XUẤT!T:T,XUẤT!N:N,CBCNV!B33,XUẤT!O:O,CBCNV!$M$2) -> 0 | N33: =M33*$T$12 -> 0 | O33: =SUMIFS(XUẤT!U:U,XUẤT!N:N,CBCNV!B33,XUẤT!O:O,CBCNV!$O$2) -> 0 | P33: =O33*$T$13 -> 0
A34: 27 | B34: Nguyễn Thị Lan | C34: NV Đảng - Đoàn | D34: Văn phòng | E34: =SUMIFS(XUẤT!P:P,XUẤT!N:N,CBCNV!B34,XUẤT!O:O,CBCNV!$E$2) -> 0 | F34: =E34*$T$10 -> 0 | G34: =SUMIFS(XUẤT!Q:Q,XUẤT!N:N,CBCNV!B34,XUẤT!O:O,CBCNV!$G$2) -> 10 | H34: =G34*$T$8 -> 850000 | I34: =SUMIFS(XUẤT!R:R,XUẤT!N:N,CBCNV!B34,XUẤT!O:O,CBCNV!$I$2) -> 0 | J34: =I34*$T$9 -> 0 | K34: =SUMIFS(XUẤT!S:S,XUẤT!N:N,CBCNV!B34,XUẤT!O:O,CBCNV!$K$2) -> 0 | L34: =K34*$T$11 -> 0 | M34: =SUMIFS(XUẤT!T:T,XUẤT!N:N,CBCNV!B34,XUẤT!O:O,CBCNV!$M$2) -> 0 | N34: =M34*$T$12 -> 0 | O34: =SUMIFS(XUẤT!U:U,XUẤT!N:N,CBCNV!B34,XUẤT!O:O,CBCNV!$O$2) -> 0 | P34: =O34*$T$13 -> 0
A35: 28 | B35: Nguyễn Thị Ngọc Chung | C35: Thủ quỹ - HC | D35: Văn phòng | E35: =SUMIFS(XUẤT!P:P,XUẤT!N:N,CBCNV!B35,XUẤT!O:O,CBCNV!$E$2) -> 0 | F35: =E35*$T$10 -> 0 | G35: =SUMIFS(XUẤT!Q:Q,XUẤT!N:N,CBCNV!B35,XUẤT!O:O,CBCNV!$G$2) -> 2 | H35: =G35*$T$8 -> 170000 | I35: =SUMIFS(XUẤT!R:R,XUẤT!N:N,CBCNV!B35,XUẤT!O:O,CBCNV!$I$2) -> 0 | J35: =I35*$T$9 -> 0 | K35: =SUMIFS(XUẤT!S:S,XUẤT!N:N,CBCNV!B35,XUẤT!O:O,CBCNV!$K$2) -> 0 | L35: =K35*$T$11 -> 0 | M35: =SUMIFS(XUẤT!T:T,XUẤT!N:N,CBCNV!B35,XUẤT!O:O,CBCNV!$M$2) -> 0 | N35: =M35*$T$12 -> 0 | O35: =SUMIFS(XUẤT!U:U,XUẤT!N:N,CBCNV!B35,XUẤT!O:O,CBCNV!$O$2) -> 0 | P35: =O35*$T$13 -> 0
A36: 29 | B36: Bùi Thị Diệu Linh | C36: NV LĐTL | D36: Văn phòng | E36: =SUMIFS(XUẤT!P:P,XUẤT!N:N,CBCNV!B36,XUẤT!O:O,CBCNV!$E$2) -> 0 | F36: =E36*$T$10 -> 0 | G36: =SUMIFS(XUẤT!Q:Q,XUẤT!N:N,CBCNV!B36,XUẤT!O:O,CBCNV!$G$2) -> 0 | H36: =G36*$T$8 -> 0 | I36: =SUMIFS(XUẤT!R:R,XUẤT!N:N,CBCNV!B36,XUẤT!O:O,CBCNV!$I$2) -> 0 | J36: =I36*$T$9 -> 0 | K36: =SUMIFS(XUẤT!S:S,XUẤT!N:N,CBCNV!B36,XUẤT!O:O,CBCNV!$K$2) -> 0 | L36: =K36*$T$11 -> 0 | M36: =SUMIFS(XUẤT!T:T,XUẤT!N:N,CBCNV!B36,XUẤT!O:O,CBCNV!$M$2) -> 0 | N36: =M36*$T$12 -> 0 | O36: =SUMIFS(XUẤT!U:U,XUẤT!N:N,CBCNV!B36,XUẤT!O:O,CBCNV!$O$2) -> 0 | P36: =O36*$T$13 -> 0
A37: 30 | B37: Đỗ Thị Hiền | C37: NV LĐTL | D37: Văn phòng | E37: =SUMIFS(XUẤT!P:P,XUẤT!N:N,CBCNV!B37,XUẤT!O:O,CBCNV!$E$2) -> 0 | F37: =E37*$T$10 -> 0 | G37: =SUMIFS(XUẤT!Q:Q,XUẤT!N:N,CBCNV!B37,XUẤT!O:O,CBCNV!$G$2) -> 0 | H37: =G37*$T$8 -> 0 | I37: =SUMIFS(XUẤT!R:R,XUẤT!N:N,CBCNV!B37,XUẤT!O:O,CBCNV!$I$2) -> 0 | J37: =I37*$T$9 -> 0 | K37: =SUMIFS(XUẤT!S:S,XUẤT!N:N,CBCNV!B37,XUẤT!O:O,CBCNV!$K$2) -> 0 | L37: =K37*$T$11 -> 0 | M37: =SUMIFS(XUẤT!T:T,XUẤT!N:N,CBCNV!B37,XUẤT!O:O,CBCNV!$M$2) -> 0 | N37: =M37*$T$12 -> 0 | O37: =SUMIFS(XUẤT!U:U,XUẤT!N:N,CBCNV!B37,XUẤT!O:O,CBCNV!$O$2) -> 0 | P37: =O37*$T$13 -> 0
A38: 31 | B38: Phạm Thu Quỳnh | C38: CN tạp vụ | D38: Văn phòng | E38: =SUMIFS(XUẤT!P:P,XUẤT!N:N,CBCNV!B38,XUẤT!O:O,CBCNV!$E$2) -> 1 | F38: =E38*$T$10 -> 98000 | G38: =SUMIFS(XUẤT!Q:Q,XUẤT!N:N,CBCNV!B38,XUẤT!O:O,CBCNV!$G$2) -> 0 | H38: =G38*$T$8 -> 0 | I38: =SUMIFS(XUẤT!R:R,XUẤT!N:N,CBCNV!B38,XUẤT!O:O,CBCNV!$I$2) -> 0 | J38: =I38*$T$9 -> 0 | K38: =SUMIFS(XUẤT!S:S,XUẤT!N:N,CBCNV!B38,XUẤT!O:O,CBCNV!$K$2) -> 0 | L38: =K38*$T$11 -> 0 | M38: =SUMIFS(XUẤT!T:T,XUẤT!N:N,CBCNV!B38,XUẤT!O:O,CBCNV!$M$2) -> 0 | N38: =M38*$T$12 -> 0 | O38: =SUMIFS(XUẤT!U:U,XUẤT!N:N,CBCNV!B38,XUẤT!O:O,CBCNV!$O$2) -> 0 | P38: =O38*$T$13 -> 0
... A200: 193 | B200: Trần Thị Trinh | C200: CN ghi số | D200: Đá Trắng | E200: =SUMIFS(XUẤT!P:P,XUẤT!N:N,CBCNV!B200,XUẤT!O:O,CBCNV!$E$2) -> 0 | F200: =E200*$T$10 -> 0 | G200: =SUMIFS(XUẤT!Q:Q,XUẤT!N:N,CBCNV!B200,XUẤT!O:O,CBCNV!$G$2) -> 0 | H200: =G200*$T$8 -> 0 | I200: =SUMIFS(XUẤT!R:R,XUẤT!N:N,CBCNV!B200,XUẤT!O:O,CBCNV!$I$2) -> 0 | J200: =I200*$T$9 -> 0 | K200: =SUMIFS(XUẤT!S:S,XUẤT!N:N,CBCNV!B200,XUẤT!O:O,CBCNV!$K$2) -> 0 | L200: =K200*$T$11 -> 0 | M200: =SUMIFS(XUẤT!T:T,XUẤT!N:N,CBCNV!B200,XUẤT!O:O,CBCNV!$M$2) -> 0 | N200: =M200*$T$12 -> 0 | O200: =SUMIFS(XUẤT!U:U,XUẤT!N:N,CBCNV!B200,XUẤT!O:O,CBCNV!$O$2) -> 0 | P200: =O200*$T$13 -> 0

Sheet TỒN
A1: THEO DÕI NHẬP, XUẤT NƯỚC QAROMI
A2: Tháng 9/2026
A4: STT | B4: Ngày | C4: Nhập | J4: Xuất | Q4: Tồn
C5: Vỉ 350ml | D5: Hộp 500ml | E5: Vỉ 500ml | F5: Hộp 350ml | G5: Bình kiềm | H5: Bình RO | I5: Cộng | J5: Vỉ 350ml | K5: Hộp 500ml | L5: Vỉ 500ml | M5: Hộp 350ml | N5: Bình kiềm | O5: Bình RO | P5: Cộng | Q5: Vỉ 350ml | R5: Hộp 500ml | S5: Vỉ 500ml | T5: Hộp 350ml | U5: Bình kiềm | V5: Bình RO | W5: Cộng
A6: 1 | B6: 46266 | J6: =SUMIFS(XUẤT!$W:$W,XUẤT!$B:$B,TỒN!$B$12,XUẤT!$O:$O,TỒN!#REF!) -> 0 | K6: =SUMIFS(XUẤT!$W:$W,XUẤT!$B:$B,TỒN!$B$12,XUẤT!$O:$O,TỒN!#REF!) -> 0 | L6: =SUMIFS(XUẤT!$W:$W,XUẤT!$B:$B,TỒN!$B$12,XUẤT!$O:$O,TỒN!#REF!) -> 0 | M6: =SUMIFS(XUẤT!$W:$W,XUẤT!$B:$B,TỒN!$B$12,XUẤT!$O:$O,TỒN!#REF!) -> 0 | N6: =SUMIFS(XUẤT!$W:$W,XUẤT!$B:$B,TỒN!$B$12,XUẤT!$O:$O,TỒN!#REF!) -> 0 | O6: =SUMIFS(XUẤT!$W:$W,XUẤT!$B:$B,TỒN!$B$12,XUẤT!$O:$O,TỒN!#REF!) -> 0 | P6: =SUM(J6:O6) -> 0
A7: 2 | B7: 46267 | J7: =SUMIFS(XUẤT!$W:$W,XUẤT!$B:$B,TỒN!$B$12,XUẤT!$O:$O,TỒN!#REF!) -> 0 | K7: =SUMIFS(XUẤT!$W:$W,XUẤT!$B:$B,TỒN!$B$12,XUẤT!$O:$O,TỒN!#REF!) -> 0 | L7: =SUMIFS(XUẤT!$W:$W,XUẤT!$B:$B,TỒN!$B$12,XUẤT!$O:$O,TỒN!#REF!) -> 0 | M7: =SUMIFS(XUẤT!$W:$W,XUẤT!$B:$B,TỒN!$B$12,XUẤT!$O:$O,TỒN!#REF!) -> 0 | N7: =SUMIFS(XUẤT!$W:$W,XUẤT!$B:$B,TỒN!$B$12,XUẤT!$O:$O,TỒN!#REF!) -> 0 | O7: =SUMIFS(XUẤT!$W:$W,XUẤT!$B:$B,TỒN!$B$12,XUẤT!$O:$O,TỒN!#REF!) -> 0 | P7: =SUM(J7:O7) -> 0
A8: 3 | B8: 46268 | J8: =SUMIFS(XUẤT!$W:$W,XUẤT!$B:$B,TỒN!$B$12,XUẤT!$O:$O,TỒN!J1) -> 0 | K8: =SUMIFS(XUẤT!$W:$W,XUẤT!$B:$B,TỒN!$B$12,XUẤT!$O:$O,TỒN!K1) -> 0 | L8: =SUMIFS(XUẤT!$W:$W,XUẤT!$B:$B,TỒN!$B$12,XUẤT!$O:$O,TỒN!L1) -> 0 | M8: =SUMIFS(XUẤT!$W:$W,XUẤT!$B:$B,TỒN!$B$12,XUẤT!$O:$O,TỒN!M1) -> 0 | N8: =SUMIFS(XUẤT!$W:$W,XUẤT!$B:$B,TỒN!$B$12,XUẤT!$O:$O,TỒN!N1) -> 0 | O8: =SUMIFS(XUẤT!$W:$W,XUẤT!$B:$B,TỒN!$B$12,XUẤT!$O:$O,TỒN!O1) -> 0 | P8: =SUM(J8:O8) -> 0
A9: 4 | B9: 46269 | J9: =SUMIFS(XUẤT!$W:$W,XUẤT!$B:$B,TỒN!$B$12,XUẤT!$O:$O,TỒN!J2) -> 0 | K9: =SUMIFS(XUẤT!$W:$W,XUẤT!$B:$B,TỒN!$B$12,XUẤT!$O:$O,TỒN!K2) -> 0 | L9: =SUMIFS(XUẤT!$W:$W,XUẤT!$B:$B,TỒN!$B$12,XUẤT!$O:$O,TỒN!L2) -> 0 | M9: =SUMIFS(XUẤT!$W:$W,XUẤT!$B:$B,TỒN!$B$12,XUẤT!$O:$O,TỒN!M2) -> 0 | N9: =SUMIFS(XUẤT!$W:$W,XUẤT!$B:$B,TỒN!$B$12,XUẤT!$O:$O,TỒN!N2) -> 0 | O9: =SUMIFS(XUẤT!$W:$W,XUẤT!$B:$B,TỒN!$B$12,XUẤT!$O:$O,TỒN!O2) -> 0 | P9: =SUM(J9:O9) -> 0
A10: 5 | B10: 46270 | J10: =SUMIFS(XUẤT!$W:$W,XUẤT!$B:$B,TỒN!$B$12,XUẤT!$O:$O,TỒN!J3) -> 0 | K10: =SUMIFS(XUẤT!$W:$W,XUẤT!$B:$B,TỒN!$B$12,XUẤT!$O:$O,TỒN!K3) -> 0 | L10: =SUMIFS(XUẤT!$W:$W,XUẤT!$B:$B,TỒN!$B$12,XUẤT!$O:$O,TỒN!L3) -> 0 | M10: =SUMIFS(XUẤT!$W:$W,XUẤT!$B:$B,TỒN!$B$12,XUẤT!$O:$O,TỒN!M3) -> 0 | N10: =SUMIFS(XUẤT!$W:$W,XUẤT!$B:$B,TỒN!$B$12,XUẤT!$O:$O,TỒN!N3) -> 0 | O10: =SUMIFS(XUẤT!$W:$W,XUẤT!$B:$B,TỒN!$B$12,XUẤT!$O:$O,TỒN!O3) -> 0 | P10: =SUM(J10:O10) -> 0
A11: 6 | B11: 46271 | J11: =SUMIFS(XUẤT!$W:$W,XUẤT!$B:$B,TỒN!$B$12,XUẤT!$O:$O,TỒN!J4) -> 0 | K11: =SUMIFS(XUẤT!$W:$W,XUẤT!$B:$B,TỒN!$B$12,XUẤT!$O:$O,TỒN!K4) -> 0 | L11: =SUMIFS(XUẤT!$W:$W,XUẤT!$B:$B,TỒN!$B$12,XUẤT!$O:$O,TỒN!L4) -> 0 | M11: =SUMIFS(XUẤT!$W:$W,XUẤT!$B:$B,TỒN!$B$12,XUẤT!$O:$O,TỒN!M4) -> 0 | N11: =SUMIFS(XUẤT!$W:$W,XUẤT!$B:$B,TỒN!$B$12,XUẤT!$O:$O,TỒN!N4) -> 0 | O11: =SUMIFS(XUẤT!$W:$W,XUẤT!$B:$B,TỒN!$B$12,XUẤT!$O:$O,TỒN!O4) -> 0 | P11: =SUM(J11:O11) -> 0
A12: 7 | B12: 46272 | J12: =SUMIFS(XUẤT!$W:$W,XUẤT!$B:$B,TỒN!$B$12,XUẤT!$O:$O,TỒN!J5) -> 0 | K12: =SUMIFS(XUẤT!$W:$W,XUẤT!$B:$B,TỒN!$B$12,XUẤT!$O:$O,TỒN!K5) -> 0 | L12: =SUMIFS(XUẤT!$W:$W,XUẤT!$B:$B,TỒN!$B$12,XUẤT!$O:$O,TỒN!L5) -> 0 | M12: =SUMIFS(XUẤT!$W:$W,XUẤT!$B:$B,TỒN!$B$12,XUẤT!$O:$O,TỒN!M5) -> 0 | N12: =SUMIFS(XUẤT!$W:$W,XUẤT!$B:$B,TỒN!$B$12,XUẤT!$O:$O,TỒN!N5) -> 0 | O12: =SUMIFS(XUẤT!$W:$W,XUẤT!$B:$B,TỒN!$B$12,XUẤT!$O:$O,TỒN!O5) -> 0 | P12: =SUM(J12:O12) -> 0
A13: 8 | B13: 46273 | J13: =SUMIFS(XUẤT!$W:$W,XUẤT!$B:$B,TỒN!$B$12,XUẤT!$O:$O,TỒN!J12) -> 0 | K13: =SUMIFS(XUẤT!$W:$W,XUẤT!$B:$B,TỒN!$B$12,XUẤT!$O:$O,TỒN!K12) -> 0 | L13: =SUMIFS(XUẤT!$W:$W,XUẤT!$B:$B,TỒN!$B$12,XUẤT!$O:$O,TỒN!L12) -> 0 | M13: =SUMIFS(XUẤT!$W:$W,XUẤT!$B:$B,TỒN!$B$12,XUẤT!$O:$O,TỒN!M12) -> 0 | N13: =SUMIFS(XUẤT!$W:$W,XUẤT!$B:$B,TỒN!$B$12,XUẤT!$O:$O,TỒN!N12) -> 0 | O13: =SUMIFS(XUẤT!$W:$W,XUẤT!$B:$B,TỒN!$B$12,XUẤT!$O:$O,TỒN!O12) -> 0 | P13: =SUM(J13:O13) -> 0
A14: 9 | B14: 46274 | J14: =SUMIFS(XUẤT!$W:$W,XUẤT!$B:$B,TỒN!$B$12,XUẤT!$O:$O,TỒN!J13) -> 0 | K14: =SUMIFS(XUẤT!$W:$W,XUẤT!$B:$B,TỒN!$B$12,XUẤT!$O:$O,TỒN!K13) -> 0 | L14: =SUMIFS(XUẤT!$W:$W,XUẤT!$B:$B,TỒN!$B$12,XUẤT!$O:$O,TỒN!L13) -> 0 | M14: =SUMIFS(XUẤT!$W:$W,XUẤT!$B:$B,TỒN!$B$12,XUẤT!$O:$O,TỒN!M13) -> 0 | N14: =SUMIFS(XUẤT!$W:$W,XUẤT!$B:$B,TỒN!$B$12,XUẤT!$O:$O,TỒN!N13) -> 0 | O14: =SUMIFS(XUẤT!$W:$W,XUẤT!$B:$B,TỒN!$B$12,XUẤT!$O:$O,TỒN!O13) -> 0 | P14: =SUM(J14:O14) -> 0
A15: 10 | B15: 46275 | J15: =SUMIFS(XUẤT!$W:$W,XUẤT!$B:$B,TỒN!$B$12,XUẤT!$O:$O,TỒN!J14) -> 0 | K15: =SUMIFS(XUẤT!$W:$W,XUẤT!$B:$B,TỒN!$B$12,XUẤT!$O:$O,TỒN!K14) -> 0 | L15: =SUMIFS(XUẤT!$W:$W,XUẤT!$B:$B,TỒN!$B$12,XUẤT!$O:$O,TỒN!L14) -> 0 | M15: =SUMIFS(XUẤT!$W:$W,XUẤT!$B:$B,TỒN!$B$12,XUẤT!$O:$O,TỒN!M14) -> 0 | N15: =SUMIFS(XUẤT!$W:$W,XUẤT!$B:$B,TỒN!$B$12,XUẤT!$O:$O,TỒN!N14) -> 0 | O15: =SUMIFS(XUẤT!$W:$W,XUẤT!$B:$B,TỒN!$B$12,XUẤT!$O:$O,TỒN!O14) -> 0 | P15: =SUM(J15:O15) -> 0
A16: 11 | B16: 46276 | J16: =SUMIFS(XUẤT!$W:$W,XUẤT!$B:$B,TỒN!$B$12,XUẤT!$O:$O,TỒN!J15) -> 0 | K16: =SUMIFS(XUẤT!$W:$W,XUẤT!$B:$B,TỒN!$B$12,XUẤT!$O:$O,TỒN!K15) -> 0 | L16: =SUMIFS(XUẤT!$W:$W,XUẤT!$B:$B,TỒN!$B$12,XUẤT!$O:$O,TỒN!L15) -> 0 | M16: =SUMIFS(XUẤT!$W:$W,XUẤT!$B:$B,TỒN!$B$12,XUẤT!$O:$O,TỒN!M15) -> 0 | N16: =SUMIFS(XUẤT!$W:$W,XUẤT!$B:$B,TỒN!$B$12,XUẤT!$O:$O,TỒN!N15) -> 0 | O16: =SUMIFS(XUẤT!$W:$W,XUẤT!$B:$B,TỒN!$B$12,XUẤT!$O:$O,TỒN!O15) -> 0 | P16: =SUM(J16:O16) -> 0
A17: 12 | B17: 46277 | J17: =SUMIFS(XUẤT!$W:$W,XUẤT!$B:$B,TỒN!$B$12,XUẤT!$O:$O,TỒN!J16) -> 0 | K17: =SUMIFS(XUẤT!$W:$W,XUẤT!$B:$B,TỒN!$B$12,XUẤT!$O:$O,TỒN!K16) -> 0 | L17: =SUMIFS(XUẤT!$W:$W,XUẤT!$B:$B,TỒN!$B$12,XUẤT!$O:$O,TỒN!L16) -> 0 | M17: =SUMIFS(XUẤT!$W:$W,XUẤT!$B:$B,TỒN!$B$12,XUẤT!$O:$O,TỒN!M16) -> 0 | N17: =SUMIFS(XUẤT!$W:$W,XUẤT!$B:$B,TỒN!$B$12,XUẤT!$O:$O,TỒN!N16) -> 0 | O17: =SUMIFS(XUẤT!$W:$W,XUẤT!$B:$B,TỒN!$B$12,XUẤT!$O:$O,TỒN!O16) -> 0 | P17: =SUM(J17:O17) -> 0
A18: 13 | B18: 46278 | J18: =SUMIFS(XUẤT!$W:$W,XUẤT!$B:$B,TỒN!$B$12,XUẤT!$O:$O,TỒN!J17) -> 0 | K18: =SUMIFS(XUẤT!$W:$W,XUẤT!$B:$B,TỒN!$B$12,XUẤT!$O:$O,TỒN!K17) -> 0 | L18: =SUMIFS(XUẤT!$W:$W,XUẤT!$B:$B,TỒN!$B$12,XUẤT!$O:$O,TỒN!L17) -> 0 | M18: =SUMIFS(XUẤT!$W:$W,XUẤT!$B:$B,TỒN!$B$12,XUẤT!$O:$O,TỒN!M17) -> 0 | N18: =SUMIFS(XUẤT!$W:$W,XUẤT!$B:$B,TỒN!$B$12,XUẤT!$O:$O,TỒN!N17) -> 0 | O18: =SUMIFS(XUẤT!$W:$W,XUẤT!$B:$B,TỒN!$B$12,XUẤT!$O:$O,TỒN!O17) -> 0 | P18: =SUM(J18:O18) -> 0
A19: 14 | B19: 46279 | J19: =SUMIFS(XUẤT!$W:$W,XUẤT!$B:$B,TỒN!$B$12,XUẤT!$O:$O,TỒN!J18) -> 0 | K19: =SUMIFS(XUẤT!$W:$W,XUẤT!$B:$B,TỒN!$B$12,XUẤT!$O:$O,TỒN!K18) -> 0 | L19: =SUMIFS(XUẤT!$W:$W,XUẤT!$B:$B,TỒN!$B$12,XUẤT!$O:$O,TỒN!L18) -> 0 | M19: =SUMIFS(XUẤT!$W:$W,XUẤT!$B:$B,TỒN!$B$12,XUẤT!$O:$O,TỒN!M18) -> 0 | N19: =SUMIFS(XUẤT!$W:$W,XUẤT!$B:$B,TỒN!$B$12,XUẤT!$O:$O,TỒN!N18) -> 0 | O19: =SUMIFS(XUẤT!$W:$W,XUẤT!$B:$B,TỒN!$B$12,XUẤT!$O:$O,TỒN!O18) -> 0 | P19: =SUM(J19:O19) -> 0
A20: 15 | B20: 46280 | J20: =SUMIFS(XUẤT!$W:$W,XUẤT!$B:$B,TỒN!$B$12,XUẤT!$O:$O,TỒN!J19) -> 0 | K20: =SUMIFS(XUẤT!$W:$W,XUẤT!$B:$B,TỒN!$B$12,XUẤT!$O:$O,TỒN!K19) -> 0 | L20: =SUMIFS(XUẤT!$W:$W,XUẤT!$B:$B,TỒN!$B$12,XUẤT!$O:$O,TỒN!L19) -> 0 | M20: =SUMIFS(XUẤT!$W:$W,XUẤT!$B:$B,TỒN!$B$12,XUẤT!$O:$O,TỒN!M19) -> 0 | N20: =SUMIFS(XUẤT!$W:$W,XUẤT!$B:$B,TỒN!$B$12,XUẤT!$O:$O,TỒN!N19) -> 0 | O20: =SUMIFS(XUẤT!$W:$W,XUẤT!$B:$B,TỒN!$B$12,XUẤT!$O:$O,TỒN!O19) -> 0 | P20: =SUM(J20:O20) -> 0
A21: 16 | B21: 46281 | J21: =SUMIFS(XUẤT!$W:$W,XUẤT!$B:$B,TỒN!$B$12,XUẤT!$O:$O,TỒN!J20) -> 0 | K21: =SUMIFS(XUẤT!$W:$W,XUẤT!$B:$B,TỒN!$B$12,XUẤT!$O:$O,TỒN!K20) -> 0 | L21: =SUMIFS(XUẤT!$W:$W,XUẤT!$B:$B,TỒN!$B$12,XUẤT!$O:$O,TỒN!L20) -> 0 | M21: =SUMIFS(XUẤT!$W:$W,XUẤT!$B:$B,TỒN!$B$12,XUẤT!$O:$O,TỒN!M20) -> 0 | N21: =SUMIFS(XUẤT!$W:$W,XUẤT!$B:$B,TỒN!$B$12,XUẤT!$O:$O,TỒN!N20) -> 0 | O21: =SUMIFS(XUẤT!$W:$W,XUẤT!$B:$B,TỒN!$B$12,XUẤT!$O:$O,TỒN!O20) -> 0 | P21: =SUM(J21:O21) -> 0
A22: 17 | B22: 46282 | J22: =SUMIFS(XUẤT!$W:$W,XUẤT!$B:$B,TỒN!$B$12,XUẤT!$O:$O,TỒN!J21) -> 0 | K22: =SUMIFS(XUẤT!$W:$W,XUẤT!$B:$B,TỒN!$B$12,XUẤT!$O:$O,TỒN!K21) -> 0 | L22: =SUMIFS(XUẤT!$W:$W,XUẤT!$B:$B,TỒN!$B$12,XUẤT!$O:$O,TỒN!L21) -> 0 | M22: =SUMIFS(XUẤT!$W:$W,XUẤT!$B:$B,TỒN!$B$12,XUẤT!$O:$O,TỒN!M21) -> 0 | N22: =SUMIFS(XUẤT!$W:$W,XUẤT!$B:$B,TỒN!$B$12,XUẤT!$O:$O,TỒN!N21) -> 0 | O22: =SUMIFS(XUẤT!$W:$W,XUẤT!$B:$B,TỒN!$B$12,XUẤT!$O:$O,TỒN!O21) -> 0 | P22: =SUM(J22:O22) -> 0
A23: 18 | B23: 46283 | J23: =SUMIFS(XUẤT!$W:$W,XUẤT!$B:$B,TỒN!$B$12,XUẤT!$O:$O,TỒN!J22) -> 0 | K23: =SUMIFS(XUẤT!$W:$W,XUẤT!$B:$B,TỒN!$B$12,XUẤT!$O:$O,TỒN!K22) -> 0 | L23: =SUMIFS(XUẤT!$W:$W,XUẤT!$B:$B,TỒN!$B$12,XUẤT!$O:$O,TỒN!L22) -> 0 | M23: =SUMIFS(XUẤT!$W:$W,XUẤT!$B:$B,TỒN!$B$12,XUẤT!$O:$O,TỒN!M22) -> 0 | N23: =SUMIFS(XUẤT!$W:$W,XUẤT!$B:$B,TỒN!$B$12,XUẤT!$O:$O,TỒN!N22) -> 0 | O23: =SUMIFS(XUẤT!$W:$W,XUẤT!$B:$B,TỒN!$B$12,XUẤT!$O:$O,TỒN!O22) -> 0 | P23: =SUM(J23:O23) -> 0
A24: 19 | B24: 46284 | J24: =SUMIFS(XUẤT!$W:$W,XUẤT!$B:$B,TỒN!$B$12,XUẤT!$O:$O,TỒN!J23) -> 0 | K24: =SUMIFS(XUẤT!$W:$W,XUẤT!$B:$B,TỒN!$B$12,XUẤT!$O:$O,TỒN!K23) -> 0 | L24: =SUMIFS(XUẤT!$W:$W,XUẤT!$B:$B,TỒN!$B$12,XUẤT!$O:$O,TỒN!L23) -> 0 | M24: =SUMIFS(XUẤT!$W:$W,XUẤT!$B:$B,TỒN!$B$12,XUẤT!$O:$O,TỒN!M23) -> 0 | N24: =SUMIFS(XUẤT!$W:$W,XUẤT!$B:$B,TỒN!$B$12,XUẤT!$O:$O,TỒN!N23) -> 0 | O24: =SUMIFS(XUẤT!$W:$W,XUẤT!$B:$B,TỒN!$B$12,XUẤT!$O:$O,TỒN!O23) -> 0 | P24: =SUM(J24:O24) -> 0
... A35: 30 | B35: 46295 | J35: =SUMIFS(XUẤT!$W:$W,XUẤT!$B:$B,TỒN!$B$12,XUẤT!$O:$O,TỒN!J34) -> 0 | K35: =SUMIFS(XUẤT!$W:$W,XUẤT!$B:$B,TỒN!$B$12,XUẤT!$O:$O,TỒN!K34) -> 0 | L35: =SUMIFS(XUẤT!$W:$W,XUẤT!$B:$B,TỒN!$B$12,XUẤT!$O:$O,TỒN!L34) -> 0 | M35: =SUMIFS(XUẤT!$W:$W,XUẤT!$B:$B,TỒN!$B$12,XUẤT!$O:$O,TỒN!M34) -> 0 | N35: =SUMIFS(XUẤT!$W:$W,XUẤT!$B:$B,TỒN!$B$12,XUẤT!$O:$O,TỒN!N34) -> 0 | O35: =SUMIFS(XUẤT!$W:$W,XUẤT!$B:$B,TỒN!$B$12,XUẤT!$O:$O,TỒN!O34) -> 0 | P35: =SUM(J35:O35) -> 0
B36: Cộng | C36: =SUM(C12:C35) -> 0 | D36: =SUM(D12:D35) -> 0 | E36: =SUM(E12:E35) -> 0 | F36: =SUM(F12:F35) -> 0 | G36: =SUM(G12:G35) -> 0 | H36: =SUM(H12:H35) -> 0 | I36: =SUM(I12:I35) -> 0 | J36: =SUM(J12:J35) -> 0 | ... W36: =SUM(W12:W35) -> 0

Sheet ĐIÈU PHỐI
A1: ĐIỀU PHỐI QAROMI
A3: STT | B3: Họ tên | C3: Tổ/Trạm | D3: Địa chỉ nhà | E3: SĐT | F3: Khu vực thực hiện | H3: TỔ BẢO VỆ THÁNG 9
A4: I | B4: Bốc xếp, vận chuyển | H4: Ngày | I4: Thứ | J4: Người thực hiện | L4: Bùi Đức Hoàng | M4: =COUNTIFS($J$5:$J$28,L4) -> 4
A5: 1 | B5: Đinh Thu Huế | C5: Tổ thị trường | D5: Cao Xanh | E5: 0963913555 | F5: Cao Xanh, Hồng Gai | H5: 7 | I5: 2 | J5: Bùi Đức Hoàng | L5: Nguyễn Thị Hằng | M5: =COUNTIFS($J$5:$J$28,L5) -> 3
A6: 2 | B6: Đặng Thị Huyền | C6: Tổ DVCTT | D6: Cứu Hỏa | E6: 0966785220 | H6: 8 | I6: 3 | J6: Nguyễn Thị Hằng | L6: Nguyễn Thị Thùy | M6: =COUNTIFS($J$5:$J$28,L6) -> 4
A7: 3 | B7: Trần Bích Ly | D7: Bãi Muối | E7: 0988168666 | H7: 9 | I7: 4 | J7: Nguyễn Thị Thùy | L7: Đỗ Thị Vượng | M7: =COUNTIFS($J$5:$J$28,L7) -> 3
A8: 4 | B8: Bùi Đức Hoàng | C8: Bảo vệ | D8: Cột 3 | E8: 0982916899 | H8: 10 | I8: 5 | J8: Đỗ Thị Vượng | L8: Trăng Thị Thơm | M8: =COUNTIFS($J$5:$J$28,L8) -> 3
A9: 5 | B9: Nguyễn Thị Thùy | D9: Hà Trung | E9: 0365577629 | H9: 11 | I9: 6 | J9: Nguyễn Thị Huy | L9: Dương Thị Thu | M9: =COUNTIFS($J$5:$J$28,L9) -> 2
A10: 6 | B10: Nguyễn Thị Hằng | D10: Cột 3 | E10: 0787224668 | H10: 12 | I10: 7 | J10: Trăng Thị Thơm | L10: Nguyễn Thị Huy | M10: =COUNTIFS($J$5:$J$28,L10) -> 4
A11: 7 | B11: Trăng Thị Thơm | D11: Hà Phong | E11: 0379221778
A12: 8 | B12: Đỗ Thị Vượng | D12: Cột 5 | E12: 0914988892 | H12: 14 | I12: 2 | J12: Đỗ Thị Vượng
A13: 9 | B13: Nguyễn Thị Huy | D13: Cột 3 | E13: 0388573628 | H13: 15 | I13: 3 | J13: Bùi Đức Hoàng | K13: nghỉ phép
A14: 10 | B14: Dương Thị Thu | D14: Yết Kiêu | E14: 0838980944 | H14: 16 | I14: 4 | J14: Nguyễn Thị Thùy
A15: 11 | B15: Nguyễn Thị Chi | C15: Hạ Long | D15: Cột 5 | E15: 0855198226 | F15: Cột 3, cột 5 | H15: 17 | I15: 5 | J15: Dương Thị Thu
A16: 12 | B16: Lê Thanh Xuân | C16: Hà Tu | D16: Hà Tu | E16: 0962672181 | F16: Tăng áp -> Hà Tu | H16: 18 | I16: 6 | J16: Trăng Thị Thơm
A17: 13 | B17: Nguyễn Văn Hưng | C17: Hà Lầm | E17: 0915196225 | F17: Hà Lầm | H17: 19 | I17: 7 | J17: Nguyễn Thị Hằng | K17: nghỉ phép
A18: 14 | B18: Trần Trọng Khoa | C18: Hồng Gai | E18: 0904099383 | F18: Hồng Gai | H18: 20 | I18: CN | J18: Nguyễn Thị Huy | L18: Tùng chạy xe
A19: 15 | B19: Nguyễn Thanh Xuyền | C19: Đá Trắng | E19: 0982757198 | F19: Đá Trắng | H19: 21 | I19: 2 | J19: Nguyễn Thị Hằng | K19: nghỉ phép | L19: Tùng chạy xe
A20: II | B20: Lái xe tải điện | H20: 22 | I20: 3 | J20: Trăng Thị Thơm
A21: 1 | B21: Nguyễn Thị Hồng Phương | D21: Yết Kiêu | E21: 0934399569 | H21: 23 | I21: 4 | J21: Dương Thị Thu
A22: 2 | B22: Đặng Thanh Tùng | D22: Cao Xanh | E22: 0968333882 | H22: 24 | I22: 5 | J22: Nguyễn Thị Thùy
H23: 25 | I23: 6 | J23: Nguyễn Thị Huy
A24: STT | B24: Thứ tự điều phối | H24: 26 | I24: 7 | J24: Đỗ Thị Vượng
A25: 1 | B25: Tổ Tiếp thị | H25: 27 | I25: CN | J25: Bùi Đức Hoàng
A26: 2 | B26: Tổ Dịch vụ | H26: 28 | I26: 2 | J26: Nguyễn Thị Huy
A27: 3 | B27: Tổ Bảo vệ | H27: 29 | I27: 3 | J27: Bùi Đức Hoàng
A28: 4 | B28: Trạm QL | H28: 30 | I28: 4 | J28: Nguyễn Thị Thùy

Sheet Vận chuyển
A1: TỔNG HỢP CHI PHÍ VẬN CHUYỂN, BỐC XẾP
A2: Tháng 9/2026
A4: STT | B4: Người thực hiện | C4: Tổ/Trạm | D4: Số lượng | E4: Số tiền
A5: 1 | B5: Xí nghiệp | D5: =SUMIFS(XUẤT!AB:AB,XUẤT!AA:AA,'Vận chuyển'!B5) -> 0 | E5: =D5*5000 -> 0
A6: 2 | B6: Đinh Thu Huế | C6: Tổ thị trường | D6: =SUMIFS(XUẤT!AB:AB,XUẤT!AA:AA,'Vận chuyển'!B6) -> 284 | E6: =D6*5000 -> 1420000
A7: 3 | B7: Tổ DVCTT | C7: Tổ DVCTT | D7: =SUMIFS(XUẤT!AB:AB,XUẤT!AA:AA,'Vận chuyển'!B7) -> 24 | E7: =D7*5000 -> 120000
A8: 5 | B8: Bùi Đức Hoàng | C8: Bảo vệ | D8: =SUMIFS(XUẤT!AB:AB,XUẤT!AA:AA,'Vận chuyển'!B8) -> 0 | E8: =D8*5000 -> 0
A9: 6 | B9: Nguyễn Thị Thùy | D9: =SUMIFS(XUẤT!AB:AB,XUẤT!AA:AA,'Vận chuyển'!B9) -> 1 | E9: =D9*5000 -> 5000
A10: 7 | B10: Nguyễn Thị Hằng | D10: =SUMIFS(XUẤT!AB:AB,XUẤT!AA:AA,'Vận chuyển'!B10) -> 21 | E10: =D10*5000 -> 105000
A11: 8 | B11: Trăng Thị Thơm | D11: =SUMIFS(XUẤT!AB:AB,XUẤT!AA:AA,'Vận chuyển'!B11) -> 0 | E11: =D11*5000 -> 0
A12: 9 | B12: Đỗ Thị Vượng | D12: =SUMIFS(XUẤT!AB:AB,XUẤT!AA:AA,'Vận chuyển'!B12) -> 10 | E12: =D12*5000 -> 50000
A13: 10 | B13: Nguyễn Thị Huy | D13: =SUMIFS(XUẤT!AB:AB,XUẤT!AA:AA,'Vận chuyển'!B13) -> 5 | E13: =D13*5000 -> 25000
A14: 11 | B14: Dương Thị Thu | D14: =SUMIFS(XUẤT!AB:AB,XUẤT!AA:AA,'Vận chuyển'!B14) -> 0 | E14: =D14*5000 -> 0
A15: 12 | B15: Nguyễn Thị Chi | C15: Hạ Long | D15: =SUMIFS(XUẤT!AB:AB,XUẤT!AA:AA,'Vận chuyển'!B15) -> 22 | E15: =D15*5000 -> 110000
A16: 13 | B16: Lê Thanh Xuân | C16: Hà Tu | D16: =SUMIFS(XUẤT!AB:AB,XUẤT!AA:AA,'Vận chuyển'!B16) -> 28 | E16: =D16*5000 -> 140000
A17: 14 | B17: Nguyễn Văn Hưng | C17: Hà Lầm | D17: =SUMIFS(XUẤT!AB:AB,XUẤT!AA:AA,'Vận chuyển'!B17) -> 25 | E17: =D17*5000 -> 125000
A18: 15 | B18: Trần Trọng Khoa | C18: Hồng Gai | D18: =SUMIFS(XUẤT!AB:AB,XUẤT!AA:AA,'Vận chuyển'!B18) -> 83 | E18: =D18*5000 -> 415000
A19: 16 | B19: Nguyễn Thanh Xuyền | C19: Đá Trắng | D19: =SUMIFS(XUẤT!AB:AB,XUẤT!AA:AA,'Vận chuyển'!B19) -> 0 | E19: =D19*5000 -> 0
A20: 17 | B20: Phạm Thị Đan Thanh | D20: =SUMIFS(XUẤT!AB:AB,XUẤT!AA:AA,'Vận chuyển'!B20) -> 2 | E20: =D20*5000 -> 10000
A21: 18 | B21: Mai Anh Dũng | C21: Văn phòng | D21: =SUMIFS(XUẤT!AB:AB,XUẤT!AA:AA,'Vận chuyển'!B21) -> 0 | E21: =D21*5000 -> 0
A22: 18 | B22: Vũ Thị Tươi | C22: Cao Xanh | D22: =SUMIFS(XUẤT!AB:AB,XUẤT!AA:AA,'Vận chuyển'!B22) -> 17 | E22: =D22*5000 -> 85000
A23: 19 | B23: Lương Thị Vân Mai | C23: Cao Xanh | D23: =SUMIFS(XUẤT!AB:AB,XUẤT!AA:AA,'Vận chuyển'!B23) -> 2 | E23: =D23*5000 -> 10000
A24: 20 | B24: Bùi Thị Thu | C24: Cao Xanh | D24: =SUMIFS(XUẤT!AB:AB,XUẤT!AA:AA,'Vận chuyển'!B24) -> 8 | E24: =D24*5000 -> 40000
A25: 21 | B25: Lại Thị Lan | C25: Tổ thị trường | D25: =SUMIFS(XUẤT!AB:AB,XUẤT!AA:AA,'Vận chuyển'!B25) -> 20 | E25: =D25*5000 -> 100000
A26: 22 | B26: Lưu Hải Yến | C26: Hồng Gai | D26: =SUMIFS(XUẤT!AB:AB,XUẤT!AA:AA,'Vận chuyển'!B26) -> 2 | E26: =D26*5000 -> 10000
A27: 23 | B27: Bùi Ngọc Nguyên | C27: Văn phòng | D27: =SUMIFS(XUẤT!AB:AB,XUẤT!AA:AA,'Vận chuyển'!B27) -> 4 | E27: =D27*5000 -> 20000
A28: 24 | B28: Lê Như Hùng | C28: Văn phòng | D28: =SUMIFS(XUẤT!AB:AB,XUẤT!AA:AA,'Vận chuyển'!B28) -> 10 | E28: =D28*5000 -> 50000
A29: 25 | B29: Mạc Thị Thanh Tú | C29: Hà Lầm | D29: =SUMIFS(XUẤT!AB:AB,XUẤT!AA:AA,'Vận chuyển'!B29) -> 3 | E29: =D29*5000 -> 15000
A30: 26 | B30: Bùi Hà Thu | C30: Hà Lầm | D30: =SUMIFS(XUẤT!AB:AB,XUẤT!AA:AA,'Vận chuyển'!B30) -> 20 | E30: =D30*5000 -> 100000
A31: 27 | B31: Phạm Thu Quỳnh | C31: Hà Lầm | D31: =SUMIFS(XUẤT!AB:AB,XUẤT!AA:AA,'Vận chuyển'!B31) -> 1 | E31: =D31*5000 -> 5000
A32: 28 | B32: Vũ Thị Thanh Thảo | C32: Hạ Long | D32: =SUMIFS(XUẤT!AB:AB,XUẤT!AA:AA,'Vận chuyển'!B32) -> 2 | E32: =D32*5000 -> 10000
A33: 29 | B33: Nguyễn Thị Thúy Hằng | D33: =SUMIFS(XUẤT!AB:AB,XUẤT!AA:AA,'Vận chuyển'!B33) -> 3 | E33: =D33*5000 -> 15000
A34: 30 | B34: Nguyễn Thị Hằng | C34: Bảo vệ | D34: =SUMIFS(XUẤT!AB:AB,XUẤT!AA:AA,'Vận chuyển'!B34) -> 21 | E34: =D34*5000 -> 105000
A35: 31 | B35: Nguyễn Thị Hiếu | D35: =SUMIFS(XUẤT!AB:AB,XUẤT!AA:AA,'Vận chuyển'!B35) -> 10 | E35: =D35*5000 -> 50000
A36: 32 | B36: Nguyễn Thị Hồng Phương | D36: =SUMIFS(XUẤT!AB:AB,XUẤT!AA:AA,'Vận chuyển'!B36) -> 93 | E36: =D36*5000 -> 465000
A37: 33 | B37: Tăng Thị Thơm | D37: =SUMIFS(XUẤT!AB:AB,XUẤT!AA:AA,'Vận chuyển'!B37) -> 3 | E37: =D37*5000 -> 15000
A38: 34 | B38: Phương + Huế | D38: =SUMIFS(XUẤT!AB:AB,XUẤT!AA:AA,'Vận chuyển'!B38) -> 20 | E38: =D38*5000 -> 100000
A39: 35 | B39: Yến Quảng Yên | D39: =SUMIFS(XUẤT!AB:AB,XUẤT!AA:AA,'Vận chuyển'!B39) -> 10 | E39: =D39*5000 -> 50000
A40: 36 | B40: Bùi Ngọc Mai | D40: =SUMIFS(XUẤT!AB:AB,XUẤT!AA:AA,'Vận chuyển'!B40) -> 2 | E40: =D40*5000 -> 10000
A41: 37 | B41: Thảo Cẩm Phả | D41: =SUMIFS(XUẤT!AB:AB,XUẤT!AA:AA,'Vận chuyển'!B41) -> 20 | E41: =D41*5000 -> 100000
A42: 38 | B42: Vũ Thành Long | D42: =SUMIFS(XUẤT!AB:AB,XUẤT!AA:AA,'Vận chuyển'!B42) -> 5 | E42: =D42*5000 -> 25000
A43: 39 | B43: Đỗ Thị Liễu | D43: =SUMIFS(XUẤT!AB:AB,XUẤT!AA:AA,'Vận chuyển'!B43) -> 1 | E43: =D43*5000 -> 5000
B44: Cộng | D44: =SUM(D5:D37) -> 724 | E44: =SUM(E5:E38) -> 3720000 | F44: =E44-XUẤT!AC5 -> -1945000

Sheet Đơn giá
A3: STT | B3: Hàng hóa | C3: Giá bán
A4: 1 | B4: Vỉ 350ml | C4: 85000 | F4: Công ty
A5: 2 | B5: Hộp 350ml | C5: 93000 | F5: Xí nghiệp
A6: 3 | B6: Vỉ 500ml | C6: 98000
A7: 4 | B7: Hộp 500ml | C7: 106000
A8: 5 | B8: Bình kiềm | C8: 52000
A9: 6 | B9: Bình RO | C9: 48000

Sheet TỒN TỔNG
A1: STT | B1: NGÀY | C1: Kho | D1: TỒN CUỐI | I1: GHI CHÚ
D2: BÌNH RO | E2: BÌNH KIỀM | F2: Hộp 500 ML | G2: VỈ 500ML | H2: VỈ 350ML | I2: 8/9 VAY KHO CÔNG TY 22 VỈ 500ML – ĐƠN PHƯƠNG LÁI XE
A3: 1 | B3: 11/9/2026 | C3: Kho Huế | D3: ='TỒN KHO HUẾ'!R7 -> 0 | E3: ='TỒN KHO HUẾ'!S7 -> 0 | F3: ='TỒN KHO HUẾ'!T7 -> 0 | G3: ='TỒN KHO HUẾ'!U7 -> 40 | H3: ='TỒN KHO HUẾ'!V7 -> 8
A4: 2 | C4: Kho tăng áp | D4: ='TỒN KHO TĂNG ÁP'!R7 -> 0 | E4: ='TỒN KHO TĂNG ÁP'!S7 -> 21 | F4: ='TỒN KHO TĂNG ÁP'!T7 -> 0 | G4: ='TỒN KHO TĂNG ÁP'!U7 -> 139 | H4: ='TỒN KHO TĂNG ÁP'!V7 -> 57
A5: 3 | C5: Kho văn phòng | D5: ='Tồn kho văn phòng'!R6 -> 0 | E5: ='Tồn kho văn phòng'!S6 -> 0 | F5: ='Tồn kho văn phòng'!T6 -> 0 | G5: ='Tồn kho văn phòng'!U6 -> 51 | H5: ='Tồn kho văn phòng'!V6 -> 0
A6: 4 | B6: 46365 | C6: Kho Huế | D6: ='TỒN KHO HUẾ'!R8 -> 0 | E6: ='TỒN KHO HUẾ'!S8 -> 0 | F6: ='TỒN KHO HUẾ'!T8 -> 0 | G6: ='TỒN KHO HUẾ'!U8 -> 8 | H6: ='TỒN KHO HUẾ'!V8 -> 8
A7: 5 | C7: Kho tăng áp | D7: ='TỒN KHO TĂNG ÁP'!R8 -> 0 | E7: ='TỒN KHO TĂNG ÁP'!S8 -> 21 | F7: ='TỒN KHO TĂNG ÁP'!T8 -> 0 | G7: ='TỒN KHO TĂNG ÁP'!U8 -> 123 | H7: ='TỒN KHO TĂNG ÁP'!V8 -> 41
A8: 6 | C8: Kho văn phòng | D8: ='Tồn kho văn phòng'!R7 -> 0 | E8: ='Tồn kho văn phòng'!S7 -> 0 | F8: ='Tồn kho văn phòng'!T7 -> 0 | G8: ='Tồn kho văn phòng'!U7 -> 47 | H8: ='Tồn kho văn phòng'!V7 -> 0
A9: 7 | B9: 13/9/2026 | C9: Kho Huế | D9: ='TỒN KHO HUẾ'!R9 -> 0 | E9: ='TỒN KHO HUẾ'!S9 -> 0 | F9: ='TỒN KHO HUẾ'!T9 -> 0 | G9: ='TỒN KHO HUẾ'!U9 -> 0 | H9: ='TỒN KHO HUẾ'!V9 -> 8
A10: 8 | C10: Kho tăng áp | D10: ='TỒN KHO TĂNG ÁP'!R9 -> 0 | E10: ='TỒN KHO TĂNG ÁP'!S9 -> 21 | F10: ='TỒN KHO TĂNG ÁP'!T9 -> 0 | G10: ='TỒN KHO TĂNG ÁP'!U9 -> 44 | H10: ='TỒN KHO TĂNG ÁP'!V9 -> 41
A11: 9 | C11: Kho văn phòng | D11: ='Tồn kho văn phòng'!R8 -> 0 | E11: ='Tồn kho văn phòng'!S8 -> 0 | F11: ='Tồn kho văn phòng'!T8 -> 0 | G11: ='Tồn kho văn phòng'!U8 -> 29 | H11: ='Tồn kho văn phòng'!V8 -> 0
A12: 10 | C12: Tồn xe điện | D12: ='tồn xe'!O5 -> 0 | E12: ='tồn xe'!P5 -> 0 | F12: ='tồn xe'!Q5 -> 11 | G12: ='tồn xe'!R5 -> 0 | H12: ='tồn xe'!S5 -> 0
A13: 11 | B13: 14/9/2026 | C13: Kho Huế | D13: ='TỒN KHO HUẾ'!R10 -> 0 | E13: ='TỒN KHO HUẾ'!S10 -> 0 | F13: ='TỒN KHO HUẾ'!T10 -> 0 | G13: ='TỒN KHO HUẾ'!U10 -> 33 | H13: ='TỒN KHO HUẾ'!V10 -> 58
A14: 12 | C14: Kho tăng áp | D14: ='TỒN KHO TĂNG ÁP'!R10 -> 0 | E14: ='TỒN KHO TĂNG ÁP'!S10 -> 11 | F14: ='TỒN KHO TĂNG ÁP'!T10 -> 0 | G14: ='TỒN KHO TĂNG ÁP'!U10 -> 45 | H14: ='TỒN KHO TĂNG ÁP'!V10 -> 41
A15: 13 | C15: Kho văn phòng | D15: ='Tồn kho văn phòng'!R9 -> 0 | E15: ='Tồn kho văn phòng'!S9 -> 0 | F15: ='Tồn kho văn phòng'!T9 -> 0 | G15: ='Tồn kho văn phòng'!U9 -> 29 | H15: ='Tồn kho văn phòng'!V9 -> 0
A16: 14 | C16: Tồn xe điện | D16: ='tồn xe'!O6 -> 0 | E16: ='tồn xe'!P6 -> 0 | F16: ='tồn xe'!Q6 -> 0 | G16: ='tồn xe'!R6 -> 0 | H16: ='tồn xe'!S6 -> 0
A17: 15 | C17: Tồn kho Hà Lầm | D17: ='TỒN KHO HÀ LẦM'!R7 -> 0 | E17: ='TỒN KHO HÀ LẦM'!S7 -> 0 | F17: ='TỒN KHO HÀ LẦM'!T7 -> 0 | G17: ='TỒN KHO HÀ LẦM'!U7 -> 17 | H17: ='TỒN KHO HÀ LẦM'!V7 -> 30
A18: 16 | B18: 15/9/2026 | C18: Kho Huế | D18: ='TỒN KHO HUẾ'!R11 -> 0 | E18: ='TỒN KHO HUẾ'!S11 -> 0 | F18: ='TỒN KHO HUẾ'!T11 -> 0 | G18: ='TỒN KHO HUẾ'!U11 -> 39 | H18: ='TỒN KHO HUẾ'!V11 -> 58
A19: 17 | C19: Kho tăng áp | D19: ='TỒN KHO TĂNG ÁP'!R11 -> 0 | E19: ='TỒN KHO TĂNG ÁP'!S11 -> 11 | F19: ='TỒN KHO TĂNG ÁP'!T11 -> 0 | G19: ='TỒN KHO TĂNG ÁP'!U11 -> 99 | H19: ='TỒN KHO TĂNG ÁP'!V11 -> 39
A20: 18 | C20: Kho văn phòng | D20: ='Tồn kho văn phòng'!R10 -> 0 | E20: ='Tồn kho văn phòng'!S10 -> 0 | F20: ='Tồn kho văn phòng'!T10 -> 0 | G20: ='Tồn kho văn phòng'!U10 -> 28 | H20: ='Tồn kho văn phòng'!V10 -> 0
A21: 19 | C21: Tồn xe điện | D21: ='tồn xe'!O7 -> 0 | E21: ='tồn xe'!P7 -> 0 | F21: ='tồn xe'!Q7 -> 0 | G21: ='tồn xe'!R7 -> 0 | H21: ='tồn xe'!S7 -> 0
A22: 20 | C22: Tồn kho Hà Lầm | D22: ='TỒN KHO HÀ LẦM'!R8 -> 0 | E22: ='TỒN KHO HÀ LẦM'!S8 -> 0 | F22: ='TỒN KHO HÀ LẦM'!T8 -> 0 | G22: ='TỒN KHO HÀ LẦM'!U8 -> 17 | H22: ='TỒN KHO HÀ LẦM'!V8 -> 30
A23: 21 | B23: 16/9/2026 | C23: Kho Huế | D23: ='TỒN KHO HUẾ'!R12 -> 0 | E23: ='TỒN KHO HUẾ'!S12 -> 0 | F23: ='TỒN KHO HUẾ'!T12 -> 0 | G23: ='TỒN KHO HUẾ'!U12 -> 36 | H23: ='TỒN KHO HUẾ'!V12 -> 58
A24: 22 | C24: Kho tăng áp | D24: ='TỒN KHO TĂNG ÁP'!R12 -> 0 | E24: ='TỒN KHO TĂNG ÁP'!S12 -> 0 | F24: ='TỒN KHO TĂNG ÁP'!T12 -> 0 | G24: ='TỒN KHO TĂNG ÁP'!U12 -> 139 | H24: ='TỒN KHO TĂNG ÁP'!V12 -> 39
A25: 23 | C25: Kho văn phòng | D25: ='Tồn kho văn phòng'!R11 -> 0 | E25: ='Tồn kho văn phòng'!S11 -> 0 | F25: ='Tồn kho văn phòng'!T11 -> 0 | G25: ='Tồn kho văn phòng'!U11 -> 24 | H25: ='Tồn kho văn phòng'!V11 -> 0
C26: Tồn xe điện
C27: Tồn kho Hà Lầm | D27: ='TỒN KHO HÀ LẦM'!R9 -> 0 | E27: ='TỒN KHO HÀ LẦM'!S9 -> 0 | F27: ='TỒN KHO HÀ LẦM'!T9 -> 0 | G27: ='TỒN KHO HÀ LẦM'!U9 -> 17 | H27: ='TỒN KHO HÀ LẦM'!V9 -> 30
B28: 17/9/2026 | C28: Kho Huế | D28: ='TỒN KHO HUẾ'!R13 -> 20 | E28: ='TỒN KHO HUẾ'!S13 -> 20 | F28: ='TỒN KHO HUẾ'!T13 -> 0 | G28: ='TỒN KHO HUẾ'!U13 -> 68 | H28: ='TỒN KHO HUẾ'!V13 -> 47
C29: Kho tăng áp | D29: ='TỒN KHO TĂNG ÁP'!R13 -> 0 | E29: ='TỒN KHO TĂNG ÁP'!S13 -> 0 | F29: ='TỒN KHO TĂNG ÁP'!T13 -> 0 | G29: ='TỒN KHO TĂNG ÁP'!U13 -> 130 | H29: ='TỒN KHO TĂNG ÁP'!V13 -> 37
C30: Kho văn phòng | D30: ='Tồn kho văn phòng'!R12 -> 0 | E30: ='Tồn kho văn phòng'!S12 -> 0 | F30: ='Tồn kho văn phòng'!T12 -> 0 | G30: ='Tồn kho văn phòng'!U12 -> 22 | H30: ='Tồn kho văn phòng'!V12 -> 0
C31: Tồn xe điện | D31: ='tồn xe'!O9 -> 0 | E31: ='tồn xe'!P9 -> 0 | F31: ='tồn xe'!Q9 -> 0 | G31: ='tồn xe'!R9 -> 0 | H31: ='tồn xe'!S9 -> 0
C32: Tồn kho Hà Lầm | D32: ='TỒN KHO HÀ LẦM'!R8 -> 0 | E32: ='TỒN KHO HÀ LẦM'!S8 -> 0 | F32: ='TỒN KHO HÀ LẦM'!T8 -> 0 | G32: ='TỒN KHO HÀ LẦM'!U8 -> 17 | H32: ='TỒN KHO HÀ LẦM'!V8 -> 30
B33: 18/9/2026 | C33: Kho Huế | D33: ='TỒN KHO HUẾ'!R14 -> 3 | E33: ='TỒN KHO HUẾ'!S14 -> 9 | F33: ='TỒN KHO HUẾ'!T14 -> 0 | G33: ='TỒN KHO HUẾ'!U14 -> 106 | H33: ='TỒN KHO HUẾ'!V14 -> 25
C34: Kho tăng áp | D34: ='TỒN KHO TĂNG ÁP'!R14 -> 0 | E34: ='TỒN KHO TĂNG ÁP'!S14 -> 0 | F34: ='TỒN KHO TĂNG ÁP'!T14 -> 0 | G34: ='TỒN KHO TĂNG ÁP'!U14 -> 191 | H34: ='TỒN KHO TĂNG ÁP'!V14 -> 26
C35: Kho văn phòng | D35: ='Tồn kho văn phòng'!R13 -> 0 | E35: ='Tồn kho văn phòng'!S13 -> 0 | F35: ='Tồn kho văn phòng'!T13 -> 0 | G35: ='Tồn kho văn phòng'!U13 -> 18 | H35: ='Tồn kho văn phòng'!V13 -> 0
C36: Tồn xe điện | D36: ='tồn xe'!O10 -> 0 | E36: ='tồn xe'!P10 -> 0 | F36: ='tồn xe'!Q10 -> 0 | G36: ='tồn xe'!R10 -> 0 | H36: ='tồn xe'!S10 -> 0
C37: Tồn kho Hà Lầm | D37: ='TỒN KHO HÀ LẦM'!R11 -> 0 | E37: ='TỒN KHO HÀ LẦM'!S11 -> 0 | F37: ='TỒN KHO HÀ LẦM'!T11 -> 0 | G37: ='TỒN KHO HÀ LẦM'!U11 -> 17 | H37: ='TỒN KHO HÀ LẦM'!V11 -> 30

Sheet TỒN KHO HUẾ
A1: STT | B1: NGÀY | C1: TỒN ĐẦU KỲ | H1: NHẬP | M1: XUẤT | R1: TỒN CUỐI | W1: Ghi chú | Y1: XUẤT
C3: BÌNH RO | D3: BÌNH KIỀM | E3: hộp 500 ml | F3: VỈ 500ML | G3: VỈ 350ML | H3: BÌNH RO | I3: BÌNH KIỀM | J3: Hộp 500 ml | K3: VỈ 500ML | L3: VỈ 350ML | M3: BÌNH RO | N3: BÌNH KIỀM | O3: hộp 500 ml | P3: VỈ 500ML | Q3: VỈ 350ML | R3: BÌNH RO | S3: BÌNH KIỀM | T3: hộp 500ml | U3: VỈ 500ML | V3: VỈ 350ML | Y3: Họ tên | Z3: Bộ phận | AA3: Vỉ 500ml | AB3: TẶNG Vỉ 500ml | AC3: Thùng 500 ml | AD3: TẶNG Thùng 500 ml | AE3: Vỉ 350ml | AF3: TẶNG Vỉ 350ml | AG3: Thùng 350 ml | AH3: TẶNG Thùng 350 ml | AI3: Bình Ion | AJ3: TẶNG Bình Ion | AK3: Bình RO | AL3: TẶNG Bình RO
B4: 46273 | D4: 0 | F4: 17 | G4: 30 | K4: =120 -> 120 | P4: =11+4+3 -> 18 | R4: =C4+H4-M4 -> 0 | S4: =D4+I4-N4 -> 0 | T4: =E4+J4-O4 -> 0 | U4: =F4+K4-P4 -> 119 | V4: =G4+L4-Q4 -> 30
B5: 9/9/2026 | C5: =R4 -> 0 | D5: =S4 -> 0 | F5: =U4 -> 119 | G5: =V4 -> 30 | R5: =C5+H5-M5 -> 0 | S5: =D5+I5-N5 -> 0 | T5: =E5+J5-O5 -> 0 | U5: =F5+K5-P5 -> 119 | V5: =G5+L5-Q5 -> 30 | X5: 46263 | Y5: Huế bán | Z5: XN | AA5: 113
B6: 10/9/2026 | C6: =R5 -> 0 | D6: =S5 -> 0 | F6: =U5 -> 119 | G6: =V5 -> 30 | P6: 47 | Q6: 22 | R6: =C6+H6-M6 -> 0 | S6: =D6+I6-N6 -> 0 | T6: =E6+J6-O6 -> 0 | U6: =F6+K6-P6 -> 72 | V6: =G6+L6-Q6 -> 8 | X6: 46263 | Y6: xe điện | Z6: XN | AA6: 44
B7: 11//9 | C7: =R6 -> 0 | D7: =S6 -> 0 | F7: =U6 -> 72 | G7: =V6 -> 8 | P7: 32 | R7: =C7+H7-M7 -> 0 | S7: =D7+I7-N7 -> 0 | T7: =E7+J7-O7 -> 0 | U7: =F7+K7-P7 -> 40 | V7: =G7+L7-Q7 -> 8 | X7: 46264 | Y7: sếp Tâm- vỉ km | Z7: XN | AE7: 1
B8: 12/9 | C8: =R7 -> 0 | D8: =S7 -> 0 | F8: =U7 -> 40 | G8: =V7 -> 8 | P8: 32 | R8: =C8+H8-M8 -> 0 | S8: =D8+I8-N8 -> 0 | T8: =E8+J8-O8 -> 0 | U8: =F8+K8-P8 -> 8 | V8: =G8+L8-Q8 -> 8 | X8: 46264 | Y8: mạnh-cao xanh | Z8: XN | AE8: 2
B9: 13/9/2026 | C9: =R8 -> 0 | D9: =S8 -> 0 | F9: =U8 -> 8 | G9: =V8 -> 8 | P9: 8 | R9: =C9+H9-M9 -> 0 | S9: =D9+I9-N9 -> 0 | T9: =E9+J9-O9 -> 0 | U9: =F9+K9-P9 -> 0 | V9: =G9+L9-Q9 -> 8 | X9: 46264 | Y9: Huế bán | Z9: XN | AA9: 11
B10: 14/9/2026 | C10: =R9 -> 0 | D10: =S9 -> 0 | F10: =U9 -> 0 | G10: =V9 -> 8 | K10: 38 | L10: 50 | P10: 5 | R10: =C10+H10-M10 -> 0 | S10: =D10+I10-N10 -> 0 | T10: =E10+J10-O10 -> 0 | U10: =F10+K10-P10 -> 33 | V10: =G10+L10-Q10 -> 58 | X10: 46267 | Y10: anh ngọc | Z10: XN | AE10: 5
B11: 15/9/2026 | C11: =R10 -> 0 | D11: =S10 -> 0 | F11: =U10 -> 33 | G11: =V10 -> 58 | K11: 50 | P11: =33+11 -> 44 | R11: =C11+H11-M11 -> 0 | S11: =D11+I11-N11 -> 0 | T11: =E11+J11-O11 -> 0 | U11: =F11+K11-P11 -> 39 | V11: =G11+L11-Q11 -> 58 | X11: 46268 | Y11: Quỳnh búp bê | Z11: XN | AA11: 5
B12: 16/9/2026 | C12: =R11 -> 0 | D12: =S11 -> 0 | F12: =U11 -> 39 | G12: =V11 -> 58 | H12: =17+13 -> 30 | K12: 8 | M12: =17+13 -> 30 | P12: 11 | R12: =C12+H12-M12 -> 0 | S12: =D12+I12-N12 -> 0 | T12: =E12+J12-O12 -> 0 | U12: =F12+K12-P12 -> 36 | V12: =G12+L12-Q12 -> 58 | X12: 46268 | Y12: Dung tổ DV | Z12: XN | AA12: 2
B13: 17/9/2026 | C13: =R12 -> 0 | D13: =S12 -> 0 | F13: =U12 -> 36 | G13: =V12 -> 58 | H13: 20 | I13: 20 | K13: 55 | P13: 23 | Q13: 11 | R13: =C13+H13-M13 -> 20 | S13: =D13+I13-N13 -> 20 | T13: =E13+J13-O13 -> 0 | U13: =F13+K13-P13 -> 68 | V13: =G13+L13-Q13 -> 47 | X13: 46269 | Y13: cây xăng hà trung | Z13: BC | AA13: 11
B14: 18/9/2026 | C14: =R13 -> 20 | D14: =S13 -> 20 | F14: =U13 -> 68 | G14: =V13 -> 47 | K14: 50 | M14: 17 | N14: 11 | P14: 12 | Q14: 22 | R14: =C14+H14-M14 -> 3 | S14: =D14+I14-N14 -> 9 | T14: =E14+J14-O14 -> 0 | U14: =F14+K14-P14 -> 106 | V14: =G14+L14-Q14 -> 25 | X14: 46269 | Y14: Huế bán- Cưới hỏi | Z14: XN | AA14: 11
X15: 46269 | Y15: sơn hà tu- the bay | Z15: XN | AA15: 11
X16: 46269 | Y16: café lính | Z16: cty | AA16: 11
X17: 46269 | Y17: đôi cây hk - thị thu | Z17: XN | AA17: 11
X18: 46269 | Y18: vịt biển | Z18: CP | AA18: 11
X19: 46269 | Y19: thuhà lầm | Z19: XN | AA19: 11
X20: 46269 | Y20: cẩm- HG | Z20: XN | AA20: 11
X21: 46269 | Y21: a ngọc - CX | Z21: XN | AA21: 2
X22: 46269 | Y22: Quỳnh búp bê | Z22: XN | AA22: 2
X23: 46269 | Y23: FLC | Z23: BC | AE23: 5
X24: 46270 | Y24: huế bán- Thái Nguyên 1 | Z24: XN | AA24: 55
X25: 46271 | Y25: mai anh- HG | Z25: XN | AA25: 2
X26: 46271 | Y26: tuyết lan | Z26: XN | AA26: 11
X27: 46271 | Y27: Phương- béo | Z27: XN | AE27: 1
X28: 7/9/2026 | Y28: xe điện | AA28: 22
X29: 7/9/2026 | Y29: xe điện | AA29: 17
X30: 7/9/2026 | Y30: Hồng gai ship | Z30: cty | AI30: 1
X31: 7/9/2026 | Y31: Hồng gai ship | Z31: cty | AI31: 1
X32: 8/9/2026 | Y32: E tú ghi số lấy 11 vỉ 500 ship đơn ngõ 14 bãi muối | AA32: 11
Y33: C Huyền lấy 4 vỉ 500 ship 2 đơn | AA33: 4
Y34: Chị hằng cx lấy 3 vỉ 500 | AA34: 3
X35: 10/9/2026 | Y35: 4 vỉ 500ml vào 315 Cao Xanh. Cửa hàng đt Dũng Tí, 098 4312638
Y36: Tươi Đá Trắng số 19 Ba Đèo, 8 bình ion+ 11 vỉ 500 ml, 0915158863, chở đến điêm gọi chị tươi đến bốc
Z103: TỔNG XUẤT | AA103: =SUM(AA6:AA102) -> 279 | AB103: =SUM(AB6:AB102) -> 0 | AC103: =SUM(AC6:AC102) -> 0 | AD103: =SUM(AD6:AD102) -> 0 | AE103: =SUM(AE6:AE102) -> 14 | AF103: =SUM(AF6:AF102) -> 0 | AG103: =SUM(AG6:AG102) -> 0 | AH103: =SUM(AH6:AH102) -> 0 | ... AL103: =SUM(AL6:AL102) -> 0
Z104: Tồn Cuối Kỳ | AA104: =I5+I103-AA103 -> -279 | AB104: =K5+K103-AB103 -> 0 | AC104: =L5+L103-AC103 -> 0 | AD104: =M5+M103-AD103 -> 0 | AE104: =N5+N103-AE103 -> -14 | AF104: =P5+P103-AF103 -> 0 | AG104: =Q5+Q103-AG103 -> 0 | AH104: =R5+R103-AH103 -> 0 | AI104: =S5+S103-AI103 -> -2 | AJ104: =U5+U103-AJ103 -> 119 | AK104: =V5+V103-AK103 -> 30 | AL104: =W5+W103-AL103 -> 0

Sheet TỒN KHO TĂNG ÁP
A1: STT | B1: NGÀY | C1: TỒN ĐẦU KỲ | H1: NHẬP | M1: XUẤT | R1: TỒN CUỐI | Y1: XUẤT
C2: BÌNH RO | D2: BÌNH KIỀM | E2: HỘP 500 | F2: VỈ 500ML | G2: VỈ 350ML | H2: BÌNH RO | I2: BÌNH KIỀM | J2: HỘP 500 | K2: VỈ 500ML | L2: VỈ 350ML | M2: BÌNH RO | N2: BÌNH KIỀM | O2: HỘP 500 | P2: VỈ 500ML | Q2: VỈ 350ML | R2: BÌNH RO | S2: BÌNH KIỀM | T2: HỘP 500 | U2: VỈ 500ML | V2: VỈ 350ML | Y2: Họ tên | Z2: Bộ phận | AA2: Vỉ 500ml | AB2: TẶNG Vỉ 500ml | AC2: Thùng 500 ml | AD2: TẶNG Thùng 500 ml | AE2: Vỉ 350ml | AF2: TẶNG Vỉ 350ml | AG2: Thùng 350 ml | AH2: TẶNG Thùng 350 ml | AI2: Bình Ion | AJ2: TẶNG Bình Ion | AK2: Bình RO | AL2: TẶNG Bình RO
B4: 46273 | D4: 9 | F4: 0 | G4: 16 | I4: 3 | K4: =52+60 -> 112 | L4: 38 | N4: =4+3 -> 7 | P4: =22+22+3+2+4 -> 53 | Q4: =11+3+22 -> 36 | R4: =C4+H4-M4 -> 0 | S4: =D4+I4-N4 -> 5 | T4: =E4+J4-O4 -> 0 | U4: =F4+K4-P4 -> 59 | V4: =G4+L4-Q4 -> 18
B5: 46274 | C5: =R4 -> 0 | D5: =S4 -> 5 | F5: =U4 -> 59 | G5: =V4 -> 18 | I5: 20 | J5: 11 | L5: 40 | M5: =AK70 -> 0 | N5: 3 | O5: 11 | P5: 7 | Q5: 1 | R5: =C5+H5-M5 -> 0 | S5: =D5+I5-N5 -> 22 | T5: =E5+J5-O5 -> 0 | U5: =F5+K5-P5 -> 52 | V5: =G5+L5-Q5 -> 57 | X5: 46262 | Y5: sân Pick star | Z5: Công ty | AA5: 11
B6: 10/9/2026 | C6: =R5 -> 0 | D6: =S5 -> 22 | E6: 11 | F6: =U5 -> 52 | G6: =V5 -> 57 | I6: 22 | K6: 66 | N6: 23 | O6: 11 | P6: 33 | R6: =C6+H6-M6 -> 0 | S6: =D6+I6-N6 -> 21 | T6: =E6+J6-O6 -> 0 | U6: =F6+K6-P6 -> 85 | V6: =G6+L6-Q6 -> 57 | X6: 46262 | Y6: trường LHP | Z6: Bãi Cháy | AE6: 3
B7: 11/9 | C7: =R6 -> 0 | D7: =S6 -> 21 | F7: =U6 -> 85 | G7: =V6 -> 57 | K7: 60 | P7: 6 | S7: =D7+I7-N7 -> 21 | T7: =E7+J7-O7 -> 0 | U7: =F7+K7-P7 -> 139 | V7: =G7+L7-Q7 -> 57 | X7: 46262 | Y7: Huyền GS Hạ Long | Z7: XN | AE7: 3
B8: 12/9/2026 | C8: =R7 -> 0 | D8: =S7 -> 21 | F8: =U7 -> 139 | G8: =V7 -> 57 | L8: 20 | P8: 16 | Q8: 36 | S8: =D8+I8-N8 -> 21 | T8: =E8+J8-O8 -> 0 | U8: =F8+K8-P8 -> 123 | V8: =G8+L8-Q8 -> 41 | X8: 46262 | Y8: xe điện | Z8: XN | AA8: 22
B9: 13/9/2026 | C9: =R8 -> 0 | D9: =S8 -> 21 | F9: =U8 -> 123 | G9: =V8 -> 41 | P9: =46+33 -> 79 | S9: =D9+I9-N9 -> 21 | T9: =E9+J9-O9 -> 0 | U9: =F9+K9-P9 -> 44 | V9: =G9+L9-Q9 -> 41 | X9: 46263 | Y9: Mai ghi số | Z9: XN | AA9: 2
B10: 14/9/2026 | C10: =R9 -> 0 | D10: =S9 -> 21 | F10: =U9 -> 44 | G10: =V9 -> 41 | K10: 50 | N10: 10 | P10: =44+5 -> 49 | S10: =D10+I10-N10 -> 11 | T10: =E10+J10-O10 -> 0 | U10: =F10+K10-P10 -> 45 | V10: =G10+L10-Q10 -> 41 | X10: 46263 | Y10: a Thảo | Z10: XN | AA10: 11
B11: 15/9/2026 | C11: =R10 -> 0 | D11: =S10 -> 11 | F11: =U10 -> 45 | G11: =V10 -> 41 | H11: 4 | I11: 10 | K11: 54 | M11: 4 | N11: 10 | Q11: 2 | S11: =D11+I11-N11 -> 11 | T11: =E11+J11-O11 -> 0 | U11: =F11+K11-P11 -> 99 | V11: =G11+L11-Q11 -> 39 | X11: 46263 | Y11: hương biển | Z11: XN | AA11: 33
B12: 16/9/2026 | C12: =R11 -> 0 | D12: =S11 -> 11 | F12: =U11 -> 99 | G12: =V11 -> 39 | I12: 22 | K12: 58 | N12: 33 | P12: 18 | S12: =D12+I12-N12 -> 0 | T12: =E12+J12-O12 -> 0 | U12: =F12+K12-P12 -> 139 | V12: =G12+L12-Q12 -> 39 | X12: 46263 | Y12: Thùy | Z12: XN | AI12: 2
B13: 17/9/2026 | C13: =R12 -> 0 | D13: =S12 -> 0 | F13: =U12 -> 139 | G13: =V12 -> 39 | K13: 85 | P13: 94 | Q13: 2 | S13: =D13+I13-N13 -> 0 | T13: =E13+J13-O13 -> 0 | U13: =F13+K13-P13 -> 130 | V13: =G13+L13-Q13 -> 37 | X13: 46264 | Y13: Huế đi ship | AA13: 22
B14: 18/9/2026 | C14: =R13 -> 0 | D14: =S13 -> 0 | F14: =U13 -> 130 | G14: =V13 -> 37 | K14: =70+3 -> 73 | P14: 12 | Q14: 11 | S14: =D14+I14-N14 -> 0 | T14: =E14+J14-O14 -> 0 | U14: =F14+K14-P14 -> 191 | V14: =G14+L14-Q14 -> 26 | X14: 46264 | Y14: Tuấn lấy nội bộ | AA14: 2
X15: 46264 | Y15: chi ship đơn CP | AE15: 4
X16: 46264 | Y16: Huế đi ship | AI16: 5
X17: 46264 | Y17: Huế đi ship | AK17: 6
X18: 46266 | Y18: ngõ 1 Lê Thanh Nghị | Z18: BC | AA18: 3
X19: 46266 | Y19: Thùy | Z19: XN | AA19: 5
X20: 46266 | Y20: Huế đi ship | AI20: 2
X21: 46267 | Y21: Huế đi ship | AI21: 4
X22: 46268 | Y22: Quỳnh lấy nội bộ | AK22: 2
X23: 46268 | Y23: sơn Hà tu | Z23: XN | AK23: 3
X24: 46268 | Y24: Nhung | Z24: Công ty | AI24: 2
X25: 46268 | Y25: c nhã nhà trẻ hoa hồng | Z25: Công ty | AI25: 4
X26: 46268 | Y26: xe điện | AA26: 21
X27: 46268 | Y27: Thị Thu | AA27: 12
X28: 46269 | Y28: xe điện | AA28: 22 | AE28: 16
X29: 46269 | Y29: ngà | AI29: 3
X30: 46269 | Y30: liễu | AA30: 2
X31: 46270 | Y31: xe điện | AA31: 33
X32: 46270 | Y32: ngọc anh ship | Z32: BC | AA32: 2
X33: 46270 | Y33: đỗ hà ship | Z33: BC | AA33: 4
X34: 46271 | Y34: đỗ hà ship | Z34: BC | AE34: 2
X35: 46271 | Y35: chi ship | Z35: XN | AI35: 2
X36: 46271 | Y36: đỗ hà ship | Z36: BC | AI36: 2
X37: 46272 | Y37: Xuân | AA37: 3 | AE37: 2 | AI37: 10 | AJ37: 1
X38: 46272 | Y38: Xuân | AA38: 3 | AE38: 2 | AI38: 10 | AJ38: 1
Y39: Mai ghi số | AA39: 2
Y40: xe điện | AA40: 36
Y41: Hằng Bảo vệ | AA41: 6
Y42: phương thủ kho | AK42: 10 | AL42: 1
Y43: nam ( vâu) | AA43: 2
Y44: thùy bảo vệ | AA44: 6
Y45: Thanh ship | AA45: 2
Y46: Sinh | AI46: 4
Y47: xe điện | AA47: 11 | AE47: 33 | AI47: 2
Y48: ub | AK48: 8
Y49: ngà | AK49: 4
X50: 46243 | Y50: Phương+Huế | AA50: 22
Y51: Phương+Huế | AA51: 22
Y52: Phương+Huế | AE52: 11 | AI52: 4
Y53: Xuân | AA53: 3 | AE53: 3
Y54: lại Lan | AA54: 2
Y55: Hằng Bảo vệ | AA55: 4
Y56: Phương+Huế | AE56: 22
Y57: Hằng Bảo vệ ship đơn Đa khoa hoàng anh | AI57: 3
X58: 9/9/2026 | Y58: lại Lan | AI58: 1
Y59: Xuân | AA59: 4
Y60: lại Lan | AA60: 3 | AE60: 1
Y61: Chi | AI61: 2
Y62: xuân | AC62: 11
Z70: TỔNG XUẤT | AA70: =SUM(AA50:AA69) -> 60 | AB70: =SUM(AB50:AB69) -> 0 | AC70: =SUM(AC50:AC69) -> 11 | AD70: =SUM(AD50:AD69) -> 0 | AE70: =SUM(AE50:AE69) -> 37 | AF70: =SUM(AF50:AF69) -> 0 | AG70: =SUM(AG50:AG69) -> 0 | AH70: =SUM(AH50:AH69) -> 0 | ... AL70: =SUM(AL50:AL69) -> 0
Z71: Tồn Cuối Kỳ | AA71: =I5+I125-AA70 -> -40 | AB71: =K5+K125-AB70 -> 0 | AC71: =L5+L125-AC70 -> 29 | AD71: =M5+M125-AD70 -> 0 | AE71: =N5+N125-AE70 -> -34 | AF71: =P5+P125-AF70 -> 7 | AG71: =Q5+Q125-AG70 -> 1 | AH71: =R5+R125-AH70 -> 0 | AI71: =S5+S125-AI70 -> 12 | AJ71: =U5+U125-AJ70 -> 52 | AK71: =V5+V125-AK70 -> 57 | AL71: =W5+W125-AL70 -> 0

Sheet tồn xe
A1: STT | B1: NGÀY | C1: TỒN ĐẦU KỲ | G1: NHẬP | K1: XUẤT | O1: TỒN CUỐI | U1: XUẤT
C2: BÌNH RO | D2: BÌNH KIỀM | E2: VỈ 500ML | F2: VỈ 350ML | G2: BÌNH RO | H2: BÌNH KIỀM | I2: VỈ 500ML | J2: VỈ 350ML | K2: BÌNH RO | L2: BÌNH KIỀM | M2: VỈ 500ML | N2: VỈ 350ML | O2: BÌNH RO | P2: BÌNH KIỀM | Q2: VỈ 500ML | R2: VỈ 350ML | U2: Họ tên | V2: Bộ phận | W2: Vỉ 500ml | X2: TẶNG Vỉ 500ml | Y2: Thùng 500 ml | Z2: TẶNG Thùng 500 ml | AA2: Vỉ 350ml | AB2: TẶNG Vỉ 350ml | AC2: Thùng 350 ml | AD2: TẶNG Thùng 350 ml | AE2: Bình Ion | AF2: TẶNG Bình Ion | AG2: Bình RO | AH2: TẶNG Bình RO
B3: 46273 | E3: 11 | M3: 11 | O3: =C3+G3-K3 -> 0 | P3: =D3+H3-L3 -> 0 | Q3: =E3+I3-M3 -> 0 | R3: =F3+J3-N3 -> 0
B4: 46274 | O4: =C4+G4-K4 -> 0 | P4: =D4+H4-L4 -> 0 | Q4: =E4+I4-M4 -> 0 | R4: =F4+J4-N4 -> 0 | T4: 46243 | U4: Nhà Nghỉ Hà Duy, phố Trần Cao Vân, đường sông 3, 10 vỉ 500ml, ĐT 0977 367679 | W4: 11
B5: 13/9/2026 | I5: =49+8 -> 57 | M5: =22+24 -> 46 | O5: =C5+G5-K5 -> 0 | P5: =D5+H5-L5 -> 0 | Q5: =E5+I5-M5 -> 11 | R5: =F5+J5-N5 -> 0
B6: 14/9/2026 | C6: =O5 -> 0 | D6: =P5 -> 0 | E6: =Q5 -> 11 | F6: =R5 -> 0 | M6: 11 | O6: =C6+G6-K6 -> 0 | P6: =D6+H6-L6 -> 0 | Q6: =E6+I6-M6 -> 0 | R6: =F6+J6-N6 -> 0
B7: 15/9/2026 | C7: =O6 -> 0 | D7: =P6 -> 0 | E7: =Q6 -> 0 | F7: =R6 -> 0 | I7: 33 | M7: =22+11 -> 33 | O7: =C7+G7-K7 -> 0 | P7: =D7+H7-L7 -> 0 | Q7: =E7+I7-M7 -> 0 | R7: =F7+J7-N7 -> 0
B8: 16/9/2026 | C8: =O7 -> 0 | D8: =P7 -> 0 | E8: =Q7 -> 0 | F8: =R7 -> 0 | O8: =C8+G8-K8 -> 0 | P8: =D8+H8-L8 -> 0 | Q8: =E8+I8-M8 -> 0 | R8: =F8+J8-N8 -> 0
B9: 17/9/2026 | C9: =O8 -> 0 | D9: =P8 -> 0 | E9: =Q8 -> 0 | F9: =R8 -> 0 | O9: =C9+G9-K9 -> 0 | P9: =D9+H9-L9 -> 0 | Q9: =E9+I9-M9 -> 0 | R9: =F9+J9-N9 -> 0
B10: 18/9/2026 | C10: =O9 -> 0 | D10: =P9 -> 0 | E10: =Q9 -> 0 | F10: =R9 -> 0 | O10: =C10+G10-K10 -> 0 | P10: =D10+H10-L10 -> 0 | Q10: =E10+I10-M10 -> 0 | R10: =F10+J10-N10 -> 0
U38: Mai ghi số | W38: 2
U39: xe điện | W39: 36
U40: Hằng Bảo vệ | W40: 6
U41: phương thủ kho | AG41: 10 | AH41: 1
U42: nam ( vâu) | W42: 2
U43: thùy bảo vệ | W43: 6
U44: Thanh ship | W44: 2
U45: Sinh | AE45: 4
U46: xe điện | W46: 11 | AA46: 33 | AE46: 2
U47: ub | AG47: 8
U48: ngà | AG48: 4
T49: 46243 | U49: Phương+Huế | W49: 22
U50: Phương+Huế | W50: 22
U51: Phương+Huế | AA51: 11 | AE51: 4
U52: Xuân | W52: 3 | AA52: 3
U53: lại Lan | W53: 2
U54: Hằng Bảo vệ | W54: 4
U55: Phương+Huế | AA55: 22
U56: Hằng Bảo vệ ship đơn Đa khoa hoàng anh | AE56: 3
V69: TỔNG XUẤT | W69: =SUM(W38:W65) -> 118 | X69: =SUM(X38:X65) -> 0 | Y69: =SUM(Y38:Y65) -> 0 | Z69: =SUM(Z38:Z65) -> 0 | AA69: =SUM(AA38:AA65) -> 69 | AB69: =SUM(AB38:AB65) -> 0 | AC69: =SUM(AC38:AC65) -> 0 | AD69: =SUM(AD38:AD65) -> 0 | ... AH69: =SUM(AH38:AH65) -> 1
V70: Tồn Cuối Kỳ | W70: =H4+H124-W69 -> -118 | X70: =I4+I124-X69 -> 0 | Y70: =J4+J124-Y69 -> 0 | Z70: =K4+K124-Z69 -> 0 | AA70: =L4+L124-AA69 -> -69 | AB70: =M4+M124-AB69 -> 0 | AC70: =N4+N124-AC69 -> 0 | AD70: =O4+O124-AD69 -> 0 | ... AH70: =S4+S124-AH69 -> -1

Sheet Tồn kho văn phòng
A1: STT | B1: NGÀY | C1: TỒN ĐẦU KỲ | H1: NHẬP | M1: XUẤT | R1: TỒN CUỐI | Y1: XUẤT
C2: BÌNH RO | D2: BÌNH KIỀM | E2: hộp 500 ml | F2: VỈ 500ML | G2: VỈ 350ML | H2: BÌNH RO | I2: BÌNH KIỀM | J2: hộp 500 ml | K2: VỈ 500ML | L2: VỈ 350ML | M2: BÌNH RO | N2: BÌNH KIỀM | O2: hộp 500 | P2: VỈ 500ML | Q2: VỈ 350ML | R2: BÌNH RO | S2: BÌNH KIỀM | T2: hộp 500 | U2: VỈ 500ML | V2: VỈ 350ML | Y2: Họ tên | Z2: Bộ phận | AA2: Vỉ 500ml | AB2: TẶNG Vỉ 500ml | AC2: Thùng 500 ml | AD2: TẶNG Thùng 500 ml | AE2: Vỉ 350ml | AF2: TẶNG Vỉ 350ml | AG2: Thùng 350 ml | AH2: TẶNG Thùng 350 ml | AI2: Bình Ion | AJ2: TẶNG Bình Ion | AK2: Bình RO | AL2: TẶNG Bình RO
B3: 46273 | R3: =C3+H3-M3 -> 0 | S3: =D3+I3-N3 -> 0 | U3: =F3+K3-P3 -> 0 | V3: =G3+L3-Q3 -> 0
B4: 46274 | K4: 50 | P4: 2 | R4: =C4+H4-M4 -> 0 | S4: =D4+I4-N4 -> 0 | U4: =F4+K4-P4 -> 48 | V4: =G4+L4-Q4 -> 0
B5: 46304 | C5: =R4 -> 0 | D5: =S4 -> 0 | F5: =U4 -> 48 | G5: =V4 -> 0 | K5: 40 | P5: =20+40+13 -> 73 | R5: =C5+H5-M5 -> 0 | S5: =D5+I5-N5 -> 0 | U5: =F5+K5-P5 -> 15 | V5: =G5+L5-Q5 -> 0 | Y5: 9/9 | Z5: Long KD lấy ra đội múa | AA5: 2
B6: 11/9/2026 | C6: =R5 -> 0 | D6: =S5 -> 0 | F6: =U5 -> 15 | G6: =V5 -> 0 | K6: 40 | P6: 4 | R6: =C6+H6-M6 -> 0 | S6: =D6+I6-N6 -> 0 | U6: =F6+K6-P6 -> 51 | V6: =G6+L6-Q6 -> 0 | Y6: 10/9 | Z6: Nhung trả nợ nước hội thao | AA6: 60
B7: 12/9/2026 | C7: =R6 -> 0 | D7: =S6 -> 0 | F7: =U6 -> 51 | G7: =V6 -> 0 | P7: 4 | R7: =C7+H7-M7 -> 0 | S7: =D7+I7-N7 -> 0 | U7: =F7+K7-P7 -> 47 | V7: =G7+L7-Q7 -> 0 | Y7: 10/9 | Z7: Lương Vân Mai | AA7: 2
B8: 13/9/2026 | C8: =R7 -> 0 | D8: =S7 -> 0 | F8: =U7 -> 47 | G8: =V7 -> 0 | P8: =11+7 -> 18 | R8: =C8+H8-M8 -> 0 | S8: =D8+I8-N8 -> 0 | U8: =F8+K8-P8 -> 29 | V8: =G8+L8-Q8 -> 0 | Y8: 10/9 | Z8: Trường Dân tộc nội trú | AA8: 11
B9: 14/9/2026 | C9: =R8 -> 0 | D9: =S8 -> 0 | F9: =U8 -> 29 | G9: =V8 -> 0 | K9: 40 | P9: 40 | R9: =C9+H9-M9 -> 0 | S9: =D9+I9-N9 -> 0 | U9: =F9+K9-P9 -> 29 | V9: =G9+L9-Q9 -> 0 | X9: xuất 40 vỉ 500 cho trạm Hồng Gai
B10: 15/9/2026 | C10: =R9 -> 0 | D10: =S9 -> 0 | F10: =U9 -> 29 | G10: =V9 -> 0 | I10: 11 | N10: 11 | P10: 1 | R10: =C10+H10-M10 -> 0 | S10: =D10+I10-N10 -> 0 | U10: =F10+K10-P10 -> 28 | V10: =G10+L10-Q10 -> 0
B11: 16/9/2026 | C11: =R10 -> 0 | D11: =S10 -> 0 | F11: =U10 -> 28 | G11: =V10 -> 0 | P11: 4 | R11: =C11+H11-M11 -> 0 | S11: =D11+I11-N11 -> 0 | U11: =F11+K11-P11 -> 24 | V11: =G11+L11-Q11 -> 0
B12: 17/9/2026 | C12: =R11 -> 0 | D12: =S11 -> 0 | F12: =U11 -> 24 | G12: =V11 -> 0 | P12: 2 | R12: =C12+H12-M12 -> 0 | S12: =D12+I12-N12 -> 0 | U12: =F12+K12-P12 -> 22 | V12: =G12+L12-Q12 -> 0
B13: 18/9/2026 | C13: =R12 -> 0 | D13: =S12 -> 0 | F13: =U12 -> 22 | G13: =V12 -> 0 | P13: 4 | R13: =C13+H13-M13 -> 0 | S13: =D13+I13-N13 -> 0 | U13: =F13+K13-P13 -> 18 | V13: =G13+L13-Q13 -> 0
Y38: Mai ghi số | AA38: 2
Y39: xe điện | AA39: 36
Y40: Hằng Bảo vệ | AA40: 6
Y41: phương thủ kho | AK41: 10 | AL41: 1
Y42: nam ( vâu) | AA42: 2
Y43: thùy bảo vệ | AA43: 6
Y44: Thanh ship | AA44: 2
Y45: Sinh | AI45: 4
Y46: xe điện | AA46: 11 | AE46: 33 | AI46: 2
Y47: ub | AK47: 8
Y48: ngà | AK48: 4
X49: 46243 | Y49: Phương+Huế | AA49: 22
Y50: Phương+Huế | AA50: 22
Y51: Phương+Huế | AE51: 11 | AI51: 4
Y52: Xuân | AA52: 3 | AE52: 3
Y53: lại Lan | AA53: 2
Y54: Hằng Bảo vệ | AA54: 4
Y55: Phương+Huế | AE55: 22
Y56: Hằng Bảo vệ ship đơn Đa khoa hoàng anh | AI56: 3
Z69: TỔNG XUẤT | AA69: =SUM(AA38:AA65) -> 118 | AB69: =SUM(AB38:AB65) -> 0 | AC69: =SUM(AC38:AC65) -> 0 | AD69: =SUM(AD38:AD65) -> 0 | AE69: =SUM(AE38:AE65) -> 69 | AF69: =SUM(AF38:AF65) -> 0 | AG69: =SUM(AG38:AG65) -> 0 | AH69: =SUM(AH38:AH65) -> 0 | ... AL69: =SUM(AL38:AL65) -> 1
Z70: Tồn Cuối Kỳ | AA70: =I4+I124-AA69 -> -118 | AB70: =K4+K124-AB69 -> 50 | AC70: =L4+L124-AC69 -> 0 | AD70: =M4+M124-AD69 -> 0 | AE70: =N4+N124-AE69 -> -69 | AF70: =P4+P124-AF69 -> 2 | AG70: =Q4+Q124-AG69 -> 0 | AH70: =R4+R124-AH69 -> 0 | AI70: =S4+S124-AI69 -> -13 | AJ70: =U4+U124-AJ69 -> 48 | AK70: =V4+V124-AK69 -> -22 | AL70: =W4+W124-AL69 -> -1

Sheet TỒN KHO HÀ LẦM
A1: STT | B1: NGÀY | C1: TỒN ĐẦU KỲ | H1: NHẬP | M1: XUẤT | R1: TỒN CUỐI | Y1: XUẤT
C2: BÌNH RO | D2: BÌNH KIỀM | E2: hộp 500 ml | F2: VỈ 500ML | G2: VỈ 350ML | H2: BÌNH RO | I2: BÌNH KIỀM | J2: hộp 500 ml | K2: VỈ 500ML | L2: VỈ 350ML | M2: BÌNH RO | N2: BÌNH KIỀM | O2: hộp 500 | P2: VỈ 500ML | Q2: VỈ 350ML | R2: BÌNH RO | S2: BÌNH KIỀM | T2: hộp 500 | U2: VỈ 500ML | V2: VỈ 350ML | Y2: Họ tên | Z2: Bộ phận | AA2: Vỉ 500ml | AB2: TẶNG Vỉ 500ml | AC2: Thùng 500 ml | AD2: TẶNG Thùng 500 ml | AE2: Vỉ 350ml | AF2: TẶNG Vỉ 350ml | AG2: Thùng 350 ml | AH2: TẶNG Thùng 350 ml | AI2: Bình Ion | AJ2: TẶNG Bình Ion | AK2: Bình RO | AL2: TẶNG Bình RO
B3: 46273 | R3: =C3+H3-M3 -> 0 | S3: =D3+I3-N3 -> 0 | U3: =F3+K3-P3 -> 0 | V3: =G3+L3-Q3 -> 0
B4: 46274 | K4: 50 | P4: 2 | R4: =C4+H4-M4 -> 0 | S4: =D4+I4-N4 -> 0 | U4: =F4+K4-P4 -> 48 | V4: =G4+L4-Q4 -> 0
B5: 46304 | C5: =R4 -> 0 | D5: =S4 -> 0 | F5: =U4 -> 48 | G5: =V4 -> 0 | K5: 40 | P5: =20+40+13 -> 73 | R5: =C5+H5-M5 -> 0 | S5: =D5+I5-N5 -> 0 | U5: =F5+K5-P5 -> 15 | V5: =G5+L5-Q5 -> 0 | Y5: 9/9 | Z5: Long KD lấy ra đội múa | AA5: 2
B6: 11/9/2026 | C6: =R5 -> 0 | D6: =S5 -> 0 | F6: =U5 -> 15 | G6: =V5 -> 0 | K6: 40 | P6: 4 | R6: =C6+H6-M6 -> 0 | S6: =D6+I6-N6 -> 0 | U6: =F6+K6-P6 -> 51 | V6: =G6+L6-Q6 -> 0 | Y6: 10/9 | Z6: Nhung trả nợ nước hội thao | AA6: 60
B7: 14/9/2026 | K7: 17 | L7: 30 | R7: =C7+H7-M7 -> 0 | S7: =D7+I7-N7 -> 0 | T7: =E7+J7-O7 -> 0 | U7: =F7+K7-P7 -> 17 | V7: =G7+L7-Q7 -> 30
B8: 15/9/2026 | C8: =R7 -> 0 | D8: =S7 -> 0 | E8: =T7 -> 0 | F8: =U7 -> 17 | G8: =V7 -> 30 | R8: =C8+H8-M8 -> 0 | S8: =D8+I8-N8 -> 0 | T8: =E8+J8-O8 -> 0 | U8: =F8+K8-P8 -> 17 | V8: =G8+L8-Q8 -> 30
B9: 16/9/2026 | C9: =R8 -> 0 | D9: =S8 -> 0 | E9: =T8 -> 0 | F9: =U8 -> 17 | G9: =V8 -> 30 | R9: =C9+H9-M9 -> 0 | S9: =D9+I9-N9 -> 0 | T9: =E9+J9-O9 -> 0 | U9: =F9+K9-P9 -> 17 | V9: =G9+L9-Q9 -> 30
B10: 17/9/2026 | C10: =R9 -> 0 | D10: =S9 -> 0 | E10: =T9 -> 0 | F10: =U9 -> 17 | G10: =V9 -> 30 | R10: =C10+H10-M10 -> 0 | S10: =D10+I10-N10 -> 0 | T10: =E10+J10-O10 -> 0 | U10: =F10+K10-P10 -> 17 | V10: =G10+L10-Q10 -> 30
B11: 18/9/2026 | C11: =R10 -> 0 | D11: =S10 -> 0 | E11: =T10 -> 0 | F11: =U10 -> 17 | G11: =V10 -> 30 | R11: =C11+H11-M11 -> 0 | S11: =D11+I11-N11 -> 0 | T11: =E11+J11-O11 -> 0 | U11: =F11+K11-P11 -> 17 | V11: =G11+L11-Q11 -> 30
Y36: Mai ghi số | AA36: 2
Y37: xe điện | AA37: 36
Y38: Hằng Bảo vệ | AA38: 6
Y39: phương thủ kho | AK39: 10 | AL39: 1
Y40: nam ( vâu) | AA40: 2
Y41: thùy bảo vệ | AA41: 6
Y42: Thanh ship | AA42: 2
Y43: Sinh | AI43: 4
Y44: xe điện | AA44: 11 | AE44: 33 | AI44: 2
Y45: ub | AK45: 8
Y46: ngà | AK46: 4
X47: 46243 | Y47: Phương+Huế | AA47: 22
Y48: Phương+Huế | AA48: 22
Y49: Phương+Huế | AE49: 11 | AI49: 4
Y50: Xuân | AA50: 3 | AE50: 3
Y51: lại Lan | AA51: 2
Y52: Hằng Bảo vệ | AA52: 4
Y53: Phương+Huế | AE53: 22
Y54: Hằng Bảo vệ ship đơn Đa khoa hoàng anh | AI54: 3
Z67: TỔNG XUẤT | AA67: =SUM(AA36:AA63) -> 118 | AB67: =SUM(AB36:AB63) -> 0 | AC67: =SUM(AC36:AC63) -> 0 | AD67: =SUM(AD36:AD63) -> 0 | AE67: =SUM(AE36:AE63) -> 69 | AF67: =SUM(AF36:AF63) -> 0 | AG67: =SUM(AG36:AG63) -> 0 | AH67: =SUM(AH36:AH63) -> 0 | ... AL67: =SUM(AL36:AL63) -> 1
Z68: Tồn Cuối Kỳ | AA68: =I4+I122-AA67 -> -118 | AB68: =K4+K122-AB67 -> 50 | AC68: =L4+L122-AC67 -> 0 | AD68: =M4+M122-AD67 -> 0 | AE68: =N4+N122-AE67 -> -69 | AF68: =P4+P122-AF67 -> 2 | AG68: =Q4+Q122-AG67 -> 0 | AH68: =R4+R122-AH67 -> 0 | AI68: =S4+S122-AI67 -> -13 | AJ68: =U4+U122-AJ67 -> 48 | AK68: =V4+V122-AK67 -> -22 | AL68: =W4+W122-AL67 -> -1

Sheet nhập từ CP
A1: STT | B1: Ngày | C1: Kho tăng áp | H1: Kho chị Huế | L1: Kho văn phòng | P1: Kho Hà Lầm | T1: Ghi chú
C2: Bình ro | D2: Bình ion | E2: vỉ 500ml | F2: thùng 500 | G2: vỉ 350 ml | H2: Bình ro | I2: Bình ion | J2: vỉ 500ml | K2: vỉ 350 ml | L2: Bình ro | M2: Bình ion | N2: vỉ 500ml | O2: vỉ 350 ml | P2: Bình ro | Q2: Bình ion | R2: vỉ 500ml | S2: vỉ 350 ml
A4: 1 | B4: 46273 | E4: 60 | J4: 120
A5: 2 | B5: 46274 | D5: 20 | E5: 50 | F5: 11 | G5: 40 | J5: 50 | N5: 50
A6: 3 | B6: 46275 | D6: 22 | E6: 66 | N6: 40
A7: 4 | B7: 46276 | N7: 40
A8: 5 | B8: 46277
A9: 6 | B9: 46278
A10: 7 | B10: 46279 | E10: 90 | J10: 38 | K10: 50 | M10: 14+1 (11 úp +4 vòi) | N10: 50 | O10: 2 | R10: 17 | S10: 30 | T10: kho vp nhập đơn Bảo hiểm Bưu Điện
A11: 8 | B11: 46280 | C11: 4 | D11: 10 | E11: 54 | J11: 50 | M11: 11
A12: 9 | B12: 46281 | E12: 58 | H12: =17+13 -> 30 | I12: 22 | J12: 8
A13: 10 | B13: 46282 | E13: 85 | H13: 20 | I13: 20 | J13: 55
A14: 11 | B14: 46283 | E14: 70 | J14: 50 | M14: 33
A15: 12 | B15: 46284
A16: 13 | B16: 46285
A17: 14 | B17: 46286
A18: 15 | B18: 46287
A19: 16 | B19: 46288
A20: 17 | B20: 46289
A21: 18 | B21: 46290
A22: 19 | B22: 46291
A23: 20 | B23: 46292
A24: 21 | B24: 46293
A25: 22 | B25: 46294
A26: 23 | B26: 46295
