Workbook

Sheet XUẤT
A1: ĐIỀU PHỐI QUAROMI | M1: CHỈ TIÊU | AA1: VẬN CHUYỂN
A3: STT | B3: Ngày | C3: Đơn hàng | D3: Công việc | E3: Kho | F3: Số lượng | J3: Người thực hiện | K3: Hỗ Trợ (trạm QL) | L3: Kết quả | M3: Chỉ tiêu | N3: Chỉ tiêu CBCNV | O3: Sản phẩm | P3: Số lượng | X3: Đơn giá | Y3: Doanh thu | Z3: Thu tiền | AA3: Người vận chuyển | AB3: Số lượng | AC3: Số tiền | AD3: GHI CHÚ
M4: XN/CTY | N4: CBCNV | P4: Vỉ 500ml | Q4: Vỉ 350 ml | R4: Hộp 500ml | S4: Hộp 350ml | T4: Bình kiềm | U4: Bình RO | V4: KM | W4: Cộng
F5: 350 | G5: 500 | H5: Bình RO | I5: Bình Kiềm | P5: =SUBTOTAL(9,P6:P268) -> 255 | Q5: =SUBTOTAL(9,Q6:Q268) -> 144 | R5: =SUBTOTAL(9,R6:R268) -> 0 | S5: =SUBTOTAL(9,S6:S268) -> 0 | T5: =SUBTOTAL(9,T6:T268) -> 18 | U5: =SUBTOTAL(9,U6:U268) -> 95 | V5: =SUBTOTAL(9,V6:V268) -> 39 | W5: =SUBTOTAL(9,W6:W173) -> 551 | AB5: =SUBTOTAL(9,AB6:AB173) -> 496 | AC5: =SUBTOTAL(9,AC6:AC173) -> 2495000
A6: 1 | B6: 29/9/2026 | C6: ơi mai cho chị đăng kí 30 +3 RO vòi và 10 vỉ 500 em nhé .(VPUB Tỉnh QN).Chiều mai em nhé . 0977446067 | D6: vận chuyển | E6: Tăng áp | G6: 11 | J6: Anh Hoàng Bảo vệ, trạm Hạ Lomg | L6: hoàn thành | M6: Xí nghiệp | N6: Trần Lệ Hoa | O6: Bình RO | U6: 30 | V6: 3 | W6: =SUM(P6:V6) -> 33 | X6: =SUMIFS('Đơn giá'!C:C,'Đơn giá'!B:B,XUẤT!O6) -> 48000 | Y6: =X6*U6 -> 1440000 | AA6: Tô Phương, Phương lái xe | AB6: =W6-V6 -> 30 | AC6: =AB6*5000 -> 150000
A7: 2 | B7: 29/9/2026 | C7: 10 vỉ 350ml + 1 km đến lideco hộ em với nhé! Giao càng sớm càng tốt chị ạ!! | D7: vận chuyển | E7: Hồng Gai | G7: 11 | J7: Tô Phương, Phương lái xe | L7: hoàn thành | M7: Miền Đông | N7: Hiển | O7: Vỉ 350ml | Q7: 10 | V7: 1 | W7: =SUM(P7:V7) -> 11 | X7: =SUMIFS('Đơn giá'!C:C,'Đơn giá'!B:B,XUẤT!O7) -> 85000 | Y7: =X7*Q7 -> 850000 | AA7: Tô Phương, Phương lái xe | AB7: =W7-V7 -> 10 | AC7: =AB7*5000 -> 50000
A8: 3 | B8: 29/9/2026 | C8: Thư Tuyền PXD: E ơi ship giúp c 10 +1 vỉ 500ml (980k) đến nhà chú Thắng ở tổ 13 khu phố Hà Trung 2 (tầm 11h-11r chú ấy đi làm về) +84972133886. | D8: vận chuyển | E8: Tăng áp | G8: 11 | J8: Tô Phương, Phương lái xe | L8: hoàn thành | M8: Công ty | N8: Thư tuyền PXD | O8: Vỉ 500ml | P8: 10 | V8: 1 | W8: =SUM(P8:V8) -> 11 | X8: =SUMIFS('Đơn giá'!C:C,'Đơn giá'!B:B,XUẤT!O8) -> 98000 | Y8: =X8*P8 -> 980000 | Z8: CK29/9 | AA8: Tô Phương, Phương lái xe | AB8: =W8-V8 -> 10 | AC8: =AB8*5000 -> 50000
A9: 4 | B9: 29/9/2026 | C9: Minh HUệ PQT: 10+1 vỉ 350ml đến Lan Bò Quán, 6A Lê Thánh Tông, 089 8083222 ( CHiều ship, thu tiền luôn) | D9: vận chuyển | E9: Hà Lầm | G9: 11 | J9: Tô Phương, Phương lái xe | L9: hoàn thành | M9: Công ty | N9: Minh Huệ | O9: Vỉ 350ml | Q9: 10 | V9: 1 | W9: =SUM(P9:V9) -> 11 | X9: =SUMIFS('Đơn giá'!C:C,'Đơn giá'!B:B,XUẤT!O9) -> 85000 | Y9: =X9*Q9 -> 850000 | AA9: Tô Phương, Phương lái xe | AB9: =W9-V9 -> 10 | AC9: =AB9*5000 -> 50000
A10: 5 | B10: 29/9/2026 | C10: :Nguyễn Hải Ninh phòng KT đki 10+1 vỉ 500ml ship đến địa chỉ: Số nhà 260 tổ 61 khu Cao Thắng 7 phường Hà Lầm - sđt: 083 3762848 THU TIỀN LUÔN | D10: vận chuyển | E10: Hồng Gai | G10: 16 | J10: Tô Phương, Phương lái xe | L10: hoàn thành | M10: Công ty | N10: Hải Ninh | O10: Vỉ 500ml | P10: 10 | V10: 1 | W10: =SUM(P10:V10) -> 11 | X10: =SUMIFS('Đơn giá'!C:C,'Đơn giá'!B:B,XUẤT!O10) -> 98000 | Y10: =X10*P10 -> 980000 | AA10: Tô Phương, Phương lái xe | AB10: =W10-V10 -> 10 | AC10: =AB10*5000 -> 50000
A11: 1 | B11: 30/9/2026 | C11: Nguyễn Thái Sơn phòng KT đki 15+1 vỉ 350ml đến trường mầm non Hạ long, 0904110068, THU TIỀN LUÔN | D11: vận chuyển | E11: Hồng Gai | J11: Tô Phương, Phương lái xe | M11: Công ty | N11: Thái Sơn | O11: Vỉ 350ml | Q11: 15 | V11: 1 | W11: =SUM(P11:V11) -> 16 | X11: =SUMIFS('Đơn giá'!C:C,'Đơn giá'!B:B,XUẤT!O11) -> 85000 | Y11: =X11*Q11 -> 1275000 | AA11: Tô Phương, Phương lái xe | AB11: =W11-V11 -> 15 | AC11: =AB11*5000 -> 75000
A12: 2 | B12: 30/9/2026 | C12: Công ty cổ phần xe khách quảng ninhTổ 4 phường hạ long, 5 bình RO, THU CỌC 300.000 | D12: vận chuyển | E12: Tăng áp | G12: 11 | J12: Tô Phương, Phương lái xe | L12: hoàn thành | M12: Xí nghiệp | N12: Dung ghi số Hạ Long | O12: Bình RO | U12: 5 | W12: =SUM(P12:V12) -> 5 | X12: =SUMIFS('Đơn giá'!C:C,'Đơn giá'!B:B,XUẤT!O12) -> 48000 | Y12: =X12*U12 -> 240000 | AA12: Tô Phương, Phương lái xe | AB12: =W12-V12 -> 5 | AC12: =AB12*5000 -> 25000
A13: 3 | B13: 30/9/2026 | C13: Số nhà 41 tổ 6 khu 5. Đi vào ngõ 56 cạnh công an phường Hạ long (đối diện chợ Hồng Hà), lên thẳng dốc, nhà đối diện nhà văn hoá khu 5, 0913265778, 10+1 vỉ 500 m | D13: vận chuyển | G13: 5 | J13: Tô Phương, Phương lái xe | M13: Xí nghiệp | N13: Nguyễn Thị Huy | O13: Vỉ 500ml | P13: 10 | V13: 1 | W13: =SUM(P13:V13) -> 11 | X13: =SUMIFS('Đơn giá'!C:C,'Đơn giá'!B:B,XUẤT!O13) -> 98000 | Y13: =X13*P13 -> 980000 | AA13: Tô Phương, Phương lái xe | AB13: =W13-V13 -> 10 | AC13: =AB13*5000 -> 50000
A14: 4 | B14: 30/9/2026 | C14: Bảo Long PCN: SN 11 kho gạo Yết Kiêu - 0963069266 - ship luôn 5 vỉ 500ml thu tiền luôn | E14: Tăng áp | J14: Tô Phương, Phương lái xe | M14: Công ty | N14: Bảo Long PCN | O14: Vỉ 500ml | P14: 5 | W14: =SUM(P14:V14) -> 5 | X14: =SUMIFS('Đơn giá'!C:C,'Đơn giá'!B:B,XUẤT!O14) -> 98000 | Y14: =X14*P14 -> 490000 | Z14: CK1/10 | AA14: Tô Phương, Phương lái xe | AB14: =W14-V14 -> 5 | AC14: =AB14*5000 -> 25000
A15: 5 | B15: 30/9/2026 | C15: UBND phường Hạ Long 10 bình Ro | D15: vận chuyển | E15: Tăng áp | G15: 2 | J15: Tô Phương, Phương lái xe chở hàng | K15: Trạm Hạ Long | L15: hoàn thành | M15: Xí nghiệp | N15: Nguyễn Văn Sơn | O15: Bình RO | U15: 10 | V15: 1 | W15: =SUM(P15:V15) -> 11 | X15: =SUMIFS('Đơn giá'!C:C,'Đơn giá'!B:B,XUẤT!O15) -> 48000 | Y15: =X15*U15 -> 480000 | AA15: Tô Phương, Phương lái xe | AB15: =W15-V15 -> 10 | AC15: =AB15*5000 -> 50000
A16: 6 | B16: 30/9/2026 | C16: 3 vỉ 350 sang trường mâm non Hạ Long, thu tiền luôn 0904110068 | D16: vận chuyển | E16: Hồng Gai | G16: 5 | J16: Tô Phương, Phương lái xe | M16: Xí nghiệp | N16: Đoàn Thị Nhung | O16: Vỉ 350ml | Q16: 3 | W16: =SUM(P16:V16) -> 3 | X16: =SUMIFS('Đơn giá'!C:C,'Đơn giá'!B:B,XUẤT!O16) -> 85000 | Y16: =Q16*X16 -> 255000 | Z16: Thảo Pý Cẩm Phả thu tiền | AA16: Đinh Thu Huế | AB16: =W16-V16 -> 3 | AC16: =AB16*5000 -> 15000
A17: 7 | B17: 30/9/2026 | C17: chuyển sang cho chị 5 vỉ nước 500m, 0972502235, để sảnh chung cư sapphre | D17: vận chuyển | E17: Hồng Gai | J17: Tô Phương, Phương lái xe | M17: Uông Bí | N17: Thúy Nghĩa | O17: Vỉ 500ml | P17: 5 | W17: =SUM(P17:V17) -> 5 | X17: =SUMIFS('Đơn giá'!C:C,'Đơn giá'!B:B,XUẤT!O17) -> 98000 | Y17: =P17*X17 -> 490000 | AA17: Tô Phương, Phương lái xe | AB17: =W17-V17 -> 5 | AC17: =AB17*5000 -> 25000
B18: 30/9/2026 | C18: Hùng kều trạm | D18: vận chuyển | E18: Tăng áp | G18: 5 | J18: Vũ Mạnh Hùng | M18: Xí nghiệp | N18: Vũ Mạnh Hùng | O18: Bình kiềm | T18: 1 | W18: =SUM(P18:V18) -> 1 | X18: =SUMIFS('Đơn giá'!C:C,'Đơn giá'!B:B,XUẤT!O18) -> 52000 | Y18: =T18*X18 -> 52000 | AA18: Vũ Mạnh Hùng | AB18: =W18-V18 -> 1 | AC18: =AB18*5000 -> 5000
B19: 30/9/2026 | C19: Áo cưới 5 vỉ 350 ( Viết hóa đơn cho VNPT của chị Lan Bình) | D19: vận chuyển | E19: Hồng Gai | J19: Đinh Thu Huế | M19: Xí nghiệp | N19: Phạm Phương Dung | O19: Vỉ 350ml | Q19: 5 | W19: =SUM(P19:V19) -> 5 | X19: =SUMIFS('Đơn giá'!C:C,'Đơn giá'!B:B,XUẤT!O19) -> 85000 | Y19: =Q19*X19 -> 425000 | AA19: Đinh Thu Huế | AB19: =W19-V19 -> 5 | AC19: =AB19*5000 -> 25000
A20: 8 | B20: 30/9/2026 | C20: Xuân trạm 3 bình ion | D20: vận chuyển | E20: Tăng áp | G20: 22 | J20: Lê Thanh Xuân | L20: hoàn thành | M20: Xí nghiệp | N20: Lê Thanh Xuân | O20: Bình kiềm | T20: 3 | W20: =SUM(P20:V20) -> 3 | X20: =SUMIFS('Đơn giá'!C:C,'Đơn giá'!B:B,XUẤT!O20) -> 52000 | Y20: =T20*X20 -> 156000 | AA20: Lê Thanh Xuân | AB20: =W20-V20 -> 3 | AC20: =AB20*5000 -> 15000
A21: 1 | B21: 1/10 | C21: Minh Hue PQT: Số nhà 09, đường lương đình của, cạnh công ty xe khách quảng ninh. Phía sau lưng UBND phường hạ Long 0355047656 : ship khách 20 vỉ 350ml, 2 vỉ Minh Huệ qua xí nghiệp lấy (Minh HUệ thanh toán tiền) | D21: vận chuyển | E21: Tăng áp | G21: 33 | J21: Tô Phương, Phương lái xe | L21: hoàn thành | M21: Công ty | N21: Minh Huệ | O21: Vỉ 350ml | Q21: 20 | V21: 2 | W21: =SUM(P21:V21) -> 22 | X21: =SUMIFS('Đơn giá'!C:C,'Đơn giá'!B:B,XUẤT!O21) -> 85000 | Y21: =Q21*X21 -> 1700000 | AA21: Tô Phương, Phương lái xe | AB21: =W21-V21 -> 20 | AC21: =AB21*5000 -> 100000
A22: 2 | B22: 1/10 | C22: 1 đơn 30 +3 vỉ 500ml tạp hóa cô sinh chợ cao xanh 3h chiều, chị Huế tự bốc | D22: vận chuyển | E22: Hồng Gai | G22: 11 | J22: Đinh Thu Huế | L22: hoàn thành | M22: Xí nghiệp | N22: Đinh Thu Huế | O22: Vỉ 500ml | P22: 30 | V22: 3 | W22: =SUM(P22:V22) -> 33 | X22: =SUMIFS('Đơn giá'!C:C,'Đơn giá'!B:B,XUẤT!O22) -> 98000 | Y22: =X22*P22 -> 2940000 | AA22: Đinh Thu Huế | AB22: =W22-V22 -> 30 | AC22: =AB22*5000 -> 150000
A23: 3 | B23: 1/10 | C23: E ơi cho chị đk 10 vỉ tặng 1 ở quán bia Cây Dừa sáng nay nhé (chị Cúc) | D23: vận chuyển | E23: Tăng áp | G23: 5 | J23: Tô Phương, Phương lái xe | L23: hoàn thành | M23: Xí nghiệp | N23: Tăng Thị Cúc | O23: Vỉ 500ml | P23: 10 | V23: 1 | W23: =SUM(P23:V23) -> 11 | X23: =SUMIFS('Đơn giá'!C:C,'Đơn giá'!B:B,XUẤT!O23) -> 98000 | Y23: =P23*X23 -> 980000 | AA23: Tô Phương, Phương lái xe | AB23: =W23-V23 -> 10 | AC23: =AB23*5000 -> 50000
A24: 4 | B24: 1/10 | C24: Cho chị 5 vỉ 500 nhà máy đóng tàu hạ Long, 0968244602 | D24: vận chuyển | E24: Bãi Cháy | G24: 11 | J24: Tô Phương, Phương lái xe | L24: hoàn thành | M24: Xí nghiệp | N24: Nguyễn Thị Hiếu | O24: Vỉ 500ml | P24: 5 | W24: =SUM(P24:V24) -> 5 | X24: =SUMIFS('Đơn giá'!C:C,'Đơn giá'!B:B,XUẤT!O24) -> 98000 | Y24: =X24*P24 -> 490000 | Z24: CK1/10 | AA24: Kim Anh Bãi Cháy | AB24: =W24-V24 -> 5 | AC24: =AB24*5000 -> 25000
A25: 5 | B25: 1/10 | C25: 10+1 bình Ro đến Lideco bãi muối, ĐT0369946536 | D25: vận chuyển | E25: Tăng áp | G25: 3 | J25: Tô Phương, Phương lái xe | K25: Trạm Hà Lầm | L25: hoàn thành | M25: Xí nghiệp | N25: Nguyễn Thị Thu Hiên | O25: Bình RO | U25: 10 | V25: 1 | W25: =SUM(P25:V25) -> 11 | X25: =SUMIFS('Đơn giá'!C:C,'Đơn giá'!B:B,XUẤT!O25) -> 48000 | Y25: =U25*X25 -> 480000 | AA25: Tô Phương, Phương lái xe | AB25: =W25-V25 -> 10 | AC25: =AB25*5000 -> 50000
A26: 6 | B26: 1/10 | C26: 3 Bình Ro đến quảng trường, ĐT0355922271 | D26: vận chuyển | E26: Tăng áp | G26: 11 | J26: Tô Phương, Phương lái xe | L26: hoàn thành | M26: Xí nghiệp | N26: Nguyễn Thị Thu Hiên | O26: Bình RO | U26: 3 | W26: =SUM(P26:V26) -> 3 | X26: =SUMIFS('Đơn giá'!C:C,'Đơn giá'!B:B,XUẤT!O26) -> 48000 | Y26: =U26*X26 -> 144000 | AA26: Tô Phương, Phương lái xe | AB26: =W26-V26 -> 3 | AC26: =AB26*5000 -> 15000
A27: 7 | B27: 1/10 | C27: 10 +1 bình nước thường : Melatect Cao Xanh, ĐT 0377218927 | D27: vận chuyển | E27: Hồng Gai | G27: 11 | J27: Tô Phương, Phương lái xe | K27: Trạm Cao Xanh | L27: hoàn thành | M27: Xí nghiệp | N27: Bùi Ngọc Nguyên | O27: Bình RO | U27: 10 | V27: 1 | W27: =SUM(P27:V27) -> 11 | X27: =SUMIFS('Đơn giá'!C:C,'Đơn giá'!B:B,XUẤT!O27) -> 48000 | Y27: =U27*X27 -> 480000 | AA27: Nguyễn Thị Thúy Hằng | AB27: =W27-V27 -> 10 | AC27: =AB27*5000 -> 50000
A28: 8 | B28: 1/10 | C28: Trường THPT Hạ Long (C Hà) đăng ký 10 +1 vỉ loại 350ml ( màng co); viết hóa đơn về cho trường nhé, '0867339411 | D28: vận chuyển | E28: Tăng áp | G28: 11 | J28: Tô Phương, Phương lái xe | L28: hoàn thành | M28: Xí nghiệp | N28: Trương Thị Hải Yến | O28: Vỉ 350ml | Q28: 10 | V28: 1 | W28: =SUM(P28:V28) -> 11 | X28: =SUMIFS('Đơn giá'!C:C,'Đơn giá'!B:B,XUẤT!O28) -> 85000 | Y28: =Q28*X28 -> 850000 | AA28: Tô Phương, Phương lái xe | AB28: =W28-V28 -> 10 | AC28: =AB28*5000 -> 50000
A29: 9 | B29: 1/10 | C29: Hóa chất mỏ Quảng Ninh, 17 bình RO + 12 vỉ 500 + 2 vỉ 350 trả nợ tháng 9 bao gồm nợ khuyến mại | D29: vận chuyển | E29: Xe Cẩm Phả chở | J29: Đinh Thu Huế | K29: Trạm Cao Xanh | L29: hoàn thành | M29: Xí nghiệp | N29: Trương Thị Hải Yến | O29: Vỉ 350ml | Q29: 2 | W29: =SUM(P29:V29) -> 2 | X29: 85000 | Y29: =Q29*X29 -> 170000 | AA29: Tô Phương, Phương lái xe | AB29: =W29-V29 -> 2 | AC29: =AB29*5000 -> 10000
B30: 1/10 | L30: hoàn thành | M30: Xí nghiệp | N30: Trương Thị Hải Yến | O30: Bình RO | U30: 16 | V30: 1 | W30: =SUM(P30:V30) -> 17
A31: 10 | B31: 1/10 | C31: Mai Hạnh PXD: 5 bình nc có vòi ion kiềm Đến 71 giếng đồn 0334624668 (THU TIỀN LUÔN - Khách cần ship luôn) | D31: vận chuyển | E31: Hồng Gai | F31: 15 | J31: Tô Phương, Phương lái xe | L31: hoàn thành | M31: Công ty | O31: Bình kiềm | T31: 5 | W31: =SUM(P31:V31) -> 5 | X31: =SUMIFS('Đơn giá'!C:C,'Đơn giá'!B:B,XUẤT!O31) -> 52000 | Y31: =T31*X31 -> 260000 | Z31: CK2/10+cọc 300k | AA31: Tô Phương, Phương lái xe | AB31: =W31-V31 -> 5 | AC31: =AB31*5000 -> 25000
A32: 11 | B32: 1/10 | C32: Cô Vân +84983132288 Trường tiểu học Quang Trung. Cơ sở 2 đối diện Go ấy ship 14+1 vỉ 350ml (A HÙng Quế thanh toán) | D32: vận chuyển | E32: Tăng áp | F32: 3 | J32: Đan Thanh, chị Hoa, Chị Vượng | L32: hoàn thành | M32: Công ty | N32: Hùng Quế | O32: Vỉ 350ml | Q32: 14 | V32: 1 | W32: =SUM(P32:V32) -> 15 | X32: 85000 | Y32: =T32+X32 -> 85000 | AA32: Tô Phương, Phương lái xe | AB32: =W32-V32 -> 14 | AC32: =AB32*5000 -> 70000
A33: 12 | B33: 1/10 | C33: Em ơi cho chị 3 vỉ 500 đến nhà máy đóng tàu nhé, ĐT0968244602 | D33: vận chuyển | E33: Bãi Cháy | J33: Kim Anh BC | L33: hoàn thành | M33: Xí nghiệp | N33: Nguyễn Thị Hiếu | O33: Vỉ 500ml | P33: 3 | W33: =SUM(P33:V33) -> 3 | X33: 85000 | Y33: =T33+X33 -> 85000 | AA33: Kim Anh Bãi Cháy | AB33: =W33-V33 -> 3 | AC33: =AB33*5000 -> 15000
A34: 13 | B34: 1/10 | C34: Bùi Linh XD: 1 bình kiềm đến KS Aurara cọt 3 thu tiền luôn 0903026655, THU CỌC 60.000đ | D34: vận chuyển | E34: Tăng áp | F34: 6 | J34: Chị Huy | L34: hoàn thành | M34: Công ty | N34: Bùi Linh PXD | O34: Bình kiềm | T34: 1 | W34: =SUM(P34:V34) -> 1 | X34: =SUMIFS('Đơn giá'!C:C,'Đơn giá'!B:B,XUẤT!O34) -> 52000 | Y34: =T34*X34 -> 52000 | Z34: TM1/10 | AA34: Nguyễn Thị Huy | AB34: =W34-V34 -> 1 | AC34: =AB34*5000 -> 5000
A35: 28 | B35: 1/10 | C35: Vũ Anh BKs: Ship chị 6 vỉ 350ml Đến trường mầm non uk ha long, Khách hàng viết hoá đơn | D35: vận chuyển | E35: Hồng Gai | J35: Đinh Thu Huế | L35: hoàn thành | M35: Công ty | N35: Vũ Anh BKS | O35: Vỉ 350ml | Q35: 6 | W35: =SUM(P35:V35) -> 6 | X35: =SUMIFS('Đơn giá'!C:C,'Đơn giá'!B:B,XUẤT!O35) -> 85000 | Y35: =Q35*X35 -> 510000 | Z35: CK1/10 | AA35: Đinh Thu Huế | AB35: =W35-V35 -> 6 | AC35: =AB35*5000 -> 30000
A36: 1 | B36: 46297 | C36: E đăng ký 10v+1 loại 500ml, và 2vi loại 350ml lấy trog sáng nay, sđt khách hàng 0368809123 sn 66 quán tóc Vân Nguyễn (UB TP đi xuống ạ. C | D36: Vận chuyển | E36: Hồng Gai | F36: 2 | G36: 11 | J36: Tô Phương, Huế | L36: Hoàn thành | M36: Xí nghiệp | N36: Nguyễn Thị Tấm | O36: Vỉ 500ml | P36: 10 | V36: 1 | W36: =SUM(P36:V36) -> 11 | X36: =SUMIFS('Đơn giá'!C:C,'Đơn giá'!B:B,XUẤT!O36) -> 98000 | Y36: =P36*X36 -> 980000 | Z36: CK2/10 | AA36: Huế + Tô Phương | AB36: =W36-V36 -> 10 | AC36: =AB36*5000 -> 50000
B37: 46297 | C37: E đăng ký 10v+1 loại 500ml, và 2vi loại 350ml lấy trog sáng nay, sđt khách hàng 0368809123 sn 66 quán tóc Vân Nguyễn (UB TP đi xuống ạ. C | D37: Vận chuyển | E37: Hồng Gai | J37: Tô Phương, Huế | K37: Tăng áp | L37: Hoàn thành | M37: Xí nghiệp | N37: Nguyễn Thị Tấm | O37: Vỉ 350ml | Q37: 2 | W37: =SUM(P37:V37) -> 2 | X37: =SUMIFS('Đơn giá'!C:C,'Đơn giá'!B:B,XUẤT!O37) -> 85000 | Y37: =Q37*X37 -> 170000 | Z37: CK2/10 | AA37: Huế + Tô Phương | AB37: =W37-V37 -> 2 | AC37: =AB37*5000 -> 10000
A38: 2 | B38: 46297 | C38: E gửi đơn ship trường cấp cấp 1 Lê Hồng Phong Cột 3, cạnh CDC ,Tên lớp ở trên cửa lớp cứ bê đến nơi là dc ạ. Ship giúp e trưa nay lúc 11h nhé. Lớp 4A5 : 3 vỉ nhỏ Lớp 3A3: 2 vỉ nhỏ Lớp 1A6 : 2 vỉ nhỏ Lớp 2A6 : 2 vỉ nhỏ, 2 vỉ nhỏ lớp 3A2, lớp 5A2: 3 vỉ nhỏ | D38: Vận chuyển | E38: Hồng Gai | F38: 11 | J38: Tô Phương, Huế | L38: Hoàn thành | M38: Bãi Cháy | N38: Bãi Cháy | O38: Vỉ 350ml | Q38: 14 | W38: =SUM(P38:V38) -> 14 | X38: =SUMIFS('Đơn giá'!C:C,'Đơn giá'!B:B,XUẤT!O38) -> 85000 | Y38: =Q38*X38 -> 1190000 | AA38: Huế + Tô Phương | AB38: =W38-V38 -> 14 | AC38: =AB38*5000 -> 70000
A39: 3 | B39: 46297 | C39: Minh Hằng PXD: 2 bình thường (thu tiền luôn, thu cọc vỏ bình 2x 60,000=120,000đ) . Thương - 0387111662 shland coffee, b38 MKL monbay, cạnh trường UK | D39: Vận chuyển | E39: Hồng Gai | H39: 2 | J39: Tô Phương, Huế | L39: Hoàn thành | M39: Công ty | N39: Minh Hằng PXD | O39: Bình RO | U39: 2 | W39: =SUM(P39:V39) -> 2 | X39: =SUMIFS('Đơn giá'!C:C,'Đơn giá'!B:B,XUẤT!O39) -> 48000 | Y39: =U39*X39 -> 96000 | AA39: Huế + Tô Phương | AB39: =W39-V39 -> 2 | AC39: =AB39*5000 -> 10000
A40: 6 | B40: 46297 | C40: Cho chị 2 vir500+1 vỉ km nhà máy đóng tàu nhé. ĐT 0968244602, lấy khuyến mại của ngày 1/10 | D40: Vận chuyển | E40: Bãi Cháy | G40: 2 | J40: Bãi Cháy | L40: Hoàn thành | M40: Xí nghiệp | N40: Nguyễn Thị Hiếu | O40: Vỉ 500ml | P40: 2 | V40: 1 | W40: =SUM(P40:V40) -> 3 | X40: =SUMIFS('Đơn giá'!C:C,'Đơn giá'!B:B,XUẤT!O40) -> 98000 | Y40: =V40*X40 -> 98000 | AA40: Huế + Tô Phương | AB40: =W40-V40 -> 2 | AC40: =AB40*5000 -> 10000
A41: 7 | B41: 46297 | C41: cho e 3 vỉ 350ml trường mầm non hạ long . 090 4110068 ạ | D41: Vận chuyển | E41: Hồng Gai | F41: 3 | J41: Tô Phương, Huế | L41: Hoàn thành | M41: Cẩm Phả | O41: Vỉ 350ml | Q41: 3 | W41: =SUM(P41:V41) -> 3 | X41: =SUMIFS('Đơn giá'!C:C,'Đơn giá'!B:B,XUẤT!O41) -> 85000 | Y41: =Q41*X41 -> 255000 | AA41: Huế + Tô Phương | AB41: =W41-V41 -> 3 | AC41: =AB41*5000 -> 15000
A42: 9 | B42: 46297 | C42: Chiều ship bánh cuốn gốc bàng bạch đằng 10+1 vỉ 500 | D42: Vận chuyển | E42: Hồng Gai | G42: 11 | J42: Tô Phương, Huế | M42: Xí nghiệp | N42: Đinh Thu Huế | O42: Vỉ 500ml | P42: 10 | V42: 1 | W42: =SUM(P42:V42) -> 11 | X42: =SUMIFS('Đơn giá'!C:C,'Đơn giá'!B:B,XUẤT!O42) -> 98000 | Y42: =P42*X42 -> 980000 | AA42: Huế + Tô Phương | AB42: =W42-V42 -> 10 | AC42: =AB42*5000 -> 50000
A43: 10 | B43: 46297 | C43: Chiều ship Sân bia tố như gần bò sính cao thắng 10+1 vỉ 500 | D43: Vận chuyển | E43: Hồng Gai | G43: 11 | J43: Tô Phương, Huế | M43: Xí nghiệp | N43: Đinh Thu Huế | O43: Vỉ 500ml | P43: 10 | V43: 1 | W43: =SUM(P43:V43) -> 11 | X43: =SUMIFS('Đơn giá'!C:C,'Đơn giá'!B:B,XUẤT!O43) -> 98000 | Y43: =X43*P43 -> 980000 | AA43: Huế + Tô Phương | AB43: =W43-V43 -> 10 | AC43: =AB43*5000 -> 50000
A44: 11 | B44: 46297 | C44: E gửi đơn chiều giao Sở Xây Dựng 40 bình RO + 4km . E báo xe Cẩm Phả chở nước rồi ạ. Hòn gai hỗ trợ bốc hàng giúp e thu hồi vỏ lên xe về nhé ạ. sdt người nhận : 0397399666 | D44: Bốc thuê | E44: Xe Cẩm Phả chở | H44: 44 | J44: Thơm, Hoa, Thanh | K44: Trạm Hạ Long | M44: Bãi Cháy | O44: Bình kiềm | W44: =SUM(P44:V44) -> 0 | X44: =SUMIFS('Đơn giá'!C:C,'Đơn giá'!B:B,XUẤT!O44) -> 52000 | Y44: =X44*P44 -> 0 | AB44: =W44-V44 -> 0 | AC44: =AB44*5000 -> 0
A45: 12 | B45: 46297 | C45: Thêm 6 vỉ nhỏ trường cấp 1 Quang Trung nữa chị nhé. 1 vỉ gửi bảo vệ giúp e ạ. Còn 2 vỉ nhỏ sáng người nhận cũng báo cho người ship rồi ạ. 3 vỉ lớp 5A2, tầng 2 | D45: Vận chuyển | E45: Hồng Gai | F45: 6 | J45: Tô Phương, Huế | M45: Bãi Cháy | O45: Vỉ 350ml | Q45: 6 | W45: =SUM(P45:V45) -> 6 | X45: =SUMIFS('Đơn giá'!C:C,'Đơn giá'!B:B,XUẤT!O45) -> 85000 | Y45: =Q45*X45 -> 510000 | AA45: Huế + Tô Phương | AB45: =W45-V45 -> 6 | AC45: =AB45*5000 -> 30000
A46: 13 | B46: 46297 | C46: Vũ diệp PKD: C ơi e gửi ạ. 11+1 vỉ 350ml đến trường tiểu học Trần Quốc Toản cạnh công an phường Hồng Hà cũ, liên hệ Cô Chi 0912486978 thu tiền luôn | D46: Vận chuyển | E46: Hồng Gai | F46: 12 | J46: Tô Phương, Huế | L46: Hoàn thành | M46: Công ty | N46: Vũ Diệp PKD | O46: Vỉ 350ml | Q46: 10 | V46: 1 | W46: =SUM(P46:V46) -> 11 | X46: =SUMIFS('Đơn giá'!C:C,'Đơn giá'!B:B,XUẤT!O46) -> 85000 | Y46: =Q46*X46 -> 850000 | AA46: Huế + Tô Phương | AB46: =W46-V46 -> 10 | AC46: =AB46*5000 -> 50000
A47: 14 | B47: 46297 | C47: Em đăng ký 10v +1 500ml cho Chang 094 8913689 đường sông 3. Chang thanh toán tiền ạ. | D47: Vận chuyển | E47: Hồng Gai | G47: 11 | J47: Tô Phương, Huế | M47: Công ty | O47: Vỉ 500ml | P47: 10 | V47: 1 | W47: =SUM(P47:V47) -> 11 | X47: =SUMIFS('Đơn giá'!C:C,'Đơn giá'!B:B,XUẤT!O47) -> 98000 | Y47: =P47*X47 -> 980000 | Z47: CK2/10 | AA47: Huế + Tô Phương | AB47: =W47-V47 -> 10 | AC47: =AB47*5000 -> 50000
A48: 15 | B48: 46297 | C48: Em đăng ký 10 vỉ 500ml hội trường nhà khách cơ sở 2 với ạ | D48: Vận chuyển | E48: Hồng Gai | G48: 10 | J48: Tô Phương, Huế | M48: Xí nghiệp | N48: Nguyễn Thị Hiếu | O48: Vỉ 500ml | P48: 10 | V48: 1 | W48: =SUM(P48:V48) -> 11 | X48: =SUMIFS('Đơn giá'!C:C,'Đơn giá'!B:B,XUẤT!O48) -> 98000 | Y48: =X48*P48 -> 980000 | AA48: Huế + Tô Phương | AB48: =W48-V48 -> 10 | AC48: =AB48*5000 -> 50000
A49: 16 | B49: 46297 | C49: 2 vỉ nước nhỏ đến 1A3, trường cấp 1 Lê Hồng Phong k ạ? | D49: Vận chuyển | E49: Tăng áp | F49: 2 | J49: Đan Thanh | M49: Bãi Cháy | N49: Hằng TBP | O49: Vỉ 350ml | Q49: 2 | W49: =SUM(P49:V49) -> 2 | X49: =SUMIFS('Đơn giá'!C:C,'Đơn giá'!B:B,XUẤT!O49) -> 85000 | Y49: =Q49*X49 -> 170000 | AA49: Phạm Thị Đan Thanh | AB49: =W49-V49 -> 2 | AC49: =AB49*5000 -> 10000
A50: 17 | B50: 46297 | C50: Đan Thanh bán lẻ 1 bình kiềm | D50: Vận chuyển | E50: Tăng áp | J50: Đan Thanh | M50: Xí nghiệp | N50: Phạm Thị Đan Thanh | O50: Bình kiềm | T50: 1 | W50: =SUM(P50:V50) -> 1 | X50: =SUMIFS('Đơn giá'!C:C,'Đơn giá'!B:B,XUẤT!O50) -> 52000 | Y50: =T50*X50 -> 52000 | Z50: CK2/10 + cọc 60k | AA50: Phạm Thị Đan Thanh | AB50: =W50-V50 -> 1 | AC50: =AB50*5000 -> 5000
A51: 18 | B51: 46297 | C51: Chị Yến bán lẻ 3 vỉ | D51: vận chuyển | E51: Văn phòng | G51: 3 | J51: Yến | L51: hoàn thành | M51: Xí nghiệp | N51: Trương Thị Hải Yến | O51: Vỉ 500ml | P51: 3 | W51: =SUM(P51:V51) -> 3 | X51: =SUMIFS('Đơn giá'!C:C,'Đơn giá'!B:B,XUẤT!O51) -> 98000 | Y51: =P51*X51 -> 294000 | AA51: Trương Thị Hải Yến | AB51: =W51-V51 -> 3 | AC51: =AB51*5000 -> 15000
A52: 19 | B52: 46297 | C52: Chị Tô Phướng bán 11 vỉ 350 | D52: vận chuyển | E52: Hồng Gai | F52: 11 | J52: Tô Phương, Huế | L52: hoàn thành | M52: Xí nghiệp | N52: Tô Thị Phương | O52: Vỉ 350ml | Q52: 10 | V52: 1 | W52: =SUM(P52:V52) -> 11 | X52: =SUMIFS('Đơn giá'!C:C,'Đơn giá'!B:B,XUẤT!O52) -> 85000 | Y52: =Q52*X52 -> 850000 | AA52: Huế + Tô Phương | AB52: =W52-V52 -> 10 | AC52: =AB52*5000 -> 50000
A53: 19 | B53: 46297 | C53: Chị Tăng thị cúc bán cho khách trên đồi văn nghệ | D53: vận chuyển | E53: Hồng Gai | G53: 11 | J53: Thu Huế + Tô Phương | L53: hoàn thành | M53: Xí nghiệp | N53: Tăng Thị Cúc | O53: Vỉ 500ml | P53: 10 | V53: 1 | W53: =SUM(P53:V53) -> 11 | X53: =SUMIFS('Đơn giá'!C:C,'Đơn giá'!B:B,XUẤT!O53) -> 98000 | Y53: =P53*X53 -> 980000 | AA53: Huế + Tô Phương | AB53: =W53-V53 -> 10 | AC53: =AB53*5000 -> 50000
A54: 1 | B54: 3/10/26 | C54: XNN Vân Đồn nhoè Hgai hỗ trợ giao đơn này ạ: sdt ng nhận 50 + 5 vỉ nước 500ml - 0912659588, 0902358666, Anh Việt thủ kho nhận hàng ở hội trường D Hồ Cô Tiên, chụp phiếu giao nhận giúp em nhé. | D54: Vận chuyển | E54: Xe Cẩm Phả chở | G54: 50+5 | J54: Trạm Hồng Gai, Trạm Hạ Long | M54: Vân Đồn | N54: Vân Đồn | O54: Bình kiềm | W54: =SUM(P54:V54) -> 0 | X54: =SUMIFS('Đơn giá'!C:C,'Đơn giá'!B:B,XUẤT!O54) -> 52000 | Y54: =X54*P54 -> 0 | AB54: =W54-V54 -> 0 | AC54: =AB54*5000 -> 0
A55: 2 | B55: 3/10/26 | C55: c ơi sáng mai tầm từ 8-9h ship cho e 2 vỉ 500ml đến bảo vệ trường Lê Hồng Phong nhé ạ | D55: Vận chuyển | E55: Tăng áp | G55: 2 | J55: Đan Thanh | M55: Bãi Cháy | N55: Hằng TBP | O55: Vỉ 500ml | P55: 2 | W55: =SUM(P55:V55) -> 2 | X55: =SUMIFS('Đơn giá'!C:C,'Đơn giá'!B:B,XUẤT!O55) -> 98000 | Y55: =X55*P55 -> 196000 | AB55: =W55-V55 -> 2 | AC55: =AB55*5000 -> 10000
A56: 3 | B56: 3/10/26 | C56: Vũ Anh BKS: Sn2, ngõ 43 (đối diện cổng phụ biên phòng tỉnh), Hà Tu. Sđt: 0383231599 2 vỉ 350ml, THU TIỀN LUÔN | D56: Vận chuyển | E56: Tăng áp | F56: 2 | J56: Đan Thanh | M56: Công ty | N56: Vũ Anh BKS | O56: Vỉ 350ml | Q56: 2 | W56: =SUM(P56:V56) -> 2 | X56: =SUMIFS('Đơn giá'!C:C,'Đơn giá'!B:B,XUẤT!O56) -> 85000 | Y56: =Q56*X56 -> 170000 | Z56: CK3/10 | AA56: Phạm Thị Đan Thanh | AB56: =W56-V56 -> 2 | AC56: =AB56*5000 -> 10000
A57: 4 | B57: 3/10/26 | C57: 5 bình Số nhà 58 ngõ 55, 5 bình THường, ĐT: 0836915211 | E57: Hồng Gai | H57: 5 | J57: Tô Phương, Huế | M57: Xí nghiệp | N57: Nguyễn Thị Mai Dung | O57: Bình RO | U57: 5 | W57: =SUM(P57:V57) -> 5 | X57: =SUMIFS('Đơn giá'!C:C,'Đơn giá'!B:B,XUẤT!O57) -> 48000 | Y57: =X57*P57 -> 0 | AB57: =W57-V57 -> 5 | AC57: =AB57*5000 -> 25000
A58: 16 | B58: 3/10/26 | C58: Vũ Lệ PQT: Đơn 20+2 vỉ 500ml đến số nhà 24 ngõ 6 đường Võ Thị Sáu - gần chung cư đồi T5 . 0986560712. Có xuất HĐ | D58: Vận chuyển | E58: Tăng áp | G58: 22 | J58: Tô Phương, Huế | M58: Công ty | N58: Vũ Lệ | O58: Vỉ 500ml | P58: 20 | V58: 2 | W58: =SUM(P58:V58) -> 22 | X58: =SUMIFS('Đơn giá'!C:C,'Đơn giá'!B:B,XUẤT!O58) -> 98000 | Y58: =P58*X58 -> 1960000 | AA58: Huế + Tô Phương | AB58: =W58-V58 -> 20 | AC58: =AB58*5000 -> 100000
A59: 6 | B59: 3/10/26 | C59: c Huệ PKD: Ship 10+1 vỉ 500ml sang quán Bia 365 đường bao biển 0914877878 THU TIỀN LUÔN | D59: Vận chuyển | E59: Tăng áp | G59: 11 | J59: Tô Phương, Huế | M59: Công ty | N59: Huệ PKD | O59: Vỉ 500ml | P59: 10 | V59: 1 | W59: =SUM(P59:V59) -> 11 | X59: =SUMIFS('Đơn giá'!C:C,'Đơn giá'!B:B,XUẤT!O59) -> 98000 | Y59: =P59*X59 -> 980000 | AA59: Huế + Tô Phương | AB59: =W59-V59 -> 10 | AC59: =AB59*5000 -> 50000
A60: 7 | B60: 3/10/26 | C60: chuyển cho c 1 chuyến 11 vỉ xuống quán karaoke Diamond , Chế Dung vận động | D60: Vận chuyển | E60: Tăng áp | G60: 11 | J60: Tô Phương, Huế | M60: Xí nghiệp | N60: Chế Thùy Dung | O60: Vỉ 500ml | P60: 10 | V60: 1 | W60: =SUM(P60:V60) -> 11 | X60: =SUMIFS('Đơn giá'!C:C,'Đơn giá'!B:B,XUẤT!O60) -> 98000 | Y60: =P60*X60 -> 980000 | AA60: Huế + Tô Phương | AB60: =W60-V60 -> 10 | AC60: =AB60*5000 -> 50000
A61: 8 | B61: 3/10/26 | C61: Hồng Hạnh PCN: 0967163983 khách lấy 3 bình RO đồn biên phòng gần bến phà cũ Hòn Gai e nhé, thu cọc vỏ +thu tiền luôn | D61: Vận chuyển | E61: Hồng Gai | H61: 3 | J61: Tô Phương, Huế | M61: Công ty | N61: Hồng Hạnh PCN | O61: Bình RO | U61: 3 | W61: =SUM(P61:V61) -> 3 | X61: =SUMIFS('Đơn giá'!C:C,'Đơn giá'!B:B,XUẤT!O61) -> 48000 | Y61: =U61*X61 -> 144000 | AA61: Huế + Tô Phương | AB61: =W61-V61 -> 3 | AC61: =AB61*5000 -> 15000
A62: 9 | B62: 3/10/26 | C62: C Hạnh BAT: Số nhà 6, lô 10, ngõ 14, Phường Hạ Long, TP Quảng Ninh, đồi văn nghệ +84983533289 - khách có như cầu lấy 5 nc bình kiềm (thu cọc vỏ+ thu tiền | D62: Vận chuyển | E62: Hồng Gai | I62: 5 | J62: Tô Phương, Huế | M62: Công ty | N62: Hạnh BAT | O62: Bình kiềm | T62: 5 | W62: =SUM(P62:V62) -> 5 | X62: =SUMIFS('Đơn giá'!C:C,'Đơn giá'!B:B,XUẤT!O62) -> 52000 | Y62: =T62*X62 -> 260000 | AA62: Huế + Tô Phương | AB62: =W62-V62 -> 5 | AC62: =AB62*5000 -> 25000
A63: 10 | B63: 3/10/26 | C63: 1 đơn 50 +5 vỉ 500 4h30 chiều nay ship Yết kiêu, chị Huế | D63: Vận chuyển | E63: Hồng Gai | G63: 55 | J63: Đinh Thu Huế | M63: Xí nghiệp | N63: Đinh Thu Huế | O63: Vỉ 500ml | P63: 50 | V63: 5 | W63: =SUM(P63:V63) -> 55 | X63: =SUMIFS('Đơn giá'!C:C,'Đơn giá'!B:B,XUẤT!O63) -> 98000 | Y63: =X63*P63 -> 4900000 | AA63: Huế + Tô Phương | AB63: =W63-V63 -> 50 | AC63: =AB63*5000 -> 250000
A64: 11 | B64: 3/10/26 | C64: Đàm bán lẻ 5 vỉ to | D64: Vận chuyển | E64: Tăng áp | G64: 5 | J64: Bùi Ngọc Đàm | M64: Xí nghiệp | N64: Bùi Ngọc Đàm | O64: Vỉ 500ml | P64: 5 | W64: =SUM(P64:V64) -> 5 | X64: =SUMIFS('Đơn giá'!C:C,'Đơn giá'!B:B,XUẤT!O64) -> 98000 | Y64: =X64*P64 -> 490000 | Z64: CK3/10 | AA64: Bùi Ngọc Đàm | AB64: =W64-V64 -> 5 | AC64: =AB64*5000 -> 25000
B65: 46122 | C65: 02 bình kiềm đến nhà số 2,ngõ 2, Hải Phong, ĐT0856741990 | D65: Vận chuyển | E65: Hồng Gai | I65: 2 | J65: Đỗ Thị Vượng | M65: Xí nghiệp | N65: Đỗ Thị Vượng | O65: Bình kiềm | T65: 2 | W65: =SUM(P65:V65) -> 2 | X65: =SUMIFS('Đơn giá'!C:C,'Đơn giá'!B:B,XUẤT!O65) -> 52000 | Y65: =T65*X65 -> 104000 | AA65: Đỗ Thị Vượng | AB65: =W65-V65 -> 2 | AC65: =AB65*5000 -> 10000
B66: 46122 | C66: KH mua 5 vỉ Quaromi 500 ml. SN 111- Phố Nguyễn Lương Bằng , P . Hạ Long , ĐT0365825599 | G66: 5 | J66: Nguyễn Thị Huy | M66: Xí nghiệp | N66: Nguyễn Thị Huy | O66: Vỉ 500ml | P66: 5 | W66: =SUM(P66:V66) -> 5 | X66: =SUMIFS('Đơn giá'!C:C,'Đơn giá'!B:B,XUẤT!O66) -> 98000 | Y66: =X66*P66 -> 490000 | AA66: Nguyễn Thị Huy | AB66: =W66-V66 -> 5 | AC66: =AB66*5000 -> 25000
C67: 836915211 | O67: Bình kiềm | W67: =SUM(P67:V67) -> 0 | X67: =SUMIFS('Đơn giá'!C:C,'Đơn giá'!B:B,XUẤT!O67) -> 52000 | Y67: =T67*X67 -> 0 | AB67: =W67-V67 -> 0 | AC67: =AB67*5000 -> 0
O68: Bình kiềm | W68: =SUM(P68:V68) -> 0 | X68: =SUMIFS('Đơn giá'!C:C,'Đơn giá'!B:B,XUẤT!O68) -> 52000 | Y68: =T68*X68 -> 0 | AB68: =W68-V68 -> 0 | AC68: =AB68*5000 -> 0
B69: 5/10/2026 | C69: Số 9 san hô 2 hùng thắng hạ long, Khách hàng đăng ký 10 +1 vỉ nước. Em Nhung liên hệ xếp lịch hộ anh nhé. Khách hàng của Thiện Hải vận động 0968898898 | D69: Vận chuyển | E69: Bãi Cháy | M69: Xí nghiệp | N69: Nguyễn Thiện Hải | O69: Bình kiềm | W69: =SUM(P69:V69) -> 0 | X69: =SUMIFS('Đơn giá'!C:C,'Đơn giá'!B:B,XUẤT!O69) -> 52000 | Y69: =X69*P69 -> 0 | AB69: =W69-V69 -> 0 | AC69: =AB69*5000 -> 0
B70: 5/10/2026 | C70: Hồng Hạnh PCN: 0329980424 Cổng 5 toà nhà MonBay đang thi công có nhu cầu 1 bình nước thường 19l THU TIỀN LUÔN | D70: Vận chuyển | M70: Công ty | N70: Hồng Hạnh PCN | O70: Bình RO | U70: 1 | W70: =SUM(P70:V70) -> 1 | X70: =SUMIFS('Đơn giá'!C:C,'Đơn giá'!B:B,XUẤT!O70) -> 48000 | Y70: =X70*P70 -> 0 | AB70: =W70-V70 -> 1 | AC70: =AB70*5000 -> 5000
A71: 8 | O71: Bình kiềm | W71: =SUM(P71:V71) -> 0 | X71: =SUMIFS('Đơn giá'!C:C,'Đơn giá'!B:B,XUẤT!O71) -> 52000 | Y71: =X71*P71 -> 0 | AB71: =W71-V71 -> 0 | AC71: =AB71*5000 -> 0
A72: 9 | O72: Bình kiềm | W72: =SUM(P72:V72) -> 0 | X72: =SUMIFS('Đơn giá'!C:C,'Đơn giá'!B:B,XUẤT!O72) -> 52000 | Y72: =X72*P72 -> 0 | AB72: =W72-V72 -> 0 | AC72: =AB72*5000 -> 0
A73: 10 | O73: Bình kiềm | W73: =SUM(P73:V73) -> 0 | X73: =SUMIFS('Đơn giá'!C:C,'Đơn giá'!B:B,XUẤT!O73) -> 52000 | Y73: =X73*P73 -> 0 | AB73: =W73-V73 -> 0 | AC73: =AB73*5000 -> 0
A74: 11 | O74: Bình kiềm | W74: =SUM(P74:V74) -> 0 | X74: =SUMIFS('Đơn giá'!C:C,'Đơn giá'!B:B,XUẤT!O74) -> 52000 | Y74: =X74*P74 -> 0 | AB74: =W74-V74 -> 0 | AC74: =AB74*5000 -> 0
A75: 1 | O75: Bình kiềm | W75: =SUM(P75:V75) -> 0 | X75: =SUMIFS('Đơn giá'!C:C,'Đơn giá'!B:B,XUẤT!O75) -> 52000 | Y75: =X75*P75 -> 0 | AB75: =W75-V75 -> 0 | AC75: =AB75*5000 -> 0
O76: Bình kiềm | W76: =SUM(P76:V76) -> 0 | X76: 85000 | Y76: =Q76*X76 -> 0 | AB76: =W76-V76 -> 0 | AC76: =AB76*5000 -> 0
A77: 2 | O77: Bình kiềm | W77: =SUM(P77:V77) -> 0 | X77: =SUMIFS('Đơn giá'!C:C,'Đơn giá'!B:B,XUẤT!O77) -> 52000 | Y77: =X77*P77 -> 0 | AB77: =W77-V77 -> 0 | AC77: =AB77*5000 -> 0
A78: 3 | O78: Bình kiềm | W78: =SUM(P78:V78) -> 0 | X78: =SUMIFS('Đơn giá'!C:C,'Đơn giá'!B:B,XUẤT!O78) -> 52000 | Y78: =X78*P78 -> 0 | AB78: =W78-V78 -> 0 | AC78: =AB78*5000 -> 0
A79: 4 | O79: Bình kiềm | W79: =SUM(P79:V79) -> 0 | X79: =SUMIFS('Đơn giá'!C:C,'Đơn giá'!B:B,XUẤT!O79) -> 52000 | Y79: =X79*P79 -> 0 | AB79: =W79-V79 -> 0 | AC79: =AB79*5000 -> 0
A80: 5 | O80: Bình kiềm | W80: =SUM(P80:V80) -> 0 | X80: =SUMIFS('Đơn giá'!C:C,'Đơn giá'!B:B,XUẤT!O80) -> 52000 | Y80: =X80*P80 -> 0 | AB80: =W80-V80 -> 0 | AC80: =AB80*5000 -> 0
A81: 6 | O81: Bình kiềm | W81: =SUM(P81:V81) -> 0 | X81: =SUMIFS('Đơn giá'!C:C,'Đơn giá'!B:B,XUẤT!O81) -> 52000 | Y81: =Q81*X81 -> 0 | AB81: =W81-V81 -> 0 | AC81: =AB81*5000 -> 0
A82: 7 | O82: Bình kiềm | W82: =SUM(P82:V82) -> 0 | X82: =SUMIFS('Đơn giá'!C:C,'Đơn giá'!B:B,XUẤT!O82) -> 52000 | Y82: =X82*P82 -> 0 | AB82: =W82-V82 -> 0 | AC82: =AB82*5000 -> 0
A83: 8 | O83: Bình kiềm | W83: =SUM(P83:V83) -> 0 | X83: =SUMIFS('Đơn giá'!C:C,'Đơn giá'!B:B,XUẤT!O83) -> 52000 | Y83: =X83*P83 -> 0 | AB83: =W83-V83 -> 0 | AC83: =AB83*5000 -> 0
A84: 9 | O84: Bình kiềm | W84: =SUM(P84:V84) -> 0 | X84: =SUMIFS('Đơn giá'!C:C,'Đơn giá'!B:B,XUẤT!O84) -> 52000 | Y84: =X84*P84 -> 0 | AB84: =W84-V84 -> 0 | AC84: =AB84*5000 -> 0
A85: 10 | O85: Bình kiềm | W85: =SUM(P85:V85) -> 0 | X85: =SUMIFS('Đơn giá'!C:C,'Đơn giá'!B:B,XUẤT!O85) -> 52000 | Y85: =X85*P85 -> 0 | AB85: =W85-V85 -> 0 | AC85: =AB85*5000 -> 0
A86: 11 | O86: Bình kiềm | W86: =SUM(P86:V86) -> 0 | X86: =SUMIFS('Đơn giá'!C:C,'Đơn giá'!B:B,XUẤT!O86) -> 52000 | Y86: =X86*P86 -> 0 | AB86: =W86-V86 -> 0 | AC86: =AB86*5000 -> 0
A87: 1 | O87: Bình kiềm | W87: =SUM(P87:V87) -> 0 | X87: =SUMIFS('Đơn giá'!C:C,'Đơn giá'!B:B,XUẤT!O87) -> 52000 | Y87: =X87*P87 -> 0 | AB87: =W87-V87 -> 0 | AC87: =AB87*5000 -> 0
A88: 2 | O88: Bình kiềm | W88: =SUM(P88:V88) -> 0 | X88: =SUMIFS('Đơn giá'!C:C,'Đơn giá'!B:B,XUẤT!O88) -> 52000 | Y88: =X88*P88 -> 0 | AB88: =W88-V88 -> 0 | AC88: =AB88*5000 -> 0
A89: 3 | O89: Bình kiềm | W89: =SUM(P89:V89) -> 0 | X89: =SUMIFS('Đơn giá'!C:C,'Đơn giá'!B:B,XUẤT!O89) -> 52000 | Y89: =X89*P89 -> 0 | AB89: =W89-V89 -> 0 | AC89: =AB89*5000 -> 0
A90: 4 | O90: Bình kiềm | W90: =SUM(P90:V90) -> 0 | X90: =SUMIFS('Đơn giá'!C:C,'Đơn giá'!B:B,XUẤT!O90) -> 52000 | Y90: =X90*P90 -> 0 | AB90: =W90-V90 -> 0 | AC90: =AB90*5000 -> 0
A91: 5 | O91: Bình kiềm | W91: =SUM(P91:V91) -> 0 | X91: 98000 | Y91: =X91*P91 -> 0 | AB91: =W91-V91 -> 0 | AC91: =AB91*5000 -> 0
A92: 6 | O92: Bình kiềm | W92: =SUM(P92:V92) -> 0 | X92: =SUMIFS('Đơn giá'!C:C,'Đơn giá'!B:B,XUẤT!O92) -> 52000 | Y92: =X92*P92 -> 0 | AB92: =W92-V92 -> 0 | AC92: =AB92*5000 -> 0
A93: 7 | O93: Bình kiềm | W93: =SUM(P93:V93) -> 0 | X93: 98000 | Y93: =P93*X93 -> 0 | AB93: =W93-V93 -> 0 | AC93: =AB93*5000 -> 0
A94: 1 | O94: Bình kiềm | W94: =SUM(P94:V94) -> 0 | X94: =SUMIFS('Đơn giá'!C:C,'Đơn giá'!B:B,XUẤT!O94) -> 52000 | Y94: =X94*P94 -> 0 | AB94: =W94-V94 -> 0 | AC94: =AB94*5000 -> 0
A95: 2 | O95: Bình kiềm | W95: =SUM(P95:V95) -> 0 | X95: =SUMIFS('Đơn giá'!C:C,'Đơn giá'!B:B,XUẤT!O95) -> 52000 | Y95: =X95*P95 -> 0 | AB95: =W95-V95 -> 0 | AC95: =AB95*5000 -> 0
A96: 3 | O96: Bình kiềm | W96: =SUM(P96:V96) -> 0 | X96: =SUMIFS('Đơn giá'!C:C,'Đơn giá'!B:B,XUẤT!O96) -> 52000 | Y96: =X96*P96 -> 0 | AB96: =W96-V96 -> 0 | AC96: =AB96*5000 -> 0
A97: 4 | O97: Bình kiềm | W97: =SUM(P97:V97) -> 0 | X97: =SUMIFS('Đơn giá'!C:C,'Đơn giá'!B:B,XUẤT!O97) -> 52000 | Y97: =X97*P97 -> 0 | AB97: =W97-V97 -> 0 | AC97: =AB97*5000 -> 0
A98: 5 | O98: Bình kiềm | W98: =SUM(P98:V98) -> 0 | X98: =SUMIFS('Đơn giá'!C:C,'Đơn giá'!B:B,XUẤT!O98) -> 52000 | Y98: =X98*P98 -> 0 | AB98: =W98-V98 -> 0 | AC98: =AB98*5000 -> 0
A99: 6 | O99: Bình kiềm | W99: =SUM(P99:V99) -> 0 | X99: =SUMIFS('Đơn giá'!C:C,'Đơn giá'!B:B,XUẤT!O99) -> 52000 | Y99: =X99*P99 -> 0 | AB99: =W99-V99 -> 0 | AC99: =AB99*5000 -> 0
A100: 7 | O100: Bình kiềm | W100: =SUM(P100:V100) -> 0 | X100: 52000 | Y100: =T100*X100 -> 0 | AB100: =W100-V100 -> 0 | AC100: =AB100*5000 -> 0
A101: 8 | O101: Bình kiềm | W101: =SUM(P101:V101) -> 0 | X101: =SUMIFS('Đơn giá'!C:C,'Đơn giá'!B:B,XUẤT!O101) -> 52000 | Y101: =T101*X101 -> 0 | AB101: =W101-V101 -> 0 | AC101: =AB101*5000 -> 0
...

Sheet CBCNV
A1: TT | B1: Họ và Tên | C1: Chức vụ | D1: Tổ/Trạm | E1: Sản phẩm
E2: Vỉ 500ml | G2: Vỉ 350ml | I2: Hộp 500ml | K2: Hộp 350ml | M2: Bình kiềm | O2: Bình RO
E3: Số lượng | F3: Thành tiền | G3: Số lượng | H3: Thành tiền | I3: Số lượng | J3: Thành tiền | K3: Số lượng | L3: Thành tiền | M3: Số lượng | N3: Thành tiền | O3: Số lượng | P3: Thành tiền | Q3: Xí nghiệp
B4: Cộng | E4: =SUM(E7:E200) -> 173 | F4: =SUM(F7:F200) -> 16954000 | G4: =SUM(G7:G200) -> 32 | H4: =SUM(H7:H200) -> 2720000 | I4: =SUM(I7:I200) -> 0 | J4: =SUM(J7:J200) -> 0 | K4: =SUM(K7:K200) -> 0 | L4: =SUM(L7:L200) -> 0 | ... P4: =SUM(P7:P200) -> 4032000
B5: Kiểm tra | E5: =SUMIFS(XUẤT!P:P,XUẤT!$M:$M,CBCNV!$Q$3)-E4 -> 10 | G5: =SUMIFS(XUẤT!Q:Q,XUẤT!M:M,CBCNV!$Q$3)-CBCNV!G4 -> 0 | I5: =SUMIFS(XUẤT!R:R,XUẤT!$M:$M,CBCNV!$Q$3)-CBCNV!I4 -> 0 | K5: =SUMIFS(XUẤT!S:S,XUẤT!M:M,CBCNV!$Q$3)-CBCNV!K4 -> 0 | M5: =SUMIFS(XUẤT!T:T,XUẤT!M:M,CBCNV!$Q$3)-CBCNV!M4 -> 0 | O5: =SUMIFS(XUẤT!U:U,XUẤT!M:M,CBCNV!$Q$3)-CBCNV!O4 -> 5
A7: 1 | B7: Trần Nam Trung | C7: Giám đốc | D7: Văn phòng | E7: =SUMIFS(XUẤT!P:P,XUẤT!N:N,CBCNV!B7,XUẤT!O:O,CBCNV!$E$2) -> 0 | F7: =E7*$T$10 -> 0 | G7: =SUMIFS(XUẤT!Q:Q,XUẤT!N:N,CBCNV!B7,XUẤT!O:O,CBCNV!$G$2) -> 0 | H7: =G7*$T$8 -> 0 | I7: =SUMIFS(XUẤT!R:R,XUẤT!N:N,CBCNV!B7,XUẤT!O:O,CBCNV!$I$2) -> 0 | J7: =I7*$T$9 -> 0 | K7: =SUMIFS(XUẤT!S:S,XUẤT!N:N,CBCNV!B7,XUẤT!O:O,CBCNV!$K$2) -> 0 | L7: =K7*$T$11 -> 0 | M7: =SUMIFS(XUẤT!T:T,XUẤT!N:N,CBCNV!B7,XUẤT!O:O,CBCNV!$M$2) -> 0 | N7: =M7*$T$12 -> 0 | O7: =SUMIFS(XUẤT!U:U,XUẤT!N:N,CBCNV!B7,XUẤT!O:O,CBCNV!$O$2) -> 0 | P7: =O7*$T$13 -> 0 | R7: STT | S7: Hàng hóa | T7: Giá bán
A8: 2 | B8: Đỗ Văn Cảnh | C8: P. Giám đốc | D8: Văn phòng | E8: =SUMIFS(XUẤT!P:P,XUẤT!N:N,CBCNV!B8,XUẤT!O:O,CBCNV!$E$2) -> 0 | F8: =E8*$T$10 -> 0 | G8: =SUMIFS(XUẤT!Q:Q,XUẤT!N:N,CBCNV!B8,XUẤT!O:O,CBCNV!$G$2) -> 0 | H8: =G8*$T$8 -> 0 | I8: =SUMIFS(XUẤT!R:R,XUẤT!N:N,CBCNV!B8,XUẤT!O:O,CBCNV!$I$2) -> 0 | J8: =I8*$T$9 -> 0 | K8: =SUMIFS(XUẤT!S:S,XUẤT!N:N,CBCNV!B8,XUẤT!O:O,CBCNV!$K$2) -> 0 | L8: =K8*$T$11 -> 0 | M8: =SUMIFS(XUẤT!T:T,XUẤT!N:N,CBCNV!B8,XUẤT!O:O,CBCNV!$M$2) -> 0 | N8: =M8*$T$12 -> 0 | O8: =SUMIFS(XUẤT!U:U,XUẤT!N:N,CBCNV!B8,XUẤT!O:O,CBCNV!$O$2) -> 0 | P8: =O8*$T$13 -> 0 | R8: 1 | S8: Vỉ 350ml | T8: 85000
A9: 3 | B9: Phạm Quang Tâm | C9: P. Giám Đốc | D9: Văn phòng | E9: =SUMIFS(XUẤT!P:P,XUẤT!N:N,CBCNV!B9,XUẤT!O:O,CBCNV!$E$2) -> 0 | F9: =E9*$T$10 -> 0 | G9: =SUMIFS(XUẤT!Q:Q,XUẤT!N:N,CBCNV!B9,XUẤT!O:O,CBCNV!$G$2) -> 0 | H9: =G9*$T$8 -> 0 | I9: =SUMIFS(XUẤT!R:R,XUẤT!N:N,CBCNV!B9,XUẤT!O:O,CBCNV!$I$2) -> 0 | J9: =I9*$T$9 -> 0 | K9: =SUMIFS(XUẤT!S:S,XUẤT!N:N,CBCNV!B9,XUẤT!O:O,CBCNV!$K$2) -> 0 | L9: =K9*$T$11 -> 0 | M9: =SUMIFS(XUẤT!T:T,XUẤT!N:N,CBCNV!B9,XUẤT!O:O,CBCNV!$M$2) -> 0 | N9: =M9*$T$12 -> 0 | O9: =SUMIFS(XUẤT!U:U,XUẤT!N:N,CBCNV!B9,XUẤT!O:O,CBCNV!$O$2) -> 0 | P9: =O9*$T$13 -> 0 | R9: 2 | S9: Hộp 500ml | T9: 93000
A10: 4 | B10: Vũ Thị Mai Huệ | C10: P. Giám Đốc | D10: Văn phòng | E10: =SUMIFS(XUẤT!P:P,XUẤT!N:N,CBCNV!B10,XUẤT!O:O,CBCNV!$E$2) -> 0 | F10: =E10*$T$10 -> 0 | G10: =SUMIFS(XUẤT!Q:Q,XUẤT!N:N,CBCNV!B10,XUẤT!O:O,CBCNV!$G$2) -> 0 | H10: =G10*$T$8 -> 0 | I10: =SUMIFS(XUẤT!R:R,XUẤT!N:N,CBCNV!B10,XUẤT!O:O,CBCNV!$I$2) -> 0 | J10: =I10*$T$9 -> 0 | K10: =SUMIFS(XUẤT!S:S,XUẤT!N:N,CBCNV!B10,XUẤT!O:O,CBCNV!$K$2) -> 0 | L10: =K10*$T$11 -> 0 | M10: =SUMIFS(XUẤT!T:T,XUẤT!N:N,CBCNV!B10,XUẤT!O:O,CBCNV!$M$2) -> 0 | N10: =M10*$T$12 -> 0 | O10: =SUMIFS(XUẤT!U:U,XUẤT!N:N,CBCNV!B10,XUẤT!O:O,CBCNV!$O$2) -> 0 | P10: =O10*$T$13 -> 0 | R10: 3 | S10: Vỉ 500ml | T10: 98000
A11: 5 | B11: Phạm Phương Dung | C11: TBP. Kinh doanh | D11: Văn phòng | E11: =SUMIFS(XUẤT!P:P,XUẤT!N:N,CBCNV!B11,XUẤT!O:O,CBCNV!$E$2) -> 0 | F11: =E11*$T$10 -> 0 | G11: =SUMIFS(XUẤT!Q:Q,XUẤT!N:N,CBCNV!B11,XUẤT!O:O,CBCNV!$G$2) -> 5 | H11: =G11*$T$8 -> 425000 | I11: =SUMIFS(XUẤT!R:R,XUẤT!N:N,CBCNV!B11,XUẤT!O:O,CBCNV!$I$2) -> 0 | J11: =I11*$T$9 -> 0 | K11: =SUMIFS(XUẤT!S:S,XUẤT!N:N,CBCNV!B11,XUẤT!O:O,CBCNV!$K$2) -> 0 | L11: =K11*$T$11 -> 0 | M11: =SUMIFS(XUẤT!T:T,XUẤT!N:N,CBCNV!B11,XUẤT!O:O,CBCNV!$M$2) -> 0 | N11: =M11*$T$12 -> 0 | O11: =SUMIFS(XUẤT!U:U,XUẤT!N:N,CBCNV!B11,XUẤT!O:O,CBCNV!$O$2) -> 0 | P11: =O11*$T$13 -> 0 | R11: 4 | S11: Hộp 350ml | T11: 106000
A12: 6 | B12: Lại Thị Lan | C12: NV kinh doanh | D12: Văn phòng | E12: =SUMIFS(XUẤT!P:P,XUẤT!N:N,CBCNV!B12,XUẤT!O:O,CBCNV!$E$2) -> 0 | F12: =E12*$T$10 -> 0 | G12: =SUMIFS(XUẤT!Q:Q,XUẤT!N:N,CBCNV!B12,XUẤT!O:O,CBCNV!$G$2) -> 0 | H12: =G12*$T$8 -> 0 | I12: =SUMIFS(XUẤT!R:R,XUẤT!N:N,CBCNV!B12,XUẤT!O:O,CBCNV!$I$2) -> 0 | J12: =I12*$T$9 -> 0 | K12: =SUMIFS(XUẤT!S:S,XUẤT!N:N,CBCNV!B12,XUẤT!O:O,CBCNV!$K$2) -> 0 | L12: =K12*$T$11 -> 0 | M12: =SUMIFS(XUẤT!T:T,XUẤT!N:N,CBCNV!B12,XUẤT!O:O,CBCNV!$M$2) -> 0 | N12: =M12*$T$12 -> 0 | O12: =SUMIFS(XUẤT!U:U,XUẤT!N:N,CBCNV!B12,XUẤT!O:O,CBCNV!$O$2) -> 0 | P12: =O12*$T$13 -> 0 | R12: 5 | S12: Bình kiềm | T12: 52000
A13: 7 | B13: Nguyễn Huyền Thư | C13: NV kinh doanh | D13: Văn phòng | E13: =SUMIFS(XUẤT!P:P,XUẤT!N:N,CBCNV!B13,XUẤT!O:O,CBCNV!$E$2) -> 0 | F13: =E13*$T$10 -> 0 | G13: =SUMIFS(XUẤT!Q:Q,XUẤT!N:N,CBCNV!B13,XUẤT!O:O,CBCNV!$G$2) -> 0 | H13: =G13*$T$8 -> 0 | I13: =SUMIFS(XUẤT!R:R,XUẤT!N:N,CBCNV!B13,XUẤT!O:O,CBCNV!$I$2) -> 0 | J13: =I13*$T$9 -> 0 | K13: =SUMIFS(XUẤT!S:S,XUẤT!N:N,CBCNV!B13,XUẤT!O:O,CBCNV!$K$2) -> 0 | L13: =K13*$T$11 -> 0 | M13: =SUMIFS(XUẤT!T:T,XUẤT!N:N,CBCNV!B13,XUẤT!O:O,CBCNV!$M$2) -> 0 | N13: =M13*$T$12 -> 0 | O13: =SUMIFS(XUẤT!U:U,XUẤT!N:N,CBCNV!B13,XUẤT!O:O,CBCNV!$O$2) -> 0 | P13: =O13*$T$13 -> 0 | R13: 6 | S13: Bình RO | T13: 48000
A14: 8 | B14: Đoàn Thị Nhung | C14: NV kinh doanh | D14: Văn phòng | E14: =SUMIFS(XUẤT!P:P,XUẤT!N:N,CBCNV!B14,XUẤT!O:O,CBCNV!$E$2) -> 0 | F14: =E14*$T$10 -> 0 | G14: =SUMIFS(XUẤT!Q:Q,XUẤT!N:N,CBCNV!B14,XUẤT!O:O,CBCNV!$G$2) -> 3 | H14: =G14*$T$8 -> 255000 | I14: =SUMIFS(XUẤT!R:R,XUẤT!N:N,CBCNV!B14,XUẤT!O:O,CBCNV!$I$2) -> 0 | J14: =I14*$T$9 -> 0 | K14: =SUMIFS(XUẤT!S:S,XUẤT!N:N,CBCNV!B14,XUẤT!O:O,CBCNV!$K$2) -> 0 | L14: =K14*$T$11 -> 0 | M14: =SUMIFS(XUẤT!T:T,XUẤT!N:N,CBCNV!B14,XUẤT!O:O,CBCNV!$M$2) -> 0 | N14: =M14*$T$12 -> 0 | O14: =SUMIFS(XUẤT!U:U,XUẤT!N:N,CBCNV!B14,XUẤT!O:O,CBCNV!$O$2) -> 0 | P14: =O14*$T$13 -> 0
A15: 9 | B15: Phạm Thị Thu (A) | C15: NV kinh doanh | D15: Văn phòng | E15: =SUMIFS(XUẤT!P:P,XUẤT!N:N,CBCNV!B15,XUẤT!O:O,CBCNV!$E$2) -> 0 | F15: =E15*$T$10 -> 0 | G15: =SUMIFS(XUẤT!Q:Q,XUẤT!N:N,CBCNV!B15,XUẤT!O:O,CBCNV!$G$2) -> 0 | H15: =G15*$T$8 -> 0 | I15: =SUMIFS(XUẤT!R:R,XUẤT!N:N,CBCNV!B15,XUẤT!O:O,CBCNV!$I$2) -> 0 | J15: =I15*$T$9 -> 0 | K15: =SUMIFS(XUẤT!S:S,XUẤT!N:N,CBCNV!B15,XUẤT!O:O,CBCNV!$K$2) -> 0 | L15: =K15*$T$11 -> 0 | M15: =SUMIFS(XUẤT!T:T,XUẤT!N:N,CBCNV!B15,XUẤT!O:O,CBCNV!$M$2) -> 0 | N15: =M15*$T$12 -> 0 | O15: =SUMIFS(XUẤT!U:U,XUẤT!N:N,CBCNV!B15,XUẤT!O:O,CBCNV!$O$2) -> 0 | P15: =O15*$T$13 -> 0
A16: 10 | B16: Trương Thị Hải Yến | C16: NV kinh doanh | D16: Văn phòng | E16: =SUMIFS(XUẤT!P:P,XUẤT!N:N,CBCNV!B16,XUẤT!O:O,CBCNV!$E$2) -> 3 | F16: =E16*$T$10 -> 294000 | G16: =SUMIFS(XUẤT!Q:Q,XUẤT!N:N,CBCNV!B16,XUẤT!O:O,CBCNV!$G$2) -> 12 | H16: =G16*$T$8 -> 1020000 | I16: =SUMIFS(XUẤT!R:R,XUẤT!N:N,CBCNV!B16,XUẤT!O:O,CBCNV!$I$2) -> 0 | J16: =I16*$T$9 -> 0 | K16: =SUMIFS(XUẤT!S:S,XUẤT!N:N,CBCNV!B16,XUẤT!O:O,CBCNV!$K$2) -> 0 | L16: =K16*$T$11 -> 0 | M16: =SUMIFS(XUẤT!T:T,XUẤT!N:N,CBCNV!B16,XUẤT!O:O,CBCNV!$M$2) -> 0 | N16: =M16*$T$12 -> 0 | O16: =SUMIFS(XUẤT!U:U,XUẤT!N:N,CBCNV!B16,XUẤT!O:O,CBCNV!$O$2) -> 16 | P16: =O16*$T$13 -> 768000
A17: 11 | B17: Lương Minh Hương | C17: NV kinh doanh | D17: Văn phòng | E17: =SUMIFS(XUẤT!P:P,XUẤT!N:N,CBCNV!B17,XUẤT!O:O,CBCNV!$E$2) -> 0 | F17: =E17*$T$10 -> 0 | G17: =SUMIFS(XUẤT!Q:Q,XUẤT!N:N,CBCNV!B17,XUẤT!O:O,CBCNV!$G$2) -> 0 | H17: =G17*$T$8 -> 0 | I17: =SUMIFS(XUẤT!R:R,XUẤT!N:N,CBCNV!B17,XUẤT!O:O,CBCNV!$I$2) -> 0 | J17: =I17*$T$9 -> 0 | K17: =SUMIFS(XUẤT!S:S,XUẤT!N:N,CBCNV!B17,XUẤT!O:O,CBCNV!$K$2) -> 0 | L17: =K17*$T$11 -> 0 | M17: =SUMIFS(XUẤT!T:T,XUẤT!N:N,CBCNV!B17,XUẤT!O:O,CBCNV!$M$2) -> 0 | N17: =M17*$T$12 -> 0 | O17: =SUMIFS(XUẤT!U:U,XUẤT!N:N,CBCNV!B17,XUẤT!O:O,CBCNV!$O$2) -> 0 | P17: =O17*$T$13 -> 0
A18: 12 | B18: Hoàng Hồng Nhung | C18: NV kinh doanh | D18: Văn phòng | E18: =SUMIFS(XUẤT!P:P,XUẤT!N:N,CBCNV!B18,XUẤT!O:O,CBCNV!$E$2) -> 0 | F18: =E18*$T$10 -> 0 | G18: =SUMIFS(XUẤT!Q:Q,XUẤT!N:N,CBCNV!B18,XUẤT!O:O,CBCNV!$G$2) -> 0 | H18: =G18*$T$8 -> 0 | I18: =SUMIFS(XUẤT!R:R,XUẤT!N:N,CBCNV!B18,XUẤT!O:O,CBCNV!$I$2) -> 0 | J18: =I18*$T$9 -> 0 | K18: =SUMIFS(XUẤT!S:S,XUẤT!N:N,CBCNV!B18,XUẤT!O:O,CBCNV!$K$2) -> 0 | L18: =K18*$T$11 -> 0 | M18: =SUMIFS(XUẤT!T:T,XUẤT!N:N,CBCNV!B18,XUẤT!O:O,CBCNV!$M$2) -> 0 | N18: =M18*$T$12 -> 0 | O18: =SUMIFS(XUẤT!U:U,XUẤT!N:N,CBCNV!B18,XUẤT!O:O,CBCNV!$O$2) -> 0 | P18: =O18*$T$13 -> 0
A19: 13 | B19: Nguyễn Phương Thảo | C19: NV kinh doanh | D19: Văn phòng | E19: =SUMIFS(XUẤT!P:P,XUẤT!N:N,CBCNV!B19,XUẤT!O:O,CBCNV!$E$2) -> 0 | F19: =E19*$T$10 -> 0 | G19: =SUMIFS(XUẤT!Q:Q,XUẤT!N:N,CBCNV!B19,XUẤT!O:O,CBCNV!$G$2) -> 0 | H19: =G19*$T$8 -> 0 | I19: =SUMIFS(XUẤT!R:R,XUẤT!N:N,CBCNV!B19,XUẤT!O:O,CBCNV!$I$2) -> 0 | J19: =I19*$T$9 -> 0 | K19: =SUMIFS(XUẤT!S:S,XUẤT!N:N,CBCNV!B19,XUẤT!O:O,CBCNV!$K$2) -> 0 | L19: =K19*$T$11 -> 0 | M19: =SUMIFS(XUẤT!T:T,XUẤT!N:N,CBCNV!B19,XUẤT!O:O,CBCNV!$M$2) -> 0 | N19: =M19*$T$12 -> 0 | O19: =SUMIFS(XUẤT!U:U,XUẤT!N:N,CBCNV!B19,XUẤT!O:O,CBCNV!$O$2) -> 0 | P19: =O19*$T$13 -> 0
A20: 14 | B20: Phạm Thị Đan Thanh | C20: NV kinh doanh | D20: Văn phòng | E20: =SUMIFS(XUẤT!P:P,XUẤT!N:N,CBCNV!B20,XUẤT!O:O,CBCNV!$E$2) -> 0 | F20: =E20*$T$10 -> 0 | G20: =SUMIFS(XUẤT!Q:Q,XUẤT!N:N,CBCNV!B20,XUẤT!O:O,CBCNV!$G$2) -> 0 | H20: =G20*$T$8 -> 0 | I20: =SUMIFS(XUẤT!R:R,XUẤT!N:N,CBCNV!B20,XUẤT!O:O,CBCNV!$I$2) -> 0 | J20: =I20*$T$9 -> 0 | K20: =SUMIFS(XUẤT!S:S,XUẤT!N:N,CBCNV!B20,XUẤT!O:O,CBCNV!$K$2) -> 0 | L20: =K20*$T$11 -> 0 | M20: =SUMIFS(XUẤT!T:T,XUẤT!N:N,CBCNV!B20,XUẤT!O:O,CBCNV!$M$2) -> 1 | N20: =M20*$T$12 -> 52000 | O20: =SUMIFS(XUẤT!U:U,XUẤT!N:N,CBCNV!B20,XUẤT!O:O,CBCNV!$O$2) -> 0 | P20: =O20*$T$13 -> 0
A21: 15 | B21: Phan Hồng Hạnh | C21: NV kinh doanh | D21: Văn phòng | E21: =SUMIFS(XUẤT!P:P,XUẤT!N:N,CBCNV!B21,XUẤT!O:O,CBCNV!$E$2) -> 0 | F21: =E21*$T$10 -> 0 | G21: =SUMIFS(XUẤT!Q:Q,XUẤT!N:N,CBCNV!B21,XUẤT!O:O,CBCNV!$G$2) -> 0 | H21: =G21*$T$8 -> 0 | I21: =SUMIFS(XUẤT!R:R,XUẤT!N:N,CBCNV!B21,XUẤT!O:O,CBCNV!$I$2) -> 0 | J21: =I21*$T$9 -> 0 | K21: =SUMIFS(XUẤT!S:S,XUẤT!N:N,CBCNV!B21,XUẤT!O:O,CBCNV!$K$2) -> 0 | L21: =K21*$T$11 -> 0 | M21: =SUMIFS(XUẤT!T:T,XUẤT!N:N,CBCNV!B21,XUẤT!O:O,CBCNV!$M$2) -> 0 | N21: =M21*$T$12 -> 0 | O21: =SUMIFS(XUẤT!U:U,XUẤT!N:N,CBCNV!B21,XUẤT!O:O,CBCNV!$O$2) -> 0 | P21: =O21*$T$13 -> 0
A22: 16 | B22: Đỗ Thị Liễu | C22: CN kẹp chì | D22: Văn phòng | E22: =SUMIFS(XUẤT!P:P,XUẤT!N:N,CBCNV!B22,XUẤT!O:O,CBCNV!$E$2) -> 0 | F22: =E22*$T$10 -> 0 | G22: =SUMIFS(XUẤT!Q:Q,XUẤT!N:N,CBCNV!B22,XUẤT!O:O,CBCNV!$G$2) -> 0 | H22: =G22*$T$8 -> 0 | I22: =SUMIFS(XUẤT!R:R,XUẤT!N:N,CBCNV!B22,XUẤT!O:O,CBCNV!$I$2) -> 0 | J22: =I22*$T$9 -> 0 | K22: =SUMIFS(XUẤT!S:S,XUẤT!N:N,CBCNV!B22,XUẤT!O:O,CBCNV!$K$2) -> 0 | L22: =K22*$T$11 -> 0 | M22: =SUMIFS(XUẤT!T:T,XUẤT!N:N,CBCNV!B22,XUẤT!O:O,CBCNV!$M$2) -> 0 | N22: =M22*$T$12 -> 0 | O22: =SUMIFS(XUẤT!U:U,XUẤT!N:N,CBCNV!B22,XUẤT!O:O,CBCNV!$O$2) -> 0 | P22: =O22*$T$13 -> 0
A23: 17 | B23: Vũ Hữu Hoàng | C23: CN quản lý | D23: Văn phòng | E23: =SUMIFS(XUẤT!P:P,XUẤT!N:N,CBCNV!B23,XUẤT!O:O,CBCNV!$E$2) -> 0 | F23: =E23*$T$10 -> 0 | G23: =SUMIFS(XUẤT!Q:Q,XUẤT!N:N,CBCNV!B23,XUẤT!O:O,CBCNV!$G$2) -> 0 | H23: =G23*$T$8 -> 0 | I23: =SUMIFS(XUẤT!R:R,XUẤT!N:N,CBCNV!B23,XUẤT!O:O,CBCNV!$I$2) -> 0 | J23: =I23*$T$9 -> 0 | K23: =SUMIFS(XUẤT!S:S,XUẤT!N:N,CBCNV!B23,XUẤT!O:O,CBCNV!$K$2) -> 0 | L23: =K23*$T$11 -> 0 | M23: =SUMIFS(XUẤT!T:T,XUẤT!N:N,CBCNV!B23,XUẤT!O:O,CBCNV!$M$2) -> 0 | N23: =M23*$T$12 -> 0 | O23: =SUMIFS(XUẤT!U:U,XUẤT!N:N,CBCNV!B23,XUẤT!O:O,CBCNV!$O$2) -> 0 | P23: =O23*$T$13 -> 0
A24: 18 | B24: Lê Như Hùng | C24: NV kiểm tra | D24: Văn phòng | E24: =SUMIFS(XUẤT!P:P,XUẤT!N:N,CBCNV!B24,XUẤT!O:O,CBCNV!$E$2) -> 0 | F24: =E24*$T$10 -> 0 | G24: =SUMIFS(XUẤT!Q:Q,XUẤT!N:N,CBCNV!B24,XUẤT!O:O,CBCNV!$G$2) -> 0 | H24: =G24*$T$8 -> 0 | I24: =SUMIFS(XUẤT!R:R,XUẤT!N:N,CBCNV!B24,XUẤT!O:O,CBCNV!$I$2) -> 0 | J24: =I24*$T$9 -> 0 | K24: =SUMIFS(XUẤT!S:S,XUẤT!N:N,CBCNV!B24,XUẤT!O:O,CBCNV!$K$2) -> 0 | L24: =K24*$T$11 -> 0 | M24: =SUMIFS(XUẤT!T:T,XUẤT!N:N,CBCNV!B24,XUẤT!O:O,CBCNV!$M$2) -> 0 | N24: =M24*$T$12 -> 0 | O24: =SUMIFS(XUẤT!U:U,XUẤT!N:N,CBCNV!B24,XUẤT!O:O,CBCNV!$O$2) -> 0 | P24: =O24*$T$13 -> 0
A25: 19 | B25: Vũ Văn Thảo | C25: NV kiểm tra | D25: Văn phòng | E25: =SUMIFS(XUẤT!P:P,XUẤT!N:N,CBCNV!B25,XUẤT!O:O,CBCNV!$E$2) -> 0 | F25: =E25*$T$10 -> 0 | G25: =SUMIFS(XUẤT!Q:Q,XUẤT!N:N,CBCNV!B25,XUẤT!O:O,CBCNV!$G$2) -> 0 | H25: =G25*$T$8 -> 0 | I25: =SUMIFS(XUẤT!R:R,XUẤT!N:N,CBCNV!B25,XUẤT!O:O,CBCNV!$I$2) -> 0 | J25: =I25*$T$9 -> 0 | K25: =SUMIFS(XUẤT!S:S,XUẤT!N:N,CBCNV!B25,XUẤT!O:O,CBCNV!$K$2) -> 0 | L25: =K25*$T$11 -> 0 | M25: =SUMIFS(XUẤT!T:T,XUẤT!N:N,CBCNV!B25,XUẤT!O:O,CBCNV!$M$2) -> 0 | N25: =M25*$T$12 -> 0 | O25: =SUMIFS(XUẤT!U:U,XUẤT!N:N,CBCNV!B25,XUẤT!O:O,CBCNV!$O$2) -> 0 | P25: =O25*$T$13 -> 0
B26: Vũ Thành Long | C26: NVKD | D26: Văn phòng | E26: =SUMIFS(XUẤT!P:P,XUẤT!N:N,CBCNV!B26,XUẤT!O:O,CBCNV!$E$2) -> 0 | F26: =E26*$T$10 -> 0 | G26: =SUMIFS(XUẤT!Q:Q,XUẤT!N:N,CBCNV!B26,XUẤT!O:O,CBCNV!$G$2) -> 0 | H26: =G26*$T$8 -> 0 | I26: =SUMIFS(XUẤT!R:R,XUẤT!N:N,CBCNV!B26,XUẤT!O:O,CBCNV!$I$2) -> 0 | J26: =I26*$T$9 -> 0 | K26: =SUMIFS(XUẤT!S:S,XUẤT!N:N,CBCNV!B26,XUẤT!O:O,CBCNV!$K$2) -> 0 | L26: =K26*$T$11 -> 0 | M26: =SUMIFS(XUẤT!T:T,XUẤT!N:N,CBCNV!B26,XUẤT!O:O,CBCNV!$M$2) -> 0 | N26: =M26*$T$12 -> 0 | O26: =SUMIFS(XUẤT!U:U,XUẤT!N:N,CBCNV!B26,XUẤT!O:O,CBCNV!$O$2) -> 0 | P26: =O26*$T$13 -> 0
A27: 20 | B27: Trần Thị Thắm | C27: Kế toán chính | D27: Văn phòng | E27: =SUMIFS(XUẤT!P:P,XUẤT!N:N,CBCNV!B27,XUẤT!O:O,CBCNV!$E$2) -> 0 | F27: =E27*$T$10 -> 0 | G27: =SUMIFS(XUẤT!Q:Q,XUẤT!N:N,CBCNV!B27,XUẤT!O:O,CBCNV!$G$2) -> 0 | H27: =G27*$T$8 -> 0 | I27: =SUMIFS(XUẤT!R:R,XUẤT!N:N,CBCNV!B27,XUẤT!O:O,CBCNV!$I$2) -> 0 | J27: =I27*$T$9 -> 0 | K27: =SUMIFS(XUẤT!S:S,XUẤT!N:N,CBCNV!B27,XUẤT!O:O,CBCNV!$K$2) -> 0 | L27: =K27*$T$11 -> 0 | M27: =SUMIFS(XUẤT!T:T,XUẤT!N:N,CBCNV!B27,XUẤT!O:O,CBCNV!$M$2) -> 0 | N27: =M27*$T$12 -> 0 | O27: =SUMIFS(XUẤT!U:U,XUẤT!N:N,CBCNV!B27,XUẤT!O:O,CBCNV!$O$2) -> 0 | P27: =O27*$T$13 -> 0
A28: 21 | B28: Vũ Thị Thúy Phương | C28: NV thủ kho | D28: Văn phòng | E28: =SUMIFS(XUẤT!P:P,XUẤT!N:N,CBCNV!B28,XUẤT!O:O,CBCNV!$E$2) -> 0 | F28: =E28*$T$10 -> 0 | G28: =SUMIFS(XUẤT!Q:Q,XUẤT!N:N,CBCNV!B28,XUẤT!O:O,CBCNV!$G$2) -> 0 | H28: =G28*$T$8 -> 0 | I28: =SUMIFS(XUẤT!R:R,XUẤT!N:N,CBCNV!B28,XUẤT!O:O,CBCNV!$I$2) -> 0 | J28: =I28*$T$9 -> 0 | K28: =SUMIFS(XUẤT!S:S,XUẤT!N:N,CBCNV!B28,XUẤT!O:O,CBCNV!$K$2) -> 0 | L28: =K28*$T$11 -> 0 | M28: =SUMIFS(XUẤT!T:T,XUẤT!N:N,CBCNV!B28,XUẤT!O:O,CBCNV!$M$2) -> 0 | N28: =M28*$T$12 -> 0 | O28: =SUMIFS(XUẤT!U:U,XUẤT!N:N,CBCNV!B28,XUẤT!O:O,CBCNV!$O$2) -> 0 | P28: =O28*$T$13 -> 0
A29: 22 | B29: Lê Hoàng Anh | C29: NV kế toán | D29: Văn phòng | E29: =SUMIFS(XUẤT!P:P,XUẤT!N:N,CBCNV!B29,XUẤT!O:O,CBCNV!$E$2) -> 0 | F29: =E29*$T$10 -> 0 | G29: =SUMIFS(XUẤT!Q:Q,XUẤT!N:N,CBCNV!B29,XUẤT!O:O,CBCNV!$G$2) -> 0 | H29: =G29*$T$8 -> 0 | I29: =SUMIFS(XUẤT!R:R,XUẤT!N:N,CBCNV!B29,XUẤT!O:O,CBCNV!$I$2) -> 0 | J29: =I29*$T$9 -> 0 | K29: =SUMIFS(XUẤT!S:S,XUẤT!N:N,CBCNV!B29,XUẤT!O:O,CBCNV!$K$2) -> 0 | L29: =K29*$T$11 -> 0 | M29: =SUMIFS(XUẤT!T:T,XUẤT!N:N,CBCNV!B29,XUẤT!O:O,CBCNV!$M$2) -> 0 | N29: =M29*$T$12 -> 0 | O29: =SUMIFS(XUẤT!U:U,XUẤT!N:N,CBCNV!B29,XUẤT!O:O,CBCNV!$O$2) -> 0 | P29: =O29*$T$13 -> 0
A30: 23 | B30: Phạm Thị Bích Hằng | C30: NV kế toán | D30: Văn phòng | E30: =SUMIFS(XUẤT!P:P,XUẤT!N:N,CBCNV!B30,XUẤT!O:O,CBCNV!$E$2) -> 0 | F30: =E30*$T$10 -> 0 | G30: =SUMIFS(XUẤT!Q:Q,XUẤT!N:N,CBCNV!B30,XUẤT!O:O,CBCNV!$G$2) -> 0 | H30: =G30*$T$8 -> 0 | I30: =SUMIFS(XUẤT!R:R,XUẤT!N:N,CBCNV!B30,XUẤT!O:O,CBCNV!$I$2) -> 0 | J30: =I30*$T$9 -> 0 | K30: =SUMIFS(XUẤT!S:S,XUẤT!N:N,CBCNV!B30,XUẤT!O:O,CBCNV!$K$2) -> 0 | L30: =K30*$T$11 -> 0 | M30: =SUMIFS(XUẤT!T:T,XUẤT!N:N,CBCNV!B30,XUẤT!O:O,CBCNV!$M$2) -> 0 | N30: =M30*$T$12 -> 0 | O30: =SUMIFS(XUẤT!U:U,XUẤT!N:N,CBCNV!B30,XUẤT!O:O,CBCNV!$O$2) -> 0 | P30: =O30*$T$13 -> 0
A31: 24 | B31: Đỗ Thị Thu Hoàn | C31: NV kế toán | D31: Văn phòng | E31: =SUMIFS(XUẤT!P:P,XUẤT!N:N,CBCNV!B31,XUẤT!O:O,CBCNV!$E$2) -> 0 | F31: =E31*$T$10 -> 0 | G31: =SUMIFS(XUẤT!Q:Q,XUẤT!N:N,CBCNV!B31,XUẤT!O:O,CBCNV!$G$2) -> 0 | H31: =G31*$T$8 -> 0 | I31: =SUMIFS(XUẤT!R:R,XUẤT!N:N,CBCNV!B31,XUẤT!O:O,CBCNV!$I$2) -> 0 | J31: =I31*$T$9 -> 0 | K31: =SUMIFS(XUẤT!S:S,XUẤT!N:N,CBCNV!B31,XUẤT!O:O,CBCNV!$K$2) -> 0 | L31: =K31*$T$11 -> 0 | M31: =SUMIFS(XUẤT!T:T,XUẤT!N:N,CBCNV!B31,XUẤT!O:O,CBCNV!$M$2) -> 0 | N31: =M31*$T$12 -> 0 | O31: =SUMIFS(XUẤT!U:U,XUẤT!N:N,CBCNV!B31,XUẤT!O:O,CBCNV!$O$2) -> 0 | P31: =O31*$T$13 -> 0
A32: 25 | B32: Nguyễn Thị Thu Quyên | C32: NV kế toán | D32: Văn phòng | E32: =SUMIFS(XUẤT!P:P,XUẤT!N:N,CBCNV!B32,XUẤT!O:O,CBCNV!$E$2) -> 0 | F32: =E32*$T$10 -> 0 | G32: =SUMIFS(XUẤT!Q:Q,XUẤT!N:N,CBCNV!B32,XUẤT!O:O,CBCNV!$G$2) -> 0 | H32: =G32*$T$8 -> 0 | I32: =SUMIFS(XUẤT!R:R,XUẤT!N:N,CBCNV!B32,XUẤT!O:O,CBCNV!$I$2) -> 0 | J32: =I32*$T$9 -> 0 | K32: =SUMIFS(XUẤT!S:S,XUẤT!N:N,CBCNV!B32,XUẤT!O:O,CBCNV!$K$2) -> 0 | L32: =K32*$T$11 -> 0 | M32: =SUMIFS(XUẤT!T:T,XUẤT!N:N,CBCNV!B32,XUẤT!O:O,CBCNV!$M$2) -> 0 | N32: =M32*$T$12 -> 0 | O32: =SUMIFS(XUẤT!U:U,XUẤT!N:N,CBCNV!B32,XUẤT!O:O,CBCNV!$O$2) -> 0 | P32: =O32*$T$13 -> 0
A33: 26 | B33: Ngô Thị Vân Anh | C33: PT. Quản trị | D33: Văn phòng | E33: =SUMIFS(XUẤT!P:P,XUẤT!N:N,CBCNV!B33,XUẤT!O:O,CBCNV!$E$2) -> 0 | F33: =E33*$T$10 -> 0 | G33: =SUMIFS(XUẤT!Q:Q,XUẤT!N:N,CBCNV!B33,XUẤT!O:O,CBCNV!$G$2) -> 0 | H33: =G33*$T$8 -> 0 | I33: =SUMIFS(XUẤT!R:R,XUẤT!N:N,CBCNV!B33,XUẤT!O:O,CBCNV!$I$2) -> 0 | J33: =I33*$T$9 -> 0 | K33: =SUMIFS(XUẤT!S:S,XUẤT!N:N,CBCNV!B33,XUẤT!O:O,CBCNV!$K$2) -> 0 | L33: =K33*$T$11 -> 0 | M33: =SUMIFS(XUẤT!T:T,XUẤT!N:N,CBCNV!B33,XUẤT!O:O,CBCNV!$M$2) -> 0 | N33: =M33*$T$12 -> 0 | O33: =SUMIFS(XUẤT!U:U,XUẤT!N:N,CBCNV!B33,XUẤT!O:O,CBCNV!$O$2) -> 0 | P33: =O33*$T$13 -> 0
A34: 27 | B34: Nguyễn Thị Lan | C34: NV Đảng - Đoàn | D34: Văn phòng | E34: =SUMIFS(XUẤT!P:P,XUẤT!N:N,CBCNV!B34,XUẤT!O:O,CBCNV!$E$2) -> 0 | F34: =E34*$T$10 -> 0 | G34: =SUMIFS(XUẤT!Q:Q,XUẤT!N:N,CBCNV!B34,XUẤT!O:O,CBCNV!$G$2) -> 0 | H34: =G34*$T$8 -> 0 | I34: =SUMIFS(XUẤT!R:R,XUẤT!N:N,CBCNV!B34,XUẤT!O:O,CBCNV!$I$2) -> 0 | J34: =I34*$T$9 -> 0 | K34: =SUMIFS(XUẤT!S:S,XUẤT!N:N,CBCNV!B34,XUẤT!O:O,CBCNV!$K$2) -> 0 | L34: =K34*$T$11 -> 0 | M34: =SUMIFS(XUẤT!T:T,XUẤT!N:N,CBCNV!B34,XUẤT!O:O,CBCNV!$M$2) -> 0 | N34: =M34*$T$12 -> 0 | O34: =SUMIFS(XUẤT!U:U,XUẤT!N:N,CBCNV!B34,XUẤT!O:O,CBCNV!$O$2) -> 0 | P34: =O34*$T$13 -> 0
A35: 28 | B35: Nguyễn Thị Ngọc Chung | C35: Thủ quỹ - HC | D35: Văn phòng | E35: =SUMIFS(XUẤT!P:P,XUẤT!N:N,CBCNV!B35,XUẤT!O:O,CBCNV!$E$2) -> 0 | F35: =E35*$T$10 -> 0 | G35: =SUMIFS(XUẤT!Q:Q,XUẤT!N:N,CBCNV!B35,XUẤT!O:O,CBCNV!$G$2) -> 0 | H35: =G35*$T$8 -> 0 | I35: =SUMIFS(XUẤT!R:R,XUẤT!N:N,CBCNV!B35,XUẤT!O:O,CBCNV!$I$2) -> 0 | J35: =I35*$T$9 -> 0 | K35: =SUMIFS(XUẤT!S:S,XUẤT!N:N,CBCNV!B35,XUẤT!O:O,CBCNV!$K$2) -> 0 | L35: =K35*$T$11 -> 0 | M35: =SUMIFS(XUẤT!T:T,XUẤT!N:N,CBCNV!B35,XUẤT!O:O,CBCNV!$M$2) -> 0 | N35: =M35*$T$12 -> 0 | O35: =SUMIFS(XUẤT!U:U,XUẤT!N:N,CBCNV!B35,XUẤT!O:O,CBCNV!$O$2) -> 0 | P35: =O35*$T$13 -> 0
A36: 29 | B36: Bùi Thị Diệu Linh | C36: NV LĐTL | D36: Văn phòng | E36: =SUMIFS(XUẤT!P:P,XUẤT!N:N,CBCNV!B36,XUẤT!O:O,CBCNV!$E$2) -> 0 | F36: =E36*$T$10 -> 0 | G36: =SUMIFS(XUẤT!Q:Q,XUẤT!N:N,CBCNV!B36,XUẤT!O:O,CBCNV!$G$2) -> 0 | H36: =G36*$T$8 -> 0 | I36: =SUMIFS(XUẤT!R:R,XUẤT!N:N,CBCNV!B36,XUẤT!O:O,CBCNV!$I$2) -> 0 | J36: =I36*$T$9 -> 0 | K36: =SUMIFS(XUẤT!S:S,XUẤT!N:N,CBCNV!B36,XUẤT!O:O,CBCNV!$K$2) -> 0 | L36: =K36*$T$11 -> 0 | M36: =SUMIFS(XUẤT!T:T,XUẤT!N:N,CBCNV!B36,XUẤT!O:O,CBCNV!$M$2) -> 0 | N36: =M36*$T$12 -> 0 | O36: =SUMIFS(XUẤT!U:U,XUẤT!N:N,CBCNV!B36,XUẤT!O:O,CBCNV!$O$2) -> 0 | P36: =O36*$T$13 -> 0
A37: 30 | B37: Đỗ Thị Hiền | C37: NV LĐTL | D37: Văn phòng | E37: =SUMIFS(XUẤT!P:P,XUẤT!N:N,CBCNV!B37,XUẤT!O:O,CBCNV!$E$2) -> 0 | F37: =E37*$T$10 -> 0 | G37: =SUMIFS(XUẤT!Q:Q,XUẤT!N:N,CBCNV!B37,XUẤT!O:O,CBCNV!$G$2) -> 0 | H37: =G37*$T$8 -> 0 | I37: =SUMIFS(XUẤT!R:R,XUẤT!N:N,CBCNV!B37,XUẤT!O:O,CBCNV!$I$2) -> 0 | J37: =I37*$T$9 -> 0 | K37: =SUMIFS(XUẤT!S:S,XUẤT!N:N,CBCNV!B37,XUẤT!O:O,CBCNV!$K$2) -> 0 | L37: =K37*$T$11 -> 0 | M37: =SUMIFS(XUẤT!T:T,XUẤT!N:N,CBCNV!B37,XUẤT!O:O,CBCNV!$M$2) -> 0 | N37: =M37*$T$12 -> 0 | O37: =SUMIFS(XUẤT!U:U,XUẤT!N:N,CBCNV!B37,XUẤT!O:O,CBCNV!$O$2) -> 0 | P37: =O37*$T$13 -> 0
A38: 31 | B38: Phạm Thu Quỳnh | C38: CN tạp vụ | D38: Văn phòng | E38: =SUMIFS(XUẤT!P:P,XUẤT!N:N,CBCNV!B38,XUẤT!O:O,CBCNV!$E$2) -> 0 | F38: =E38*$T$10 -> 0 | G38: =SUMIFS(XUẤT!Q:Q,XUẤT!N:N,CBCNV!B38,XUẤT!O:O,CBCNV!$G$2) -> 0 | H38: =G38*$T$8 -> 0 | I38: =SUMIFS(XUẤT!R:R,XUẤT!N:N,CBCNV!B38,XUẤT!O:O,CBCNV!$I$2) -> 0 | J38: =I38*$T$9 -> 0 | K38: =SUMIFS(XUẤT!S:S,XUẤT!N:N,CBCNV!B38,XUẤT!O:O,CBCNV!$K$2) -> 0 | L38: =K38*$T$11 -> 0 | M38: =SUMIFS(XUẤT!T:T,XUẤT!N:N,CBCNV!B38,XUẤT!O:O,CBCNV!$M$2) -> 0 | N38: =M38*$T$12 -> 0 | O38: =SUMIFS(XUẤT!U:U,XUẤT!N:N,CBCNV!B38,XUẤT!O:O,CBCNV!$O$2) -> 0 | P38: =O38*$T$13 -> 0
... A48: 41 | B48: Bùi Văn Tình | C48: NV kỹ thuật | D48: Văn phòng | E48: =SUMIFS(XUẤT!P:P,XUẤT!N:N,CBCNV!B48,XUẤT!O:O,CBCNV!$E$2) -> 0 | F48: =E48*$T$10 -> 0 | G48: =SUMIFS(XUẤT!Q:Q,XUẤT!N:N,CBCNV!B48,XUẤT!O:O,CBCNV!$G$2) -> 0 | H48: =G48*$T$8 -> 0 | I48: =SUMIFS(XUẤT!R:R,XUẤT!N:N,CBCNV!B48,XUẤT!O:O,CBCNV!$I$2) -> 0 | J48: =I48*$T$9 -> 0 | K48: =SUMIFS(XUẤT!S:S,XUẤT!N:N,CBCNV!B48,XUẤT!O:O,CBCNV!$K$2) -> 0 | L48: =K48*$T$11 -> 0 | M48: =SUMIFS(XUẤT!T:T,XUẤT!N:N,CBCNV!B48,XUẤT!O:O,CBCNV!$M$2) -> 0 | N48: =M48*$T$12 -> 0 | O48: =SUMIFS(XUẤT!U:U,XUẤT!N:N,CBCNV!B48,XUẤT!O:O,CBCNV!$O$2) -> 0 | P48: =O48*$T$13 -> 0
A49: 42 | B49: Chế Thùy Dung | C49: NV kỹ thuật | D49: Văn phòng | E49: =SUMIFS(XUẤT!P:P,XUẤT!N:N,XUẤT!N262,XUẤT!O:O,CBCNV!$E$2) -> 0 | F49: =E49*$T$10 -> 0 | G49: =SUMIFS(XUẤT!Q:Q,XUẤT!N:N,XUẤT!N262,XUẤT!O:O,CBCNV!$G$2) -> 0 | H49: =G49*$T$8 -> 0 | I49: =SUMIFS(XUẤT!R:R,XUẤT!N:N,XUẤT!N262,XUẤT!O:O,CBCNV!$I$2) -> 0 | J49: =I49*$T$9 -> 0 | K49: =SUMIFS(XUẤT!S:S,XUẤT!N:N,XUẤT!N262,XUẤT!O:O,CBCNV!$K$2) -> 0 | L49: =K49*$T$11 -> 0 | M49: =SUMIFS(XUẤT!T:T,XUẤT!N:N,XUẤT!N262,XUẤT!O:O,CBCNV!$M$2) -> 0 | N49: =M49*$T$12 -> 0 | O49: =SUMIFS(XUẤT!U:U,XUẤT!N:N,XUẤT!N262,XUẤT!O:O,CBCNV!$O$2) -> 0 | P49: =O49*$T$13 -> 0
A50: 43 | B50: Khổng Thị Thu Trang | C50: NV kỹ thuật | D50: Văn phòng | E50: =SUMIFS(XUẤT!P:P,XUẤT!N:N,CBCNV!B50,XUẤT!O:O,CBCNV!$E$2) -> 0 | F50: =E50*$T$10 -> 0 | G50: =SUMIFS(XUẤT!Q:Q,XUẤT!N:N,CBCNV!B50,XUẤT!O:O,CBCNV!$G$2) -> 0 | H50: =G50*$T$8 -> 0 | I50: =SUMIFS(XUẤT!R:R,XUẤT!N:N,CBCNV!B50,XUẤT!O:O,CBCNV!$I$2) -> 0 | J50: =I50*$T$9 -> 0 | K50: =SUMIFS(XUẤT!S:S,XUẤT!N:N,CBCNV!B50,XUẤT!O:O,CBCNV!$K$2) -> 0 | L50: =K50*$T$11 -> 0 | M50: =SUMIFS(XUẤT!T:T,XUẤT!N:N,CBCNV!B50,XUẤT!O:O,CBCNV!$M$2) -> 0 | N50: =M50*$T$12 -> 0 | O50: =SUMIFS(XUẤT!U:U,XUẤT!N:N,CBCNV!B50,XUẤT!O:O,CBCNV!$O$2) -> 0 | P50: =O50*$T$13 -> 0
A51: 44 | B51: Mạc Anh Tuấn | C51: NV kỹ thuật điện | D51: Văn phòng | E51: =SUMIFS(XUẤT!P:P,XUẤT!N:N,CBCNV!B51,XUẤT!O:O,CBCNV!$E$2) -> 0 | F51: =E51*$T$10 -> 0 | G51: =SUMIFS(XUẤT!Q:Q,XUẤT!N:N,CBCNV!B51,XUẤT!O:O,CBCNV!$G$2) -> 0 | H51: =G51*$T$8 -> 0 | I51: =SUMIFS(XUẤT!R:R,XUẤT!N:N,CBCNV!B51,XUẤT!O:O,CBCNV!$I$2) -> 0 | J51: =I51*$T$9 -> 0 | K51: =SUMIFS(XUẤT!S:S,XUẤT!N:N,CBCNV!B51,XUẤT!O:O,CBCNV!$K$2) -> 0 | L51: =K51*$T$11 -> 0 | M51: =SUMIFS(XUẤT!T:T,XUẤT!N:N,CBCNV!B51,XUẤT!O:O,CBCNV!$M$2) -> 0 | N51: =M51*$T$12 -> 0 | O51: =SUMIFS(XUẤT!U:U,XUẤT!N:N,CBCNV!B51,XUẤT!O:O,CBCNV!$O$2) -> 0 | P51: =O51*$T$13 -> 0
A52: 45 | B52: Phạm Vũ Quyền | C52: NV kỹ thuật | D52: Văn phòng | E52: =SUMIFS(XUẤT!P:P,XUẤT!N:N,CBCNV!B52,XUẤT!O:O,CBCNV!$E$2) -> 0 | F52: =E52*$T$10 -> 0 | G52: =SUMIFS(XUẤT!Q:Q,XUẤT!N:N,CBCNV!B52,XUẤT!O:O,CBCNV!$G$2) -> 0 | H52: =G52*$T$8 -> 0 | I52: =SUMIFS(XUẤT!R:R,XUẤT!N:N,CBCNV!B52,XUẤT!O:O,CBCNV!$I$2) -> 0 | J52: =I52*$T$9 -> 0 | K52: =SUMIFS(XUẤT!S:S,XUẤT!N:N,CBCNV!B52,XUẤT!O:O,CBCNV!$K$2) -> 0 | L52: =K52*$T$11 -> 0 | M52: =SUMIFS(XUẤT!T:T,XUẤT!N:N,CBCNV!B52,XUẤT!O:O,CBCNV!$M$2) -> 0 | N52: =M52*$T$12 -> 0 | O52: =SUMIFS(XUẤT!U:U,XUẤT!N:N,CBCNV!B52,XUẤT!O:O,CBCNV!$O$2) -> 0 | P52: =O52*$T$13 -> 0
A53: 46 | B53: Bùi Ngọc Nguyên | C53: NV kỹ thuật CTT | D53: Văn phòng | E53: =SUMIFS(XUẤT!P:P,XUẤT!N:N,CBCNV!B53,XUẤT!O:O,CBCNV!$E$2) -> 0 | F53: =E53*$T$10 -> 0 | G53: =SUMIFS(XUẤT!Q:Q,XUẤT!N:N,CBCNV!B53,XUẤT!O:O,CBCNV!$G$2) -> 0 | H53: =G53*$T$8 -> 0 | I53: =SUMIFS(XUẤT!R:R,XUẤT!N:N,CBCNV!B53,XUẤT!O:O,CBCNV!$I$2) -> 0 | J53: =I53*$T$9 -> 0 | K53: =SUMIFS(XUẤT!S:S,XUẤT!N:N,CBCNV!B53,XUẤT!O:O,CBCNV!$K$2) -> 0 | L53: =K53*$T$11 -> 0 | M53: =SUMIFS(XUẤT!T:T,XUẤT!N:N,CBCNV!B53,XUẤT!O:O,CBCNV!$M$2) -> 0 | N53: =M53*$T$12 -> 0 | O53: =SUMIFS(XUẤT!U:U,XUẤT!N:N,CBCNV!B53,XUẤT!O:O,CBCNV!$O$2) -> 10 | P53: =O53*$T$13 -> 480000
A54: 47 | B54: Phạm Lan Hương | C54: NV kỹ thuật Vật tư | D54: Văn phòng | E54: =SUMIFS(XUẤT!P:P,XUẤT!N:N,CBCNV!B54,XUẤT!O:O,CBCNV!$E$2) -> 0 | F54: =E54*$T$10 -> 0 | G54: =SUMIFS(XUẤT!Q:Q,XUẤT!N:N,CBCNV!B54,XUẤT!O:O,CBCNV!$G$2) -> 0 | H54: =G54*$T$8 -> 0 | I54: =SUMIFS(XUẤT!R:R,XUẤT!N:N,CBCNV!B54,XUẤT!O:O,CBCNV!$I$2) -> 0 | J54: =I54*$T$9 -> 0 | K54: =SUMIFS(XUẤT!S:S,XUẤT!N:N,CBCNV!B54,XUẤT!O:O,CBCNV!$K$2) -> 0 | L54: =K54*$T$11 -> 0 | M54: =SUMIFS(XUẤT!T:T,XUẤT!N:N,CBCNV!B54,XUẤT!O:O,CBCNV!$M$2) -> 0 | N54: =M54*$T$12 -> 0 | O54: =SUMIFS(XUẤT!U:U,XUẤT!N:N,CBCNV!B54,XUẤT!O:O,CBCNV!$O$2) -> 0 | P54: =O54*$T$13 -> 0
A55: 48 | B55: Phạm Tuyết Dung | C55: NV kỹ thuật | D55: Văn phòng | E55: =SUMIFS(XUẤT!P:P,XUẤT!N:N,CBCNV!B55,XUẤT!O:O,CBCNV!$E$2) -> 0 | F55: =E55*$T$10 -> 0 | G55: =SUMIFS(XUẤT!Q:Q,XUẤT!N:N,CBCNV!B55,XUẤT!O:O,CBCNV!$G$2) -> 0 | H55: =G55*$T$8 -> 0 | I55: =SUMIFS(XUẤT!R:R,XUẤT!N:N,CBCNV!B55,XUẤT!O:O,CBCNV!$I$2) -> 0 | J55: =I55*$T$9 -> 0 | K55: =SUMIFS(XUẤT!S:S,XUẤT!N:N,CBCNV!B55,XUẤT!O:O,CBCNV!$K$2) -> 0 | L55: =K55*$T$11 -> 0 | M55: =SUMIFS(XUẤT!T:T,XUẤT!N:N,CBCNV!B55,XUẤT!O:O,CBCNV!$M$2) -> 0 | N55: =M55*$T$12 -> 0 | O55: =SUMIFS(XUẤT!U:U,XUẤT!N:N,CBCNV!B55,XUẤT!O:O,CBCNV!$O$2) -> 0 | P55: =O55*$T$13 -> 0
A56: 49 | B56: Vi Đức Độ | C56: NV KT điện | D56: Văn phòng | E56: =SUMIFS(XUẤT!P:P,XUẤT!N:N,CBCNV!B56,XUẤT!O:O,CBCNV!$E$2) -> 0 | F56: =E56*$T$10 -> 0 | G56: =SUMIFS(XUẤT!Q:Q,XUẤT!N:N,CBCNV!B56,XUẤT!O:O,CBCNV!$G$2) -> 0 | H56: =G56*$T$8 -> 0 | I56: =SUMIFS(XUẤT!R:R,XUẤT!N:N,CBCNV!B56,XUẤT!O:O,CBCNV!$I$2) -> 0 | J56: =I56*$T$9 -> 0 | K56: =SUMIFS(XUẤT!S:S,XUẤT!N:N,CBCNV!B56,XUẤT!O:O,CBCNV!$K$2) -> 0 | L56: =K56*$T$11 -> 0 | M56: =SUMIFS(XUẤT!T:T,XUẤT!N:N,CBCNV!B56,XUẤT!O:O,CBCNV!$M$2) -> 0 | N56: =M56*$T$12 -> 0 | O56: =SUMIFS(XUẤT!U:U,XUẤT!N:N,CBCNV!B56,XUẤT!O:O,CBCNV!$O$2) -> 0 | P56: =O56*$T$13 -> 0
A57: 50 | B57: Đinh Thu Huế | C57: CN nước lọc | D57: Văn phòng | E57: =SUMIFS(XUẤT!P:P,XUẤT!N:N,CBCNV!B57,XUẤT!O:O,CBCNV!$E$2) -> 100 | F57: =E57*$T$10 -> 9800000 | G57: =SUMIFS(XUẤT!Q:Q,XUẤT!N:N,CBCNV!B57,XUẤT!O:O,CBCNV!$G$2) -> 0 | H57: =G57*$T$8 -> 0 | I57: =SUMIFS(XUẤT!R:R,XUẤT!N:N,CBCNV!B57,XUẤT!O:O,CBCNV!$I$2) -> 0 | J57: =I57*$T$9 -> 0 | K57: =SUMIFS(XUẤT!S:S,XUẤT!N:N,CBCNV!B57,XUẤT!O:O,CBCNV!$K$2) -> 0 | L57: =K57*$T$11 -> 0 | M57: =SUMIFS(XUẤT!T:T,XUẤT!N:N,CBCNV!B57,XUẤT!O:O,CBCNV!$M$2) -> 0 | N57: =M57*$T$12 -> 0 | O57: =SUMIFS(XUẤT!U:U,XUẤT!N:N,CBCNV!B57,XUẤT!O:O,CBCNV!$O$2) -> 0 | P57: =O57*$T$13 -> 0
A58: 51 | B58: Trần Ánh Nguyệt | C58: CN nước lọc | D58: Văn phòng | E58: =SUMIFS(XUẤT!P:P,XUẤT!N:N,CBCNV!B58,XUẤT!O:O,CBCNV!$E$2) -> 0 | F58: =E58*$T$10 -> 0 | G58: =SUMIFS(XUẤT!Q:Q,XUẤT!N:N,CBCNV!B58,XUẤT!O:O,CBCNV!$G$2) -> 0 | H58: =G58*$T$8 -> 0 | I58: =SUMIFS(XUẤT!R:R,XUẤT!N:N,CBCNV!B58,XUẤT!O:O,CBCNV!$I$2) -> 0 | J58: =I58*$T$9 -> 0 | K58: =SUMIFS(XUẤT!S:S,XUẤT!N:N,CBCNV!B58,XUẤT!O:O,CBCNV!$K$2) -> 0 | L58: =K58*$T$11 -> 0 | M58: =SUMIFS(XUẤT!T:T,XUẤT!N:N,CBCNV!B58,XUẤT!O:O,CBCNV!$M$2) -> 0 | N58: =M58*$T$12 -> 0 | O58: =SUMIFS(XUẤT!U:U,XUẤT!N:N,CBCNV!B58,XUẤT!O:O,CBCNV!$O$2) -> 0 | P58: =O58*$T$13 -> 0
A59: 52 | B59: Nguyễn Quốc Hưng | C59: Trạm trưởng | D59: Hà Tu | E59: =SUMIFS(XUẤT!P:P,XUẤT!N:N,CBCNV!B59,XUẤT!O:O,CBCNV!$E$2) -> 0 | F59: =E59*$T$10 -> 0 | G59: =SUMIFS(XUẤT!Q:Q,XUẤT!N:N,CBCNV!B59,XUẤT!O:O,CBCNV!$G$2) -> 0 | H59: =G59*$T$8 -> 0 | I59: =SUMIFS(XUẤT!R:R,XUẤT!N:N,CBCNV!B59,XUẤT!O:O,CBCNV!$I$2) -> 0 | J59: =I59*$T$9 -> 0 | K59: =SUMIFS(XUẤT!S:S,XUẤT!N:N,CBCNV!B59,XUẤT!O:O,CBCNV!$K$2) -> 0 | L59: =K59*$T$11 -> 0 | M59: =SUMIFS(XUẤT!T:T,XUẤT!N:N,CBCNV!B59,XUẤT!O:O,CBCNV!$M$2) -> 0 | N59: =M59*$T$12 -> 0 | O59: =SUMIFS(XUẤT!U:U,XUẤT!N:N,CBCNV!B59,XUẤT!O:O,CBCNV!$O$2) -> 0 | P59: =O59*$T$13 -> 0
A60: 53 | B60: Vương Xuân Hùng | C60: Trạm phó | D60: Hà Tu | E60: =SUMIFS(XUẤT!P:P,XUẤT!N:N,CBCNV!B60,XUẤT!O:O,CBCNV!$E$2) -> 0 | F60: =E60*$T$10 -> 0 | G60: =SUMIFS(XUẤT!Q:Q,XUẤT!N:N,CBCNV!B60,XUẤT!O:O,CBCNV!$G$2) -> 0 | H60: =G60*$T$8 -> 0 | I60: =SUMIFS(XUẤT!R:R,XUẤT!N:N,CBCNV!B60,XUẤT!O:O,CBCNV!$I$2) -> 0 | J60: =I60*$T$9 -> 0 | K60: =SUMIFS(XUẤT!S:S,XUẤT!N:N,CBCNV!B60,XUẤT!O:O,CBCNV!$K$2) -> 0 | L60: =K60*$T$11 -> 0 | M60: =SUMIFS(XUẤT!T:T,XUẤT!N:N,CBCNV!B60,XUẤT!O:O,CBCNV!$M$2) -> 0 | N60: =M60*$T$12 -> 0 | O60: =SUMIFS(XUẤT!U:U,XUẤT!N:N,CBCNV!B60,XUẤT!O:O,CBCNV!$O$2) -> 0 | P60: =O60*$T$13 -> 0
A61: 54 | B61: Nguyễn Văn Sơn | C61: Trạm phó | D61: Hà Tu | E61: =SUMIFS(XUẤT!P:P,XUẤT!N:N,CBCNV!B61,XUẤT!O:O,CBCNV!$E$2) -> 0 | F61: =E61*$T$10 -> 0 | G61: =SUMIFS(XUẤT!Q:Q,XUẤT!N:N,CBCNV!B61,XUẤT!O:O,CBCNV!$G$2) -> 0 | H61: =G61*$T$8 -> 0 | I61: =SUMIFS(XUẤT!R:R,XUẤT!N:N,CBCNV!B61,XUẤT!O:O,CBCNV!$I$2) -> 0 | J61: =I61*$T$9 -> 0 | K61: =SUMIFS(XUẤT!S:S,XUẤT!N:N,CBCNV!B61,XUẤT!O:O,CBCNV!$K$2) -> 0 | L61: =K61*$T$11 -> 0 | M61: =SUMIFS(XUẤT!T:T,XUẤT!N:N,CBCNV!B61,XUẤT!O:O,CBCNV!$M$2) -> 0 | N61: =M61*$T$12 -> 0 | O61: =SUMIFS(XUẤT!U:U,XUẤT!N:N,CBCNV!B61,XUẤT!O:O,CBCNV!$O$2) -> 10 | P61: =O61*$T$13 -> 480000
... A88: 81 | B88: Nguyễn Thị Thúy Hằng | C88: CN ghi số | D88: Cao Xanh | E88: =SUMIFS(XUẤT!P:P,XUẤT!N:N,CBCNV!B88,XUẤT!O:O,CBCNV!$E$2) -> 0 | F88: =E88*$T$10 -> 0 | G88: =SUMIFS(XUẤT!Q:Q,XUẤT!N:N,CBCNV!B88,XUẤT!O:O,CBCNV!$G$2) -> 0 | H88: =G88*$T$8 -> 0 | I88: =SUMIFS(XUẤT!R:R,XUẤT!N:N,CBCNV!B88,XUẤT!O:O,CBCNV!$I$2) -> 0 | J88: =I88*$T$9 -> 0 | K88: =SUMIFS(XUẤT!S:S,XUẤT!N:N,CBCNV!B88,XUẤT!O:O,CBCNV!$K$2) -> 0 | L88: =K88*$T$11 -> 0 | M88: =SUMIFS(XUẤT!T:T,XUẤT!N:N,CBCNV!B88,XUẤT!O:O,CBCNV!$M$2) -> 0 | N88: =M88*$T$12 -> 0 | O88: =SUMIFS(XUẤT!U:U,XUẤT!N:N,CBCNV!B88,XUẤT!O:O,CBCNV!$O$2) -> 0 | P88: =O88*$T$13 -> 0
A89: 82 | B89: Vũ Thị Tươi | C89: CN VHMB | D89: Cao Xanh | E89: =SUMIFS(XUẤT!P:P,XUẤT!N:N,CBCNV!B89,XUẤT!O:O,CBCNV!$E$2) -> 0 | F89: =E89*$T$10 -> 0 | G89: =SUMIFS(XUẤT!Q:Q,XUẤT!N:N,CBCNV!B89,XUẤT!O:O,CBCNV!$G$2) -> 0 | H89: =G89*$T$8 -> 0 | I89: =SUMIFS(XUẤT!R:R,XUẤT!N:N,CBCNV!B89,XUẤT!O:O,CBCNV!$I$2) -> 0 | J89: =I89*$T$9 -> 0 | K89: =SUMIFS(XUẤT!S:S,XUẤT!N:N,CBCNV!B89,XUẤT!O:O,CBCNV!$K$2) -> 0 | L89: =K89*$T$11 -> 0 | M89: =SUMIFS(XUẤT!T:T,XUẤT!N:N,CBCNV!B89,XUẤT!O:O,CBCNV!$M$2) -> 0 | N89: =M89*$T$12 -> 0 | O89: =SUMIFS(XUẤT!U:U,XUẤT!N:N,CBCNV!B89,XUẤT!O:O,CBCNV!$O$2) -> 0 | P89: =O89*$T$13 -> 0 | R89: =E4+G4+I4+K4+M4+O4 -> 296
A90: 83 | B90: Nguyễn Xuân Hùng | C90: Trạm trưởng | D90: Hạ Long | E90: =SUMIFS(XUẤT!P:P,XUẤT!N:N,CBCNV!B90,XUẤT!O:O,CBCNV!$E$2) -> 0 | F90: =E90*$T$10 -> 0 | G90: =SUMIFS(XUẤT!Q:Q,XUẤT!N:N,CBCNV!B90,XUẤT!O:O,CBCNV!$G$2) -> 0 | H90: =G90*$T$8 -> 0 | I90: =SUMIFS(XUẤT!R:R,XUẤT!N:N,CBCNV!B90,XUẤT!O:O,CBCNV!$I$2) -> 0 | J90: =I90*$T$9 -> 0 | K90: =SUMIFS(XUẤT!S:S,XUẤT!N:N,CBCNV!B90,XUẤT!O:O,CBCNV!$K$2) -> 0 | L90: =K90*$T$11 -> 0 | M90: =SUMIFS(XUẤT!T:T,XUẤT!N:N,CBCNV!B90,XUẤT!O:O,CBCNV!$M$2) -> 0 | N90: =M90*$T$12 -> 0 | O90: =SUMIFS(XUẤT!U:U,XUẤT!N:N,CBCNV!B90,XUẤT!O:O,CBCNV!$O$2) -> 0 | P90: =O90*$T$13 -> 0
A91: 84 | B91: Nguyễn Văn Tuyên | C91: Trạm phó | D91: Hạ Long | E91: =SUMIFS(XUẤT!P:P,XUẤT!N:N,CBCNV!B91,XUẤT!O:O,CBCNV!$E$2) -> 0 | F91: =E91*$T$10 -> 0 | G91: =SUMIFS(XUẤT!Q:Q,XUẤT!N:N,CBCNV!B91,XUẤT!O:O,CBCNV!$G$2) -> 0 | H91: =G91*$T$8 -> 0 | I91: =SUMIFS(XUẤT!R:R,XUẤT!N:N,CBCNV!B91,XUẤT!O:O,CBCNV!$I$2) -> 0 | J91: =I91*$T$9 -> 0 | K91: =SUMIFS(XUẤT!S:S,XUẤT!N:N,CBCNV!B91,XUẤT!O:O,CBCNV!$K$2) -> 0 | L91: =K91*$T$11 -> 0 | M91: =SUMIFS(XUẤT!T:T,XUẤT!N:N,CBCNV!B91,XUẤT!O:O,CBCNV!$M$2) -> 0 | N91: =M91*$T$12 -> 0 | O91: =SUMIFS(XUẤT!U:U,XUẤT!N:N,CBCNV!B91,XUẤT!O:O,CBCNV!$O$2) -> 0 | P91: =O91*$T$13 -> 0
A92: 85 | B92: Bùi Ngọc Đàm | C92: Trạm phó | D92: Hạ Long | E92: =SUMIFS(XUẤT!P:P,XUẤT!N:N,CBCNV!B92,XUẤT!O:O,CBCNV!$E$2) -> 5 | F92: =E92*$T$10 -> 490000 | G92: =SUMIFS(XUẤT!Q:Q,XUẤT!N:N,CBCNV!B92,XUẤT!O:O,CBCNV!$G$2) -> 0 | H92: =G92*$T$8 -> 0 | I92: =SUMIFS(XUẤT!R:R,XUẤT!N:N,CBCNV!B92,XUẤT!O:O,CBCNV!$I$2) -> 0 | J92: =I92*$T$9 -> 0 | K92: =SUMIFS(XUẤT!S:S,XUẤT!N:N,CBCNV!B92,XUẤT!O:O,CBCNV!$K$2) -> 0 | L92: =K92*$T$11 -> 0 | M92: =SUMIFS(XUẤT!T:T,XUẤT!N:N,CBCNV!B92,XUẤT!O:O,CBCNV!$M$2) -> 0 | N92: =M92*$T$12 -> 0 | O92: =SUMIFS(XUẤT!U:U,XUẤT!N:N,CBCNV!B92,XUẤT!O:O,CBCNV!$O$2) -> 0 | P92: =O92*$T$13 -> 0
A93: 86 | B93: Vũ Quang Tạo | C93: CN quản lý | D93: Hạ Long | E93: =SUMIFS(XUẤT!P:P,XUẤT!N:N,CBCNV!B93,XUẤT!O:O,CBCNV!$E$2) -> 0 | F93: =E93*$T$10 -> 0 | G93: =SUMIFS(XUẤT!Q:Q,XUẤT!N:N,CBCNV!B93,XUẤT!O:O,CBCNV!$G$2) -> 0 | H93: =G93*$T$8 -> 0 | I93: =SUMIFS(XUẤT!R:R,XUẤT!N:N,CBCNV!B93,XUẤT!O:O,CBCNV!$I$2) -> 0 | J93: =I93*$T$9 -> 0 | K93: =SUMIFS(XUẤT!S:S,XUẤT!N:N,CBCNV!B93,XUẤT!O:O,CBCNV!$K$2) -> 0 | L93: =K93*$T$11 -> 0 | M93: =SUMIFS(XUẤT!T:T,XUẤT!N:N,CBCNV!B93,XUẤT!O:O,CBCNV!$M$2) -> 0 | N93: =M93*$T$12 -> 0 | O93: =SUMIFS(XUẤT!U:U,XUẤT!N:N,CBCNV!B93,XUẤT!O:O,CBCNV!$O$2) -> 0 | P93: =O93*$T$13 -> 0
A94: 87 | B94: Phạm Duy Linh | C94: CN quản lý | D94: Hạ Long | E94: =SUMIFS(XUẤT!P:P,XUẤT!N:N,CBCNV!B94,XUẤT!O:O,CBCNV!$E$2) -> 0 | F94: =E94*$T$10 -> 0 | G94: =SUMIFS(XUẤT!Q:Q,XUẤT!N:N,CBCNV!B94,XUẤT!O:O,CBCNV!$G$2) -> 0 | H94: =G94*$T$8 -> 0 | I94: =SUMIFS(XUẤT!R:R,XUẤT!N:N,CBCNV!B94,XUẤT!O:O,CBCNV!$I$2) -> 0 | J94: =I94*$T$9 -> 0 | K94: =SUMIFS(XUẤT!S:S,XUẤT!N:N,CBCNV!B94,XUẤT!O:O,CBCNV!$K$2) -> 0 | L94: =K94*$T$11 -> 0 | M94: =SUMIFS(XUẤT!T:T,XUẤT!N:N,CBCNV!B94,XUẤT!O:O,CBCNV!$M$2) -> 0 | N94: =M94*$T$12 -> 0 | O94: =SUMIFS(XUẤT!U:U,XUẤT!N:N,CBCNV!B94,XUẤT!O:O,CBCNV!$O$2) -> 0 | P94: =O94*$T$13 -> 0
A95: 88 | B95: Phạm Tiến Dũng | C95: CN quản lý | D95: Hạ Long | E95: =SUMIFS(XUẤT!P:P,XUẤT!N:N,CBCNV!B95,XUẤT!O:O,CBCNV!$E$2) -> 0 | F95: =E95*$T$10 -> 0 | G95: =SUMIFS(XUẤT!Q:Q,XUẤT!N:N,CBCNV!B95,XUẤT!O:O,CBCNV!$G$2) -> 0 | H95: =G95*$T$8 -> 0 | I95: =SUMIFS(XUẤT!R:R,XUẤT!N:N,CBCNV!B95,XUẤT!O:O,CBCNV!$I$2) -> 0 | J95: =I95*$T$9 -> 0 | K95: =SUMIFS(XUẤT!S:S,XUẤT!N:N,CBCNV!B95,XUẤT!O:O,CBCNV!$K$2) -> 0 | L95: =K95*$T$11 -> 0 | M95: =SUMIFS(XUẤT!T:T,XUẤT!N:N,CBCNV!B95,XUẤT!O:O,CBCNV!$M$2) -> 0 | N95: =M95*$T$12 -> 0 | O95: =SUMIFS(XUẤT!U:U,XUẤT!N:N,CBCNV!B95,XUẤT!O:O,CBCNV!$O$2) -> 0 | P95: =O95*$T$13 -> 0
A96: 89 | B96: Lê Anh Đức | C96: CN quản lý | D96: Hạ Long | E96: =SUMIFS(XUẤT!P:P,XUẤT!N:N,CBCNV!B96,XUẤT!O:O,CBCNV!$E$2) -> 0 | F96: =E96*$T$10 -> 0 | G96: =SUMIFS(XUẤT!Q:Q,XUẤT!N:N,CBCNV!B96,XUẤT!O:O,CBCNV!$G$2) -> 0 | H96: =G96*$T$8 -> 0 | I96: =SUMIFS(XUẤT!R:R,XUẤT!N:N,CBCNV!B96,XUẤT!O:O,CBCNV!$I$2) -> 0 | J96: =I96*$T$9 -> 0 | K96: =SUMIFS(XUẤT!S:S,XUẤT!N:N,CBCNV!B96,XUẤT!O:O,CBCNV!$K$2) -> 0 | L96: =K96*$T$11 -> 0 | M96: =SUMIFS(XUẤT!T:T,XUẤT!N:N,CBCNV!B96,XUẤT!O:O,CBCNV!$M$2) -> 0 | N96: =M96*$T$12 -> 0 | O96: =SUMIFS(XUẤT!U:U,XUẤT!N:N,CBCNV!B96,XUẤT!O:O,CBCNV!$O$2) -> 0 | P96: =O96*$T$13 -> 0
A97: 90 | B97: Bùi Minh Thái | C97: CN quản lý | D97: Hạ Long | E97: =SUMIFS(XUẤT!P:P,XUẤT!N:N,CBCNV!B97,XUẤT!O:O,CBCNV!$E$2) -> 0 | F97: =E97*$T$10 -> 0 | G97: =SUMIFS(XUẤT!Q:Q,XUẤT!N:N,CBCNV!B97,XUẤT!O:O,CBCNV!$G$2) -> 0 | H97: =G97*$T$8 -> 0 | I97: =SUMIFS(XUẤT!R:R,XUẤT!N:N,CBCNV!B97,XUẤT!O:O,CBCNV!$I$2) -> 0 | J97: =I97*$T$9 -> 0 | K97: =SUMIFS(XUẤT!S:S,XUẤT!N:N,CBCNV!B97,XUẤT!O:O,CBCNV!$K$2) -> 0 | L97: =K97*$T$11 -> 0 | M97: =SUMIFS(XUẤT!T:T,XUẤT!N:N,CBCNV!B97,XUẤT!O:O,CBCNV!$M$2) -> 0 | N97: =M97*$T$12 -> 0 | O97: =SUMIFS(XUẤT!U:U,XUẤT!N:N,CBCNV!B97,XUẤT!O:O,CBCNV!$O$2) -> 0 | P97: =O97*$T$13 -> 0
A98: 91 | B98: Nguyễn Văn Tùng | C98: CN quản lý | D98: Hạ Long | E98: =SUMIFS(XUẤT!P:P,XUẤT!N:N,CBCNV!B98,XUẤT!O:O,CBCNV!$E$2) -> 0 | F98: =E98*$T$10 -> 0 | G98: =SUMIFS(XUẤT!Q:Q,XUẤT!N:N,CBCNV!B98,XUẤT!O:O,CBCNV!$G$2) -> 0 | H98: =G98*$T$8 -> 0 | I98: =SUMIFS(XUẤT!R:R,XUẤT!N:N,CBCNV!B98,XUẤT!O:O,CBCNV!$I$2) -> 0 | J98: =I98*$T$9 -> 0 | K98: =SUMIFS(XUẤT!S:S,XUẤT!N:N,CBCNV!B98,XUẤT!O:O,CBCNV!$K$2) -> 0 | L98: =K98*$T$11 -> 0 | M98: =SUMIFS(XUẤT!T:T,XUẤT!N:N,CBCNV!B98,XUẤT!O:O,CBCNV!$M$2) -> 0 | N98: =M98*$T$12 -> 0 | O98: =SUMIFS(XUẤT!U:U,XUẤT!N:N,CBCNV!B98,XUẤT!O:O,CBCNV!$O$2) -> 0 | P98: =O98*$T$13 -> 0
A99: 92 | B99: Nguyễn Thị Chi | C99: CN VHMB | D99: Hạ Long | E99: =SUMIFS(XUẤT!P:P,XUẤT!N:N,CBCNV!B99,XUẤT!O:O,CBCNV!$E$2) -> 0 | F99: =E99*$T$10 -> 0 | G99: =SUMIFS(XUẤT!Q:Q,XUẤT!N:N,CBCNV!B99,XUẤT!O:O,CBCNV!$G$2) -> 0 | H99: =G99*$T$8 -> 0 | I99: =SUMIFS(XUẤT!R:R,XUẤT!N:N,CBCNV!B99,XUẤT!O:O,CBCNV!$I$2) -> 0 | J99: =I99*$T$9 -> 0 | K99: =SUMIFS(XUẤT!S:S,XUẤT!N:N,CBCNV!B99,XUẤT!O:O,CBCNV!$K$2) -> 0 | L99: =K99*$T$11 -> 0 | M99: =SUMIFS(XUẤT!T:T,XUẤT!N:N,CBCNV!B99,XUẤT!O:O,CBCNV!$M$2) -> 0 | N99: =M99*$T$12 -> 0 | O99: =SUMIFS(XUẤT!U:U,XUẤT!N:N,CBCNV!B99,XUẤT!O:O,CBCNV!$O$2) -> 0 | P99: =O99*$T$13 -> 0
A100: 93 | B100: Đào Thị Ngọc Anh | C100: CN VHMB | D100: Hạ Long | E100: =SUMIFS(XUẤT!P:P,XUẤT!N:N,CBCNV!B100,XUẤT!O:O,CBCNV!$E$2) -> 0 | F100: =E100*$T$10 -> 0 | G100: =SUMIFS(XUẤT!Q:Q,XUẤT!N:N,CBCNV!B100,XUẤT!O:O,CBCNV!$G$2) -> 0 | H100: =G100*$T$8 -> 0 | I100: =SUMIFS(XUẤT!R:R,XUẤT!N:N,CBCNV!B100,XUẤT!O:O,CBCNV!$I$2) -> 0 | J100: =I100*$T$9 -> 0 | K100: =SUMIFS(XUẤT!S:S,XUẤT!N:N,CBCNV!B100,XUẤT!O:O,CBCNV!$K$2) -> 0 | L100: =K100*$T$11 -> 0 | M100: =SUMIFS(XUẤT!T:T,XUẤT!N:N,CBCNV!B100,XUẤT!O:O,CBCNV!$M$2) -> 0 | N100: =M100*$T$12 -> 0 | O100: =SUMIFS(XUẤT!U:U,XUẤT!N:N,CBCNV!B100,XUẤT!O:O,CBCNV!$O$2) -> 0 | P100: =O100*$T$13 -> 0
A101: 94 | B101: Nguyễn Thị Sinh | C101: CN VHMB | D101: Hạ Long | E101: =SUMIFS(XUẤT!P:P,XUẤT!N:N,CBCNV!B101,XUẤT!O:O,CBCNV!$E$2) -> 0 | F101: =E101*$T$10 -> 0 | G101: =SUMIFS(XUẤT!Q:Q,XUẤT!N:N,CBCNV!B101,XUẤT!O:O,CBCNV!$G$2) -> 0 | H101: =G101*$T$8 -> 0 | I101: =SUMIFS(XUẤT!R:R,XUẤT!N:N,CBCNV!B101,XUẤT!O:O,CBCNV!$I$2) -> 0 | J101: =I101*$T$9 -> 0 | K101: =SUMIFS(XUẤT!S:S,XUẤT!N:N,CBCNV!B101,XUẤT!O:O,CBCNV!$K$2) -> 0 | L101: =K101*$T$11 -> 0 | M101: =SUMIFS(XUẤT!T:T,XUẤT!N:N,CBCNV!B101,XUẤT!O:O,CBCNV!$M$2) -> 0 | N101: =M101*$T$12 -> 0 | O101: =SUMIFS(XUẤT!U:U,XUẤT!N:N,CBCNV!B101,XUẤT!O:O,CBCNV!$O$2) -> 0 | P101: =O101*$T$13 -> 0
... A200: 193 | B200: Trần Thị Trinh | C200: CN ghi số | D200: Đá Trắng | E200: =SUMIFS(XUẤT!P:P,XUẤT!N:N,CBCNV!B200,XUẤT!O:O,CBCNV!$E$2) -> 0 | F200: =E200*$T$10 -> 0 | G200: =SUMIFS(XUẤT!Q:Q,XUẤT!N:N,CBCNV!B200,XUẤT!O:O,CBCNV!$G$2) -> 0 | H200: =G200*$T$8 -> 0 | I200: =SUMIFS(XUẤT!R:R,XUẤT!N:N,CBCNV!B200,XUẤT!O:O,CBCNV!$I$2) -> 0 | J200: =I200*$T$9 -> 0 | K200: =SUMIFS(XUẤT!S:S,XUẤT!N:N,CBCNV!B200,XUẤT!O:O,CBCNV!$K$2) -> 0 | L200: =K200*$T$11 -> 0 | M200: =SUMIFS(XUẤT!T:T,XUẤT!N:N,CBCNV!B200,XUẤT!O:O,CBCNV!$M$2) -> 0 | N200: =M200*$T$12 -> 0 | O200: =SUMIFS(XUẤT!U:U,XUẤT!N:N,CBCNV!B200,XUẤT!O:O,CBCNV!$O$2) -> 0 | P200: =O200*$T$13 -> 0

Sheet TỒN
A1: THEO DÕI NHẬP, XUẤT NƯỚC QAROMI
A2: Tháng 9/2026
A4: STT | B4: Ngày | C4: Nhập | J4: Xuất | Q4: Tồn
C5: Vỉ 350ml | D5: Hộp 500ml | E5: Vỉ 500ml | F5: Hộp 350ml | G5: Bình kiềm | H5: Bình RO | I5: Cộng | J5: Vỉ 350ml | K5: Hộp 500ml | L5: Vỉ 500ml | M5: Hộp 350ml | N5: Bình kiềm | O5: Bình RO | P5: Cộng | Q5: Vỉ 350ml | R5: Hộp 500ml | S5: Vỉ 500ml | T5: Hộp 350ml | U5: Bình kiềm | V5: Bình RO | W5: Cộng
A6: 1 | B6: 46266 | J6: =SUMIFS(XUẤT!$W:$W,XUẤT!$B:$B,TỒN!$B$12,XUẤT!$O:$O,TỒN!#REF!) -> 0 | K6: =SUMIFS(XUẤT!$W:$W,XUẤT!$B:$B,TỒN!$B$12,XUẤT!$O:$O,TỒN!#REF!) -> 0 | L6: =SUMIFS(XUẤT!$W:$W,XUẤT!$B:$B,TỒN!$B$12,XUẤT!$O:$O,TỒN!#REF!) -> 0 | M6: =SUMIFS(XUẤT!$W:$W,XUẤT!$B:$B,TỒN!$B$12,XUẤT!$O:$O,TỒN!#REF!) -> 0 | N6: =SUMIFS(XUẤT!$W:$W,XUẤT!$B:$B,TỒN!$B$12,XUẤT!$O:$O,TỒN!#REF!) -> 0 | O6: =SUMIFS(XUẤT!$W:$W,XUẤT!$B:$B,TỒN!$B$12,XUẤT!$O:$O,TỒN!#REF!) -> 0 | P6: =SUM(J6:O6) -> 0
A7: 2 | B7: 46267 | J7: =SUMIFS(XUẤT!$W:$W,XUẤT!$B:$B,TỒN!$B$12,XUẤT!$O:$O,TỒN!#REF!) -> 0 | K7: =SUMIFS(XUẤT!$W:$W,XUẤT!$B:$B,TỒN!$B$12,XUẤT!$O:$O,TỒN!#REF!) -> 0 | L7: =SUMIFS(XUẤT!$W:$W,XUẤT!$B:$B,TỒN!$B$12,XUẤT!$O:$O,TỒN!#REF!) -> 0 | M7: =SUMIFS(XUẤT!$W:$W,XUẤT!$B:$B,TỒN!$B$12,XUẤT!$O:$O,TỒN!#REF!) -> 0 | N7: =SUMIFS(XUẤT!$W:$W,XUẤT!$B:$B,TỒN!$B$12,XUẤT!$O:$O,TỒN!#REF!) -> 0 | O7: =SUMIFS(XUẤT!$W:$W,XUẤT!$B:$B,TỒN!$B$12,XUẤT!$O:$O,TỒN!#REF!) -> 0 | P7: =SUM(J7:O7) -> 0
A8: 3 | B8: 46268 | J8: =SUMIFS(XUẤT!$W:$W,XUẤT!$B:$B,TỒN!$B$12,XUẤT!$O:$O,TỒN!J1) -> 0 | K8: =SUMIFS(XUẤT!$W:$W,XUẤT!$B:$B,TỒN!$B$12,XUẤT!$O:$O,TỒN!K1) -> 0 | L8: =SUMIFS(XUẤT!$W:$W,XUẤT!$B:$B,TỒN!$B$12,XUẤT!$O:$O,TỒN!L1) -> 0 | M8: =SUMIFS(XUẤT!$W:$W,XUẤT!$B:$B,TỒN!$B$12,XUẤT!$O:$O,TỒN!M1) -> 0 | N8: =SUMIFS(XUẤT!$W:$W,XUẤT!$B:$B,TỒN!$B$12,XUẤT!$O:$O,TỒN!N1) -> 0 | O8: =SUMIFS(XUẤT!$W:$W,XUẤT!$B:$B,TỒN!$B$12,XUẤT!$O:$O,TỒN!O1) -> 0 | P8: =SUM(J8:O8) -> 0
A9: 4 | B9: 46269 | J9: =SUMIFS(XUẤT!$W:$W,XUẤT!$B:$B,TỒN!$B$12,XUẤT!$O:$O,TỒN!J2) -> 0 | K9: =SUMIFS(XUẤT!$W:$W,XUẤT!$B:$B,TỒN!$B$12,XUẤT!$O:$O,TỒN!K2) -> 0 | L9: =SUMIFS(XUẤT!$W:$W,XUẤT!$B:$B,TỒN!$B$12,XUẤT!$O:$O,TỒN!L2) -> 0 | M9: =SUMIFS(XUẤT!$W:$W,XUẤT!$B:$B,TỒN!$B$12,XUẤT!$O:$O,TỒN!M2) -> 0 | N9: =SUMIFS(XUẤT!$W:$W,XUẤT!$B:$B,TỒN!$B$12,XUẤT!$O:$O,TỒN!N2) -> 0 | O9: =SUMIFS(XUẤT!$W:$W,XUẤT!$B:$B,TỒN!$B$12,XUẤT!$O:$O,TỒN!O2) -> 0 | P9: =SUM(J9:O9) -> 0
A10: 5 | B10: 46270 | J10: =SUMIFS(XUẤT!$W:$W,XUẤT!$B:$B,TỒN!$B$12,XUẤT!$O:$O,TỒN!J3) -> 0 | K10: =SUMIFS(XUẤT!$W:$W,XUẤT!$B:$B,TỒN!$B$12,XUẤT!$O:$O,TỒN!K3) -> 0 | L10: =SUMIFS(XUẤT!$W:$W,XUẤT!$B:$B,TỒN!$B$12,XUẤT!$O:$O,TỒN!L3) -> 0 | M10: =SUMIFS(XUẤT!$W:$W,XUẤT!$B:$B,TỒN!$B$12,XUẤT!$O:$O,TỒN!M3) -> 0 | N10: =SUMIFS(XUẤT!$W:$W,XUẤT!$B:$B,TỒN!$B$12,XUẤT!$O:$O,TỒN!N3) -> 0 | O10: =SUMIFS(XUẤT!$W:$W,XUẤT!$B:$B,TỒN!$B$12,XUẤT!$O:$O,TỒN!O3) -> 0 | P10: =SUM(J10:O10) -> 0
A11: 6 | B11: 46271 | J11: =SUMIFS(XUẤT!$W:$W,XUẤT!$B:$B,TỒN!$B$12,XUẤT!$O:$O,TỒN!J4) -> 0 | K11: =SUMIFS(XUẤT!$W:$W,XUẤT!$B:$B,TỒN!$B$12,XUẤT!$O:$O,TỒN!K4) -> 0 | L11: =SUMIFS(XUẤT!$W:$W,XUẤT!$B:$B,TỒN!$B$12,XUẤT!$O:$O,TỒN!L4) -> 0 | M11: =SUMIFS(XUẤT!$W:$W,XUẤT!$B:$B,TỒN!$B$12,XUẤT!$O:$O,TỒN!M4) -> 0 | N11: =SUMIFS(XUẤT!$W:$W,XUẤT!$B:$B,TỒN!$B$12,XUẤT!$O:$O,TỒN!N4) -> 0 | O11: =SUMIFS(XUẤT!$W:$W,XUẤT!$B:$B,TỒN!$B$12,XUẤT!$O:$O,TỒN!O4) -> 0 | P11: =SUM(J11:O11) -> 0
A12: 7 | B12: 46272 | J12: =SUMIFS(XUẤT!$W:$W,XUẤT!$B:$B,TỒN!$B$12,XUẤT!$O:$O,TỒN!J5) -> 0 | K12: =SUMIFS(XUẤT!$W:$W,XUẤT!$B:$B,TỒN!$B$12,XUẤT!$O:$O,TỒN!K5) -> 0 | L12: =SUMIFS(XUẤT!$W:$W,XUẤT!$B:$B,TỒN!$B$12,XUẤT!$O:$O,TỒN!L5) -> 0 | M12: =SUMIFS(XUẤT!$W:$W,XUẤT!$B:$B,TỒN!$B$12,XUẤT!$O:$O,TỒN!M5) -> 0 | N12: =SUMIFS(XUẤT!$W:$W,XUẤT!$B:$B,TỒN!$B$12,XUẤT!$O:$O,TỒN!N5) -> 0 | O12: =SUMIFS(XUẤT!$W:$W,XUẤT!$B:$B,TỒN!$B$12,XUẤT!$O:$O,TỒN!O5) -> 0 | P12: =SUM(J12:O12) -> 0
A13: 8 | B13: 46273 | J13: =SUMIFS(XUẤT!$W:$W,XUẤT!$B:$B,TỒN!$B$12,XUẤT!$O:$O,TỒN!J12) -> 0 | K13: =SUMIFS(XUẤT!$W:$W,XUẤT!$B:$B,TỒN!$B$12,XUẤT!$O:$O,TỒN!K12) -> 0 | L13: =SUMIFS(XUẤT!$W:$W,XUẤT!$B:$B,TỒN!$B$12,XUẤT!$O:$O,TỒN!L12) -> 0 | M13: =SUMIFS(XUẤT!$W:$W,XUẤT!$B:$B,TỒN!$B$12,XUẤT!$O:$O,TỒN!M12) -> 0 | N13: =SUMIFS(XUẤT!$W:$W,XUẤT!$B:$B,TỒN!$B$12,XUẤT!$O:$O,TỒN!N12) -> 0 | O13: =SUMIFS(XUẤT!$W:$W,XUẤT!$B:$B,TỒN!$B$12,XUẤT!$O:$O,TỒN!O12) -> 0 | P13: =SUM(J13:O13) -> 0
A14: 9 | B14: 46274 | J14: =SUMIFS(XUẤT!$W:$W,XUẤT!$B:$B,TỒN!$B$12,XUẤT!$O:$O,TỒN!J13) -> 0 | K14: =SUMIFS(XUẤT!$W:$W,XUẤT!$B:$B,TỒN!$B$12,XUẤT!$O:$O,TỒN!K13) -> 0 | L14: =SUMIFS(XUẤT!$W:$W,XUẤT!$B:$B,TỒN!$B$12,XUẤT!$O:$O,TỒN!L13) -> 0 | M14: =SUMIFS(XUẤT!$W:$W,XUẤT!$B:$B,TỒN!$B$12,XUẤT!$O:$O,TỒN!M13) -> 0 | N14: =SUMIFS(XUẤT!$W:$W,XUẤT!$B:$B,TỒN!$B$12,XUẤT!$O:$O,TỒN!N13) -> 0 | O14: =SUMIFS(XUẤT!$W:$W,XUẤT!$B:$B,TỒN!$B$12,XUẤT!$O:$O,TỒN!O13) -> 0 | P14: =SUM(J14:O14) -> 0
A15: 10 | B15: 46275 | J15: =SUMIFS(XUẤT!$W:$W,XUẤT!$B:$B,TỒN!$B$12,XUẤT!$O:$O,TỒN!J14) -> 0 | K15: =SUMIFS(XUẤT!$W:$W,XUẤT!$B:$B,TỒN!$B$12,XUẤT!$O:$O,TỒN!K14) -> 0 | L15: =SUMIFS(XUẤT!$W:$W,XUẤT!$B:$B,TỒN!$B$12,XUẤT!$O:$O,TỒN!L14) -> 0 | M15: =SUMIFS(XUẤT!$W:$W,XUẤT!$B:$B,TỒN!$B$12,XUẤT!$O:$O,TỒN!M14) -> 0 | N15: =SUMIFS(XUẤT!$W:$W,XUẤT!$B:$B,TỒN!$B$12,XUẤT!$O:$O,TỒN!N14) -> 0 | O15: =SUMIFS(XUẤT!$W:$W,XUẤT!$B:$B,TỒN!$B$12,XUẤT!$O:$O,TỒN!O14) -> 0 | P15: =SUM(J15:O15) -> 0
A16: 11 | B16: 46276 | J16: =SUMIFS(XUẤT!$W:$W,XUẤT!$B:$B,TỒN!$B$12,XUẤT!$O:$O,TỒN!J15) -> 0 | K16: =SUMIFS(XUẤT!$W:$W,XUẤT!$B:$B,TỒN!$B$12,XUẤT!$O:$O,TỒN!K15) -> 0 | L16: =SUMIFS(XUẤT!$W:$W,XUẤT!$B:$B,TỒN!$B$12,XUẤT!$O:$O,TỒN!L15) -> 0 | M16: =SUMIFS(XUẤT!$W:$W,XUẤT!$B:$B,TỒN!$B$12,XUẤT!$O:$O,TỒN!M15) -> 0 | N16: =SUMIFS(XUẤT!$W:$W,XUẤT!$B:$B,TỒN!$B$12,XUẤT!$O:$O,TỒN!N15) -> 0 | O16: =SUMIFS(XUẤT!$W:$W,XUẤT!$B:$B,TỒN!$B$12,XUẤT!$O:$O,TỒN!O15) -> 0 | P16: =SUM(J16:O16) -> 0
A17: 12 | B17: 46277 | J17: =SUMIFS(XUẤT!$W:$W,XUẤT!$B:$B,TỒN!$B$12,XUẤT!$O:$O,TỒN!J16) -> 0 | K17: =SUMIFS(XUẤT!$W:$W,XUẤT!$B:$B,TỒN!$B$12,XUẤT!$O:$O,TỒN!K16) -> 0 | L17: =SUMIFS(XUẤT!$W:$W,XUẤT!$B:$B,TỒN!$B$12,XUẤT!$O:$O,TỒN!L16) -> 0 | M17: =SUMIFS(XUẤT!$W:$W,XUẤT!$B:$B,TỒN!$B$12,XUẤT!$O:$O,TỒN!M16) -> 0 | N17: =SUMIFS(XUẤT!$W:$W,XUẤT!$B:$B,TỒN!$B$12,XUẤT!$O:$O,TỒN!N16) -> 0 | O17: =SUMIFS(XUẤT!$W:$W,XUẤT!$B:$B,TỒN!$B$12,XUẤT!$O:$O,TỒN!O16) -> 0 | P17: =SUM(J17:O17) -> 0
A18: 13 | B18: 46278 | J18: =SUMIFS(XUẤT!$W:$W,XUẤT!$B:$B,TỒN!$B$12,XUẤT!$O:$O,TỒN!J17) -> 0 | K18: =SUMIFS(XUẤT!$W:$W,XUẤT!$B:$B,TỒN!$B$12,XUẤT!$O:$O,TỒN!K17) -> 0 | L18: =SUMIFS(XUẤT!$W:$W,XUẤT!$B:$B,TỒN!$B$12,XUẤT!$O:$O,TỒN!L17) -> 0 | M18: =SUMIFS(XUẤT!$W:$W,XUẤT!$B:$B,TỒN!$B$12,XUẤT!$O:$O,TỒN!M17) -> 0 | N18: =SUMIFS(XUẤT!$W:$W,XUẤT!$B:$B,TỒN!$B$12,XUẤT!$O:$O,TỒN!N17) -> 0 | O18: =SUMIFS(XUẤT!$W:$W,XUẤT!$B:$B,TỒN!$B$12,XUẤT!$O:$O,TỒN!O17) -> 0 | P18: =SUM(J18:O18) -> 0
A19: 14 | B19: 46279 | J19: =SUMIFS(XUẤT!$W:$W,XUẤT!$B:$B,TỒN!$B$12,XUẤT!$O:$O,TỒN!J18) -> 0 | K19: =SUMIFS(XUẤT!$W:$W,XUẤT!$B:$B,TỒN!$B$12,XUẤT!$O:$O,TỒN!K18) -> 0 | L19: =SUMIFS(XUẤT!$W:$W,XUẤT!$B:$B,TỒN!$B$12,XUẤT!$O:$O,TỒN!L18) -> 0 | M19: =SUMIFS(XUẤT!$W:$W,XUẤT!$B:$B,TỒN!$B$12,XUẤT!$O:$O,TỒN!M18) -> 0 | N19: =SUMIFS(XUẤT!$W:$W,XUẤT!$B:$B,TỒN!$B$12,XUẤT!$O:$O,TỒN!N18) -> 0 | O19: =SUMIFS(XUẤT!$W:$W,XUẤT!$B:$B,TỒN!$B$12,XUẤT!$O:$O,TỒN!O18) -> 0 | P19: =SUM(J19:O19) -> 0
A20: 15 | B20: 46280 | J20: =SUMIFS(XUẤT!$W:$W,XUẤT!$B:$B,TỒN!$B$12,XUẤT!$O:$O,TỒN!J19) -> 0 | K20: =SUMIFS(XUẤT!$W:$W,XUẤT!$B:$B,TỒN!$B$12,XUẤT!$O:$O,TỒN!K19) -> 0 | L20: =SUMIFS(XUẤT!$W:$W,XUẤT!$B:$B,TỒN!$B$12,XUẤT!$O:$O,TỒN!L19) -> 0 | M20: =SUMIFS(XUẤT!$W:$W,XUẤT!$B:$B,TỒN!$B$12,XUẤT!$O:$O,TỒN!M19) -> 0 | N20: =SUMIFS(XUẤT!$W:$W,XUẤT!$B:$B,TỒN!$B$12,XUẤT!$O:$O,TỒN!N19) -> 0 | O20: =SUMIFS(XUẤT!$W:$W,XUẤT!$B:$B,TỒN!$B$12,XUẤT!$O:$O,TỒN!O19) -> 0 | P20: =SUM(J20:O20) -> 0
A21: 16 | B21: 46281 | J21: =SUMIFS(XUẤT!$W:$W,XUẤT!$B:$B,TỒN!$B$12,XUẤT!$O:$O,TỒN!J20) -> 0 | K21: =SUMIFS(XUẤT!$W:$W,XUẤT!$B:$B,TỒN!$B$12,XUẤT!$O:$O,TỒN!K20) -> 0 | L21: =SUMIFS(XUẤT!$W:$W,XUẤT!$B:$B,TỒN!$B$12,XUẤT!$O:$O,TỒN!L20) -> 0 | M21: =SUMIFS(XUẤT!$W:$W,XUẤT!$B:$B,TỒN!$B$12,XUẤT!$O:$O,TỒN!M20) -> 0 | N21: =SUMIFS(XUẤT!$W:$W,XUẤT!$B:$B,TỒN!$B$12,XUẤT!$O:$O,TỒN!N20) -> 0 | O21: =SUMIFS(XUẤT!$W:$W,XUẤT!$B:$B,TỒN!$B$12,XUẤT!$O:$O,TỒN!O20) -> 0 | P21: =SUM(J21:O21) -> 0
A22: 17 | B22: 46282 | J22: =SUMIFS(XUẤT!$W:$W,XUẤT!$B:$B,TỒN!$B$12,XUẤT!$O:$O,TỒN!J21) -> 0 | K22: =SUMIFS(XUẤT!$W:$W,XUẤT!$B:$B,TỒN!$B$12,XUẤT!$O:$O,TỒN!K21) -> 0 | L22: =SUMIFS(XUẤT!$W:$W,XUẤT!$B:$B,TỒN!$B$12,XUẤT!$O:$O,TỒN!L21) -> 0 | M22: =SUMIFS(XUẤT!$W:$W,XUẤT!$B:$B,TỒN!$B$12,XUẤT!$O:$O,TỒN!M21) -> 0 | N22: =SUMIFS(XUẤT!$W:$W,XUẤT!$B:$B,TỒN!$B$12,XUẤT!$O:$O,TỒN!N21) -> 0 | O22: =SUMIFS(XUẤT!$W:$W,XUẤT!$B:$B,TỒN!$B$12,XUẤT!$O:$O,TỒN!O21) -> 0 | P22: =SUM(J22:O22) -> 0
A23: 18 | B23: 46283 | J23: =SUMIFS(XUẤT!$W:$W,XUẤT!$B:$B,TỒN!$B$12,XUẤT!$O:$O,TỒN!J22) -> 0 | K23: =SUMIFS(XUẤT!$W:$W,XUẤT!$B:$B,TỒN!$B$12,XUẤT!$O:$O,TỒN!K22) -> 0 | L23: =SUMIFS(XUẤT!$W:$W,XUẤT!$B:$B,TỒN!$B$12,XUẤT!$O:$O,TỒN!L22) -> 0 | M23: =SUMIFS(XUẤT!$W:$W,XUẤT!$B:$B,TỒN!$B$12,XUẤT!$O:$O,TỒN!M22) -> 0 | N23: =SUMIFS(XUẤT!$W:$W,XUẤT!$B:$B,TỒN!$B$12,XUẤT!$O:$O,TỒN!N22) -> 0 | O23: =SUMIFS(XUẤT!$W:$W,XUẤT!$B:$B,TỒN!$B$12,XUẤT!$O:$O,TỒN!O22) -> 0 | P23: =SUM(J23:O23) -> 0
A24: 19 | B24: 46284 | J24: =SUMIFS(XUẤT!$W:$W,XUẤT!$B:$B,TỒN!$B$12,XUẤT!$O:$O,TỒN!J23) -> 0 | K24: =SUMIFS(XUẤT!$W:$W,XUẤT!$B:$B,TỒN!$B$12,XUẤT!$O:$O,TỒN!K23) -> 0 | L24: =SUMIFS(XUẤT!$W:$W,XUẤT!$B:$B,TỒN!$B$12,XUẤT!$O:$O,TỒN!L23) -> 0 | M24: =SUMIFS(XUẤT!$W:$W,XUẤT!$B:$B,TỒN!$B$12,XUẤT!$O:$O,TỒN!M23) -> 0 | N24: =SUMIFS(XUẤT!$W:$W,XUẤT!$B:$B,TỒN!$B$12,XUẤT!$O:$O,TỒN!N23) -> 0 | O24: =SUMIFS(XUẤT!$W:$W,XUẤT!$B:$B,TỒN!$B$12,XUẤT!$O:$O,TỒN!O23) -> 0 | P24: =SUM(J24:O24) -> 0
... A35: 30 | B35: 46295 | J35: =SUMIFS(XUẤT!$W:$W,XUẤT!$B:$B,TỒN!$B$12,XUẤT!$O:$O,TỒN!J34) -> 0 | K35: =SUMIFS(XUẤT!$W:$W,XUẤT!$B:$B,TỒN!$B$12,XUẤT!$O:$O,TỒN!K34) -> 0 | L35: =SUMIFS(XUẤT!$W:$W,XUẤT!$B:$B,TỒN!$B$12,XUẤT!$O:$O,TỒN!L34) -> 0 | M35: =SUMIFS(XUẤT!$W:$W,XUẤT!$B:$B,TỒN!$B$12,XUẤT!$O:$O,TỒN!M34) -> 0 | N35: =SUMIFS(XUẤT!$W:$W,XUẤT!$B:$B,TỒN!$B$12,XUẤT!$O:$O,TỒN!N34) -> 0 | O35: =SUMIFS(XUẤT!$W:$W,XUẤT!$B:$B,TỒN!$B$12,XUẤT!$O:$O,TỒN!O34) -> 0 | P35: =SUM(J35:O35) -> 0
B36: Cộng | C36: =SUM(C12:C35) -> 0 | D36: =SUM(D12:D35) -> 0 | E36: =SUM(E12:E35) -> 0 | F36: =SUM(F12:F35) -> 0 | G36: =SUM(G12:G35) -> 0 | H36: =SUM(H12:H35) -> 0 | I36: =SUM(I12:I35) -> 0 | J36: =SUM(J12:J35) -> 0 | ... W36: =SUM(W12:W35) -> 0

Sheet ĐIÈU PHỐI
A1: ĐIỀU PHỐI QAROMI
A3: STT | B3: Họ tên | C3: Tổ/Trạm | D3: Địa chỉ nhà | E3: SĐT | F3: Khu vực thực hiện | H3: TỔ BẢO VỆ THÁNG 9
A4: I | B4: Bốc xếp, vận chuyển | H4: Ngày | I4: Thứ | J4: Người thực hiện | L4: Bùi Đức Hoàng | M4: =COUNTIFS($J$5:$J$28,L4) -> 3
A5: 1 | B5: Đinh Thu Huế | C5: Tổ thị trường | D5: Cao Xanh | E5: 0963913555 | F5: Cao Xanh, Hồng Gai | H5: 1 | I5: 2 | L5: Nguyễn Thị Hằng | M5: =COUNTIFS($J$5:$J$28,L5) -> 3
A6: 2 | B6: Đặng Thị Huyền | C6: Tổ DVCTT | D6: Cứu Hỏa | E6: 0966785220 | H6: 8 | I6: 3 | J6: Nguyễn Thị Hằng | L6: Nguyễn Thị Thùy | M6: =COUNTIFS($J$5:$J$28,L6) -> 4
A7: 3 | B7: Trần Bích Ly | D7: Bãi Muối | E7: 0988168666 | H7: 9 | I7: 4 | J7: Nguyễn Thị Thùy | L7: Đỗ Thị Vượng | M7: =COUNTIFS($J$5:$J$28,L7) -> 3
A8: 4 | B8: Bùi Đức Hoàng | C8: Bảo vệ | D8: Cột 3 | E8: 0982916899 | H8: 10 | I8: 5 | J8: Đỗ Thị Vượng | L8: Trăng Thị Thơm | M8: =COUNTIFS($J$5:$J$28,L8) -> 3
A9: 5 | B9: Nguyễn Thị Thùy | D9: Hà Trung | E9: 0365577629 | H9: 11 | I9: 6 | J9: Nguyễn Thị Huy | L9: Dương Thị Thu | M9: =COUNTIFS($J$5:$J$28,L9) -> 2
A10: 6 | B10: Nguyễn Thị Hằng | D10: Cột 3 | E10: 0787224668 | H10: 12 | I10: 7 | J10: Trăng Thị Thơm | L10: Nguyễn Thị Huy | M10: =COUNTIFS($J$5:$J$28,L10) -> 4
A11: 7 | B11: Trăng Thị Thơm | D11: Hà Phong | E11: 0379221778
A12: 8 | B12: Đỗ Thị Vượng | D12: Cột 5 | E12: 0914988892 | H12: 14 | I12: 2 | J12: Đỗ Thị Vượng
A13: 9 | B13: Nguyễn Thị Huy | D13: Cột 3 | E13: 0388573628 | H13: 15 | I13: 3 | J13: Bùi Đức Hoàng | K13: nghỉ phép
A14: 10 | B14: Dương Thị Thu | D14: Yết Kiêu | E14: 0838980944 | H14: 16 | I14: 4 | J14: Nguyễn Thị Thùy
A15: 11 | B15: Nguyễn Thị Chi | C15: Hạ Long | D15: Cột 5 | E15: 0855198226 | F15: Cột 3, cột 5 | H15: 17 | I15: 5 | J15: Dương Thị Thu
A16: 12 | B16: Lê Thanh Xuân | C16: Hà Tu | D16: Hà Tu | E16: 0962672181 | F16: Tăng áp -> Hà Tu | H16: 18 | I16: 6 | J16: Trăng Thị Thơm
A17: 13 | B17: Nguyễn Văn Hưng | C17: Hà Lầm | E17: 0915196225 | F17: Hà Lầm | H17: 19 | I17: 7 | J17: Nguyễn Thị Hằng | K17: nghỉ phép
A18: 14 | B18: Trần Trọng Khoa | C18: Hồng Gai | E18: 0904099383 | F18: Hồng Gai | H18: 20 | I18: CN | J18: Nguyễn Thị Huy | L18: Tùng chạy xe
A19: 15 | B19: Nguyễn Thanh Xuyền | C19: Đá Trắng | E19: 0982757198 | F19: Đá Trắng | H19: 21 | I19: 2 | J19: Nguyễn Thị Hằng | K19: nghỉ phép | L19: Tùng chạy xe
A20: II | B20: Lái xe tải điện | H20: 22 | I20: 3 | J20: Trăng Thị Thơm
A21: 1 | B21: Nguyễn Thị Hồng Phương | D21: Yết Kiêu | E21: 0934399569 | H21: 23 | I21: 4 | J21: Dương Thị Thu
A22: 2 | B22: Đặng Thanh Tùng | D22: Cao Xanh | E22: 0968333882 | H22: 24 | I22: 5 | J22: Nguyễn Thị Thùy
H23: 25 | I23: 6 | J23: Nguyễn Thị Huy
A24: STT | B24: Thứ tự điều phối | H24: 26 | I24: 7 | J24: Đỗ Thị Vượng
A25: 1 | B25: Tổ Tiếp thị | H25: 27 | I25: CN | J25: Bùi Đức Hoàng
A26: 2 | B26: Tổ Dịch vụ | H26: 28 | I26: 2 | J26: Nguyễn Thị Huy
A27: 3 | B27: Tổ Bảo vệ | H27: 29 | I27: 3 | J27: Bùi Đức Hoàng
A28: 4 | B28: Trạm QL | H28: 30 | I28: 4 | J28: Nguyễn Thị Thùy

Sheet Vận chuyển
A1: TỔNG HỢP CHI PHÍ VẬN CHUYỂN, BỐC XẾP
A2: Tháng 9/2026
A4: STT | B4: Người thực hiện | C4: Tổ/Trạm | D4: Số lượng | E4: Số tiền
A5: 1 | B5: Xí nghiệp | D5: =SUMIFS(XUẤT!AB:AB,XUẤT!AA:AA,'Vận chuyển'!B5) -> 0 | E5: =D5*5000 -> 0
A6: 2 | B6: Đinh Thu Huế | C6: Tổ thị trường | D6: =SUMIFS(XUẤT!AB:AB,XUẤT!AA:AA,'Vận chuyển'!B6) -> 44 | E6: =D6*5000 -> 220000
A7: 3 | B7: Tổ DVCTT | C7: Tổ DVCTT | D7: =SUMIFS(XUẤT!AB:AB,XUẤT!AA:AA,'Vận chuyển'!B7) -> 0 | E7: =D7*5000 -> 0
A8: 5 | B8: Bùi Đức Hoàng | C8: Bảo vệ | D8: =SUMIFS(XUẤT!AB:AB,XUẤT!AA:AA,'Vận chuyển'!B8) -> 0 | E8: =D8*5000 -> 0
A9: 6 | B9: Nguyễn Thị Thùy | D9: =SUMIFS(XUẤT!AB:AB,XUẤT!AA:AA,'Vận chuyển'!B9) -> 0 | E9: =D9*5000 -> 0
A10: 7 | B10: Nguyễn Thị Hằng | D10: =SUMIFS(XUẤT!AB:AB,XUẤT!AA:AA,'Vận chuyển'!B10) -> 0 | E10: =D10*5000 -> 0
A11: 8 | B11: Tăng Thị Thơm | D11: =SUMIFS(XUẤT!AB:AB,XUẤT!AA:AA,'Vận chuyển'!B11) -> 0 | E11: =D11*5000 -> 0
A12: 9 | B12: Đỗ Thị Vượng | D12: =SUMIFS(XUẤT!AB:AB,XUẤT!AA:AA,'Vận chuyển'!B12) -> 2 | E12: =D12*5000 -> 10000
A13: 10 | B13: Nguyễn Thị Huy | D13: =SUMIFS(XUẤT!AB:AB,XUẤT!AA:AA,'Vận chuyển'!B13) -> 6 | E13: =D13*5000 -> 30000
A14: 11 | B14: Dương Thị Thu | D14: =SUMIFS(XUẤT!AB:AB,XUẤT!AA:AA,'Vận chuyển'!B14) -> 0 | E14: =D14*5000 -> 0
A15: 12 | B15: Nguyễn Thị Chi | C15: Hạ Long | D15: =SUMIFS(XUẤT!AB:AB,XUẤT!AA:AA,'Vận chuyển'!B15) -> 0 | E15: =D15*5000 -> 0
A16: 13 | B16: Lê Thanh Xuân | C16: Hà Tu | D16: =SUMIFS(XUẤT!AB:AB,XUẤT!AA:AA,'Vận chuyển'!B16) -> 3 | E16: =D16*5000 -> 15000
A17: 14 | B17: Nguyễn Văn Hưng | C17: Hà Lầm | D17: =SUMIFS(XUẤT!AB:AB,XUẤT!AA:AA,'Vận chuyển'!B17) -> 0 | E17: =D17*5000 -> 0
A18: 15 | B18: Trần Trọng Khoa | C18: Hồng Gai | D18: =SUMIFS(XUẤT!AB:AB,XUẤT!AA:AA,'Vận chuyển'!B18) -> 0 | E18: =D18*5000 -> 0
A19: 16 | B19: Nguyễn Thanh Xuyền | C19: Đá Trắng | D19: =SUMIFS(XUẤT!AB:AB,XUẤT!AA:AA,'Vận chuyển'!B19) -> 0 | E19: =D19*5000 -> 0
A20: 17 | B20: Phạm Thị Đan Thanh | D20: =SUMIFS(XUẤT!AB:AB,XUẤT!AA:AA,'Vận chuyển'!B20) -> 5 | E20: =D20*5000 -> 25000
A21: 18 | B21: Mai Anh Dũng | C21: Văn phòng | D21: =SUMIFS(XUẤT!AB:AB,XUẤT!AA:AA,'Vận chuyển'!B21) -> 0 | E21: =D21*5000 -> 0
A22: 18 | B22: Vũ Thị Tươi | C22: Cao Xanh | D22: =SUMIFS(XUẤT!AB:AB,XUẤT!AA:AA,'Vận chuyển'!B22) -> 0 | E22: =D22*5000 -> 0
A23: 19 | B23: Lương Thị Vân Mai | C23: Cao Xanh | D23: =SUMIFS(XUẤT!AB:AB,XUẤT!AA:AA,'Vận chuyển'!B23) -> 0 | E23: =D23*5000 -> 0
A24: 20 | B24: Bùi Thị Thu | C24: Cao Xanh | D24: =SUMIFS(XUẤT!AB:AB,XUẤT!AA:AA,'Vận chuyển'!B24) -> 0 | E24: =D24*5000 -> 0
A25: 21 | B25: Lại Thị Lan | C25: Tổ thị trường | D25: =SUMIFS(XUẤT!AB:AB,XUẤT!AA:AA,'Vận chuyển'!B25) -> 0 | E25: =D25*5000 -> 0
A26: 22 | B26: Lưu Hải Yến | C26: Hồng Gai | D26: =SUMIFS(XUẤT!AB:AB,XUẤT!AA:AA,'Vận chuyển'!B26) -> 0 | E26: =D26*5000 -> 0
A27: 23 | B27: Bùi Ngọc Nguyên | C27: Văn phòng | D27: =SUMIFS(XUẤT!AB:AB,XUẤT!AA:AA,'Vận chuyển'!B27) -> 0 | E27: =D27*5000 -> 0
A28: 24 | B28: Lê Như Hùng | C28: Văn phòng | D28: =SUMIFS(XUẤT!AB:AB,XUẤT!AA:AA,'Vận chuyển'!B28) -> 0 | E28: =D28*5000 -> 0
A29: 25 | B29: Mạc Thị Thanh Tú | C29: Hà Lầm | D29: =SUMIFS(XUẤT!AB:AB,XUẤT!AA:AA,'Vận chuyển'!B29) -> 0 | E29: =D29*5000 -> 0
A30: 26 | B30: Bùi Hà Thu | C30: Hà Lầm | D30: =SUMIFS(XUẤT!AB:AB,XUẤT!AA:AA,'Vận chuyển'!B30) -> 0 | E30: =D30*5000 -> 0
A31: 27 | B31: Phạm Thu Quỳnh | C31: Hà Lầm | D31: =SUMIFS(XUẤT!AB:AB,XUẤT!AA:AA,'Vận chuyển'!B31) -> 0 | E31: =D31*5000 -> 0
A32: 28 | B32: Vũ Thị Thanh Thảo | C32: Hạ Long | D32: =SUMIFS(XUẤT!AB:AB,XUẤT!AA:AA,'Vận chuyển'!B32) -> 0 | E32: =D32*5000 -> 0
A33: 29 | B33: Nguyễn Thị Thúy Hằng | D33: =SUMIFS(XUẤT!AB:AB,XUẤT!AA:AA,'Vận chuyển'!B33) -> 10 | E33: =D33*5000 -> 50000
A34: 30 | B34: Nguyễn Thị Hằng | C34: Bảo vệ | D34: =SUMIFS(XUẤT!AB:AB,XUẤT!AA:AA,'Vận chuyển'!B34) -> 0 | E34: =D34*5000 -> 0
A35: 31 | B35: Nguyễn Thị Hiếu | C35: Ghi số | D35: =SUMIFS(XUẤT!AB:AB,XUẤT!AA:AA,'Vận chuyển'!B35) -> 0 | E35: =D35*5000 -> 0
A36: 32 | B36: Nguyễn Thị Hồng Phương | C36: Lai xe | D36: =SUMIFS(XUẤT!AB:AB,XUẤT!AA:AA,'Vận chuyển'!B36) -> 0 | E36: =D36*5000 -> 0
A37: 33 | B37: Tăng Thị Thơm | D37: =SUMIFS(XUẤT!AB:AB,XUẤT!AA:AA,'Vận chuyển'!B37) -> 0 | E37: =D37*5000 -> 0
A38: 34 | B38: Phương + Huế | D38: =SUMIFS(XUẤT!AB:AB,XUẤT!AA:AA,'Vận chuyển'!B38) -> 0 | E38: =D38*5000 -> 0
A39: 35 | B39: Yến Quảng Yên | D39: =SUMIFS(XUẤT!AB:AB,XUẤT!AA:AA,'Vận chuyển'!B39) -> 0 | E39: =D39*5000 -> 0
A40: 36 | B40: Bùi Ngọc Mai | D40: =SUMIFS(XUẤT!AB:AB,XUẤT!AA:AA,'Vận chuyển'!B40) -> 0 | E40: =D40*5000 -> 0
A41: 37 | B41: Thảo Cẩm Phả | D41: =SUMIFS(XUẤT!AB:AB,XUẤT!AA:AA,'Vận chuyển'!B41) -> 0 | E41: =D41*5000 -> 0
A42: 38 | B42: Vũ Thành Long | D42: =SUMIFS(XUẤT!AB:AB,XUẤT!AA:AA,'Vận chuyển'!B42) -> 0 | E42: =D42*5000 -> 0
A43: 39 | B43: Đỗ Thị Liễu | D43: =SUMIFS(XUẤT!AB:AB,XUẤT!AA:AA,'Vận chuyển'!B43) -> 0 | E43: =D43*5000 -> 0
A44: 40 | B44: Kim anh Bãi Cháy | D44: =SUMIFS(XUẤT!AB:AB,XUẤT!AA:AA,'Vận chuyển'!B44) -> 8 | E44: =D44*5000 -> 40000
A45: 41 | B45: Nguyễn Thị Sinh | D45: =SUMIFS(XUẤT!AB:AB,XUẤT!AA:AA,'Vận chuyển'!B45) -> 0 | E45: =D45*5000 -> 0
A46: 42 | B46: Nguyễn Quốc Hưng | D46: =SUMIFS(XUẤT!AB:AB,XUẤT!AA:AA,'Vận chuyển'!B46) -> 0 | E46: =D46*5000 -> 0
A47: 43 | B47: Tô Thị Phương | D47: =SUMIFS(XUẤT!AB:AB,XUẤT!AA:AA,'Vận chuyển'!B47) -> 0 | E47: =D47*5000 -> 0
A48: 44 | B48: Nguyễn Thị Huy | D48: =SUMIFS(XUẤT!AB:AB,XUẤT!AA:AA,'Vận chuyển'!B48) -> 6 | E48: =D48*5000 -> 30000
... A57: 53 | B57: Phạm Thị Huyền | D57: =SUMIFS(XUẤT!AB:AB,XUẤT!AA:AA,'Vận chuyển'!B57) -> 0 | E57: =D57*5000 -> 0
B58: Cộng | D58: =SUM(D5:D37) -> 70 | E58: =SUM(E5:E38) -> 350000 | F58: =E58-XUẤT!AC5 -> -2145000

Sheet Đơn giá
A3: STT | B3: Hàng hóa | C3: Giá bán | I3: SL | J3: ĐG | K3: tiền
A4: 1 | B4: Vỉ 350ml | C4: 85000 | F4: Công ty | I4: 688 | J4: 98000 | K4: =I4*J4 -> 67424000
A5: 2 | B5: Hộp 350ml | C5: 93000 | F5: Xí nghiệp | I5: 80 | J5: 93000 | K5: =I5*J5 -> 7440000
A6: 3 | B6: Vỉ 500ml | C6: 98000 | I6: 62 | J6: 48000 | K6: =I6*J6 -> 2976000
A7: 4 | B7: Hộp 500ml | C7: 106000 | I7: 147 | J7: 52000 | K7: =I7*J7 -> 7644000
A8: 5 | B8: Bình kiềm | C8: 52000 | I8: 18 | J8: 93000 | K8: =I8*J8 -> 1674000
A9: 6 | B9: Bình RO | C9: 48000 | J9: Tổng | K9: =SUM(K4:K8) -> 87158000

Sheet TỒN TỔNG
A1: STT | B1: NGÀY | C1: Kho | D1: TỒN CUỐI | I1: GHI CHÚ
D2: BÌNH RO | E2: BÌNH KIỀM | F2: Hộp 500 ML | G2: VỈ 500ML | H2: VỈ 350ML | I2: 8/9 VAY KHO CÔNG TY 22 VỈ 500ML – ĐƠN PHƯƠNG LÁI XE
A3: 1 | B3: 11/9/2026 | C3: Kho Huế | D3: ='TỒN KHO HUẾ'!#REF! -> #REF! | E3: ='TỒN KHO HUẾ'!#REF! -> #REF! | F3: ='TỒN KHO HUẾ'!#REF! -> #REF! | G3: ='TỒN KHO HUẾ'!#REF! -> #REF! | H3: ='TỒN KHO HUẾ'!#REF! -> #REF!
A4: 2 | C4: Kho tăng áp | D4: ='TỒN KHO TĂNG ÁP'!#REF! -> #REF! | E4: ='TỒN KHO TĂNG ÁP'!#REF! -> #REF! | F4: ='TỒN KHO TĂNG ÁP'!#REF! -> #REF! | G4: ='TỒN KHO TĂNG ÁP'!#REF! -> #REF! | H4: ='TỒN KHO TĂNG ÁP'!#REF! -> #REF!
A5: 3 | C5: Kho văn phòng | D5: ='Tồn kho VP'!R6 -> 0 | E5: ='Tồn kho VP'!S6 -> 0 | F5: ='Tồn kho VP'!T6 -> 0 | G5: ='Tồn kho VP'!U6 -> 51 | H5: ='Tồn kho VP'!V6 -> 0
A6: 4 | B6: 46365 | C6: Kho Huế | D6: ='TỒN KHO HUẾ'!#REF! -> #REF! | E6: ='TỒN KHO HUẾ'!#REF! -> #REF! | F6: ='TỒN KHO HUẾ'!#REF! -> #REF! | G6: ='TỒN KHO HUẾ'!#REF! -> #REF! | H6: ='TỒN KHO HUẾ'!#REF! -> #REF!
A7: 5 | C7: Kho tăng áp | D7: ='TỒN KHO TĂNG ÁP'!#REF! -> #REF! | E7: ='TỒN KHO TĂNG ÁP'!#REF! -> #REF! | F7: ='TỒN KHO TĂNG ÁP'!#REF! -> #REF! | G7: ='TỒN KHO TĂNG ÁP'!#REF! -> #REF! | H7: ='TỒN KHO TĂNG ÁP'!#REF! -> #REF!
A8: 6 | C8: Kho văn phòng | D8: ='Tồn kho VP'!R7 -> 0 | E8: ='Tồn kho VP'!S7 -> 0 | F8: ='Tồn kho VP'!T7 -> 0 | G8: ='Tồn kho VP'!U7 -> 47 | H8: ='Tồn kho VP'!V7 -> 0
A9: 7 | B9: 13/9/2026 | C9: Kho Huế | D9: ='TỒN KHO HUẾ'!#REF! -> #REF! | E9: ='TỒN KHO HUẾ'!#REF! -> #REF! | F9: ='TỒN KHO HUẾ'!#REF! -> #REF! | G9: ='TỒN KHO HUẾ'!#REF! -> #REF! | H9: ='TỒN KHO HUẾ'!#REF! -> #REF!
A10: 8 | C10: Kho tăng áp | D10: ='TỒN KHO TĂNG ÁP'!#REF! -> #REF! | E10: ='TỒN KHO TĂNG ÁP'!#REF! -> #REF! | F10: ='TỒN KHO TĂNG ÁP'!#REF! -> #REF! | G10: ='TỒN KHO TĂNG ÁP'!#REF! -> #REF! | H10: ='TỒN KHO TĂNG ÁP'!#REF! -> #REF!
A11: 9 | C11: Kho văn phòng | D11: ='Tồn kho VP'!R8 -> 0 | E11: ='Tồn kho VP'!S8 -> 0 | F11: ='Tồn kho VP'!T8 -> 0 | G11: ='Tồn kho VP'!U8 -> 29 | H11: ='Tồn kho VP'!V8 -> 0
A12: 10 | C12: Tồn xe điện | D12: ='tồn xe'!O5 -> 0 | E12: ='tồn xe'!P5 -> 0 | F12: ='tồn xe'!Q5 -> 11 | G12: ='tồn xe'!R5 -> 0 | H12: ='tồn xe'!S5 -> 0
A13: 11 | B13: 14/9/2026 | C13: Kho Huế | D13: ='TỒN KHO HUẾ'!#REF! -> #REF! | E13: ='TỒN KHO HUẾ'!#REF! -> #REF! | F13: ='TỒN KHO HUẾ'!#REF! -> #REF! | G13: ='TỒN KHO HUẾ'!#REF! -> #REF! | H13: ='TỒN KHO HUẾ'!#REF! -> #REF!
A14: 12 | C14: Kho tăng áp | D14: ='TỒN KHO TĂNG ÁP'!#REF! -> #REF! | E14: ='TỒN KHO TĂNG ÁP'!#REF! -> #REF! | F14: ='TỒN KHO TĂNG ÁP'!#REF! -> #REF! | G14: ='TỒN KHO TĂNG ÁP'!#REF! -> #REF! | H14: ='TỒN KHO TĂNG ÁP'!#REF! -> #REF!
A15: 13 | C15: Kho văn phòng | D15: ='Tồn kho VP'!R9 -> 0 | E15: ='Tồn kho VP'!S9 -> 0 | F15: ='Tồn kho VP'!T9 -> 0 | G15: ='Tồn kho VP'!U9 -> 29 | H15: ='Tồn kho VP'!V9 -> 0
A16: 14 | C16: Tồn xe điện | D16: ='tồn xe'!O6 -> 0 | E16: ='tồn xe'!P6 -> 0 | F16: ='tồn xe'!Q6 -> 0 | G16: ='tồn xe'!R6 -> 0 | H16: ='tồn xe'!S6 -> 0
A17: 15 | C17: Tồn kho Hà Lầm | D17: ='TỒN KHO HÀ LẦM'!R7 -> 0 | E17: ='TỒN KHO HÀ LẦM'!S7 -> 0 | F17: ='TỒN KHO HÀ LẦM'!T7 -> 0 | G17: ='TỒN KHO HÀ LẦM'!U7 -> 17 | H17: ='TỒN KHO HÀ LẦM'!V7 -> 30
A18: 16 | B18: 15/9/2026 | C18: Kho Huế | D18: ='TỒN KHO HUẾ'!#REF! -> #REF! | E18: ='TỒN KHO HUẾ'!#REF! -> #REF! | F18: ='TỒN KHO HUẾ'!#REF! -> #REF! | G18: ='TỒN KHO HUẾ'!#REF! -> #REF! | H18: ='TỒN KHO HUẾ'!#REF! -> #REF!
A19: 17 | C19: Kho tăng áp | D19: ='TỒN KHO TĂNG ÁP'!#REF! -> #REF! | E19: ='TỒN KHO TĂNG ÁP'!#REF! -> #REF! | F19: ='TỒN KHO TĂNG ÁP'!#REF! -> #REF! | G19: ='TỒN KHO TĂNG ÁP'!#REF! -> #REF! | H19: ='TỒN KHO TĂNG ÁP'!#REF! -> #REF!
A20: 18 | C20: Kho văn phòng | D20: ='Tồn kho VP'!R10 -> 0 | E20: ='Tồn kho VP'!S10 -> 0 | F20: ='Tồn kho VP'!T10 -> 0 | G20: ='Tồn kho VP'!U10 -> 28 | H20: ='Tồn kho VP'!V10 -> 0
A21: 19 | C21: Tồn xe điện | D21: ='tồn xe'!O7 -> 0 | E21: ='tồn xe'!P7 -> 0 | F21: ='tồn xe'!Q7 -> 0 | G21: ='tồn xe'!R7 -> 0 | H21: ='tồn xe'!S7 -> 0
A22: 20 | C22: Tồn kho Hà Lầm | D22: ='TỒN KHO HÀ LẦM'!R8 -> 0 | E22: ='TỒN KHO HÀ LẦM'!S8 -> 0 | F22: ='TỒN KHO HÀ LẦM'!T8 -> 0 | G22: ='TỒN KHO HÀ LẦM'!U8 -> 17 | H22: ='TỒN KHO HÀ LẦM'!V8 -> 30
A23: 21 | B23: 16/9/2026 | C23: Kho Huế | D23: ='TỒN KHO HUẾ'!#REF! -> #REF! | E23: ='TỒN KHO HUẾ'!#REF! -> #REF! | F23: ='TỒN KHO HUẾ'!#REF! -> #REF! | G23: ='TỒN KHO HUẾ'!#REF! -> #REF! | H23: ='TỒN KHO HUẾ'!#REF! -> #REF!
A24: 22 | C24: Kho tăng áp | D24: ='TỒN KHO TĂNG ÁP'!#REF! -> #REF! | E24: ='TỒN KHO TĂNG ÁP'!#REF! -> #REF! | F24: ='TỒN KHO TĂNG ÁP'!#REF! -> #REF! | G24: ='TỒN KHO TĂNG ÁP'!#REF! -> #REF! | H24: ='TỒN KHO TĂNG ÁP'!#REF! -> #REF!
A25: 23 | C25: Kho văn phòng | D25: ='Tồn kho VP'!R11 -> 0 | E25: ='Tồn kho VP'!S11 -> 0 | F25: ='Tồn kho VP'!T11 -> 0 | G25: ='Tồn kho VP'!U11 -> 24 | H25: ='Tồn kho VP'!V11 -> 0
C26: Tồn xe điện
C27: Tồn kho Hà Lầm | D27: ='TỒN KHO HÀ LẦM'!R9 -> 0 | E27: ='TỒN KHO HÀ LẦM'!S9 -> 0 | F27: ='TỒN KHO HÀ LẦM'!T9 -> 0 | G27: ='TỒN KHO HÀ LẦM'!U9 -> 17 | H27: ='TỒN KHO HÀ LẦM'!V9 -> 30
B28: 17/9/2026 | C28: Kho Huế | D28: ='TỒN KHO HUẾ'!#REF! -> #REF! | E28: ='TỒN KHO HUẾ'!#REF! -> #REF! | F28: ='TỒN KHO HUẾ'!#REF! -> #REF! | G28: ='TỒN KHO HUẾ'!#REF! -> #REF! | H28: ='TỒN KHO HUẾ'!#REF! -> #REF!
C29: Kho tăng áp | D29: ='TỒN KHO TĂNG ÁP'!#REF! -> #REF! | E29: ='TỒN KHO TĂNG ÁP'!#REF! -> #REF! | F29: ='TỒN KHO TĂNG ÁP'!#REF! -> #REF! | G29: ='TỒN KHO TĂNG ÁP'!#REF! -> #REF! | H29: ='TỒN KHO TĂNG ÁP'!#REF! -> #REF!
C30: Kho văn phòng | D30: ='Tồn kho VP'!R12 -> 0 | E30: ='Tồn kho VP'!S12 -> 0 | F30: ='Tồn kho VP'!T12 -> 0 | G30: ='Tồn kho VP'!U12 -> 22 | H30: ='Tồn kho VP'!V12 -> 0
C31: Tồn xe điện | D31: ='tồn xe'!O9 -> 0 | E31: ='tồn xe'!P9 -> 0 | F31: ='tồn xe'!Q9 -> 0 | G31: ='tồn xe'!R9 -> 0 | H31: ='tồn xe'!S9 -> 0
C32: Tồn kho Hà Lầm | D32: ='TỒN KHO HÀ LẦM'!R8 -> 0 | E32: ='TỒN KHO HÀ LẦM'!S8 -> 0 | F32: ='TỒN KHO HÀ LẦM'!T8 -> 0 | G32: ='TỒN KHO HÀ LẦM'!U8 -> 17 | H32: ='TỒN KHO HÀ LẦM'!V8 -> 30
B33: 18/9/2026 | C33: Kho Huế | D33: ='TỒN KHO HUẾ'!#REF! -> #REF! | E33: ='TỒN KHO HUẾ'!#REF! -> #REF! | F33: ='TỒN KHO HUẾ'!#REF! -> #REF! | G33: ='TỒN KHO HUẾ'!#REF! -> #REF! | H33: ='TỒN KHO HUẾ'!#REF! -> #REF!
C34: Kho tăng áp | D34: ='TỒN KHO TĂNG ÁP'!#REF! -> #REF! | E34: ='TỒN KHO TĂNG ÁP'!#REF! -> #REF! | F34: ='TỒN KHO TĂNG ÁP'!#REF! -> #REF! | G34: ='TỒN KHO TĂNG ÁP'!#REF! -> #REF! | H34: ='TỒN KHO TĂNG ÁP'!#REF! -> #REF!
C35: Kho văn phòng | D35: ='Tồn kho VP'!R13 -> 0 | E35: ='Tồn kho VP'!S13 -> 0 | F35: ='Tồn kho VP'!T13 -> 0 | G35: ='Tồn kho VP'!U13 -> 18 | H35: ='Tồn kho VP'!V13 -> 0
C36: Tồn xe điện | D36: ='tồn xe'!O10 -> 0 | E36: ='tồn xe'!P10 -> 0 | F36: ='tồn xe'!Q10 -> 0 | G36: ='tồn xe'!R10 -> 0 | H36: ='tồn xe'!S10 -> 0
C37: Tồn kho Hà Lầm | D37: ='TỒN KHO HÀ LẦM'!R11 -> 0 | E37: ='TỒN KHO HÀ LẦM'!S11 -> 0 | F37: ='TỒN KHO HÀ LẦM'!T11 -> 0 | G37: ='TỒN KHO HÀ LẦM'!U11 -> 17 | H37: ='TỒN KHO HÀ LẦM'!V11 -> 30
B38: 19/9 | C38: Kho Huế | D38: ='TỒN KHO HUẾ'!#REF! -> #REF! | E38: ='TỒN KHO HUẾ'!#REF! -> #REF! | F38: ='TỒN KHO HUẾ'!#REF! -> #REF! | G38: ='TỒN KHO HUẾ'!#REF! -> #REF! | H38: ='TỒN KHO HUẾ'!#REF! -> #REF!
C39: Kho tăng áp | D39: ='TỒN KHO TĂNG ÁP'!#REF! -> #REF! | E39: ='TỒN KHO TĂNG ÁP'!#REF! -> #REF! | F39: ='TỒN KHO TĂNG ÁP'!#REF! -> #REF! | G39: ='TỒN KHO TĂNG ÁP'!#REF! -> #REF! | H39: ='TỒN KHO TĂNG ÁP'!#REF! -> #REF!
C40: Kho văn phòng | D40: ='Tồn kho VP'!R14 -> 0 | E40: ='Tồn kho VP'!S14 -> 0 | F40: ='Tồn kho VP'!T14 -> 0 | G40: ='Tồn kho VP'!U14 -> 17 | H40: ='Tồn kho VP'!V14 -> 0
C41: Tồn xe điện
C42: Tồn kho Hà Lầm | D42: ='TỒN KHO HÀ LẦM'!R12 -> 0 | E42: ='TỒN KHO HÀ LẦM'!S12 -> 0 | F42: ='TỒN KHO HÀ LẦM'!T12 -> 0 | G42: ='TỒN KHO HÀ LẦM'!U12 -> 17 | H42: ='TỒN KHO HÀ LẦM'!V12 -> 30
B43: 20/9 | C43: Kho Huế | D43: =+'TỒN KHO HUẾ'!#REF! -> #REF! | E43: =+'TỒN KHO HUẾ'!#REF! -> #REF! | F43: =+'TỒN KHO HUẾ'!#REF! -> #REF! | G43: =+'TỒN KHO HUẾ'!#REF! -> #REF! | H43: =+'TỒN KHO HUẾ'!#REF! -> #REF!
C44: Kho tăng áp | D44: =+'TỒN KHO TĂNG ÁP'!#REF! -> #REF! | E44: =+'TỒN KHO TĂNG ÁP'!#REF! -> #REF! | F44: =+'TỒN KHO TĂNG ÁP'!#REF! -> #REF! | G44: =+'TỒN KHO TĂNG ÁP'!#REF! -> #REF! | H44: =+'TỒN KHO TĂNG ÁP'!#REF! -> #REF!
C45: Kho văn phòng | D45: =+'Tồn kho VP'!R15 -> 0 | E45: =+'Tồn kho VP'!S15 -> 0 | F45: =+'Tồn kho VP'!T15 -> 0 | G45: =+'Tồn kho VP'!U15 -> 16 | H45: =+'Tồn kho VP'!V15 -> 0
C46: Tồn xe điện
C47: Tồn kho Hà Lầm | D47: =+'TỒN KHO HÀ LẦM'!R13 -> 0 | E47: =+'TỒN KHO HÀ LẦM'!S13 -> 0 | F47: =+'TỒN KHO HÀ LẦM'!T13 -> 0 | G47: =+'TỒN KHO HÀ LẦM'!U13 -> 17 | H47: =+'TỒN KHO HÀ LẦM'!V13 -> 30
B48: 21/9 | C48: Kho Huế (5 úp + 42 vòi) | D48: ='TỒN KHO HUẾ'!#REF! -> #REF! | E48: ='TỒN KHO HUẾ'!#REF! -> #REF! | F48: ='TỒN KHO HUẾ'!#REF! -> #REF! | G48: ='TỒN KHO HUẾ'!#REF! -> #REF! | H48: ='TỒN KHO HUẾ'!#REF! -> #REF!
C49: Kho tăng áp | D49: ='TỒN KHO TĂNG ÁP'!#REF! -> #REF! | E49: ='TỒN KHO TĂNG ÁP'!#REF! -> #REF! | F49: ='TỒN KHO TĂNG ÁP'!#REF! -> #REF! | G49: ='TỒN KHO TĂNG ÁP'!#REF! -> #REF! | H49: ='TỒN KHO TĂNG ÁP'!#REF! -> #REF!
C50: Kho văn phòng | D50: ='Tồn kho VP'!R16 -> 0 | E50: ='Tồn kho VP'!S16 -> 1 | F50: ='Tồn kho VP'!T16 -> 0 | G50: ='Tồn kho VP'!U16 -> 49 | H50: ='Tồn kho VP'!V16 -> 0
C51: Tồn xe điện
C52: Tồn kho Hà Lầm | D52: ='TỒN KHO HÀ LẦM'!R14 -> 0 | E52: ='TỒN KHO HÀ LẦM'!S14 -> 0 | F52: ='TỒN KHO HÀ LẦM'!T14 -> 0 | G52: ='TỒN KHO HÀ LẦM'!U14 -> 17 | H52: ='TỒN KHO HÀ LẦM'!V14 -> 30
B53: 22/9/2026 | C53: Kho Huế (5 úp + 42 vòi) | D53: ='TỒN KHO HUẾ'!#REF! -> #REF! | E53: ='TỒN KHO HUẾ'!#REF! -> #REF! | F53: ='TỒN KHO HUẾ'!#REF! -> #REF! | G53: ='TỒN KHO HUẾ'!#REF! -> #REF! | H53: ='TỒN KHO HUẾ'!#REF! -> #REF!
C54: Kho tăng áp | D54: ='TỒN KHO TĂNG ÁP'!#REF! -> #REF! | E54: ='TỒN KHO TĂNG ÁP'!#REF! -> #REF! | F54: ='TỒN KHO TĂNG ÁP'!#REF! -> #REF! | G54: ='TỒN KHO TĂNG ÁP'!#REF! -> #REF! | H54: ='TỒN KHO TĂNG ÁP'!#REF! -> #REF!
C55: Kho văn phòng | D55: ='Tồn kho VP'!R17 -> 0 | E55: ='Tồn kho VP'!S17 -> 1 | F55: ='Tồn kho VP'!T17 -> 0 | G55: ='Tồn kho VP'!U17 -> 37 | H55: ='Tồn kho VP'!V17 -> 0
C56: Tồn xe điện
C57: Tồn kho Hà Lầm | D57: ='TỒN KHO HÀ LẦM'!R14 -> 0 | E57: ='TỒN KHO HÀ LẦM'!S14 -> 0 | F57: ='TỒN KHO HÀ LẦM'!T14 -> 0 | G57: ='TỒN KHO HÀ LẦM'!U14 -> 17 | H57: ='TỒN KHO HÀ LẦM'!V14 -> 30
B58: 23/9/2026 | C58: Kho Huế (5 úp + 42 vòi) | D58: ='TỒN KHO HUẾ'!#REF! -> #REF! | E58: ='TỒN KHO HUẾ'!#REF! -> #REF! | F58: ='TỒN KHO HUẾ'!#REF! -> #REF! | G58: ='TỒN KHO HUẾ'!#REF! -> #REF! | H58: ='TỒN KHO HUẾ'!#REF! -> #REF!
C59: Kho tăng áp | D59: ='TỒN KHO TĂNG ÁP'!#REF! -> #REF! | E59: ='TỒN KHO TĂNG ÁP'!#REF! -> #REF! | F59: ='TỒN KHO TĂNG ÁP'!#REF! -> #REF! | G59: ='TỒN KHO TĂNG ÁP'!#REF! -> #REF! | H59: ='TỒN KHO TĂNG ÁP'!#REF! -> #REF!
C60: Kho văn phòng | D60: ='Tồn kho VP'!R18 -> 0 | E60: ='Tồn kho VP'!S18 -> 1 | F60: ='Tồn kho VP'!T18 -> 0 | G60: ='Tồn kho VP'!U18 -> 27 | H60: ='Tồn kho VP'!V18 -> 0
C61: Tồn xe điện
C62: Tồn kho Hà Lầm | D62: ='TỒN KHO HÀ LẦM'!R16 -> 0 | E62: ='TỒN KHO HÀ LẦM'!S16 -> 0 | F62: ='TỒN KHO HÀ LẦM'!T16 -> 0 | G62: ='TỒN KHO HÀ LẦM'!U16 -> 17 | H62: ='TỒN KHO HÀ LẦM'!V16 -> 30
B63: 24/9/2026 | C63: Kho Huế (5 úp + 42 vòi) | D63: ='TỒN KHO HUẾ'!#REF! -> #REF! | E63: ='TỒN KHO HUẾ'!#REF! -> #REF! | F63: ='TỒN KHO HUẾ'!#REF! -> #REF! | G63: ='TỒN KHO HUẾ'!#REF! -> #REF! | H63: ='TỒN KHO HUẾ'!#REF! -> #REF!
C64: Kho tăng áp | D64: ='TỒN KHO TĂNG ÁP'!#REF! -> #REF! | E64: ='TỒN KHO TĂNG ÁP'!#REF! -> #REF! | F64: ='TỒN KHO TĂNG ÁP'!#REF! -> #REF! | G64: ='TỒN KHO TĂNG ÁP'!#REF! -> #REF! | H64: ='TỒN KHO TĂNG ÁP'!#REF! -> #REF!
C65: Kho văn phòng | D65: ='Tồn kho VP'!R19 -> 0 | E65: ='Tồn kho VP'!S19 -> 1 | F65: ='Tồn kho VP'!T19 -> 0 | G65: ='Tồn kho VP'!U19 -> 27 | H65: ='Tồn kho VP'!V19 -> 0
C66: Tồn xe điện
C67: Tồn kho Hà Lầm | D67: ='TỒN KHO HÀ LẦM'!R17 -> 0 | E67: ='TỒN KHO HÀ LẦM'!S17 -> 0 | F67: ='TỒN KHO HÀ LẦM'!T17 -> 0 | G67: ='TỒN KHO HÀ LẦM'!U17 -> 17 | H67: ='TỒN KHO HÀ LẦM'!V17 -> 30
B68: 25/9/2026 | C68: Kho Huế (5 úp + 42 vòi) | D68: ='TỒN KHO HUẾ'!#REF! -> #REF! | E68: ='TỒN KHO HUẾ'!#REF! -> #REF! | F68: ='TỒN KHO HUẾ'!#REF! -> #REF! | G68: ='TỒN KHO HUẾ'!#REF! -> #REF! | H68: ='TỒN KHO HUẾ'!#REF! -> #REF!
C69: Kho tăng áp | D69: ='TỒN KHO TĂNG ÁP'!#REF! -> #REF! | E69: ='TỒN KHO TĂNG ÁP'!#REF! -> #REF! | F69: ='TỒN KHO TĂNG ÁP'!#REF! -> #REF! | G69: ='TỒN KHO TĂNG ÁP'!#REF! -> #REF! | H69: ='TỒN KHO TĂNG ÁP'!#REF! -> #REF!
C70: Kho văn phòng | D70: ='Tồn kho VP'!R20 -> 0 | E70: ='Tồn kho VP'!S20 -> 1 | F70: ='Tồn kho VP'!T20 -> 0 | G70: ='Tồn kho VP'!U20 -> 25 | H70: ='Tồn kho VP'!V20 -> 0
C71: Tồn xe điện
C72: Tồn kho Hà Lầm | D72: ='TỒN KHO HÀ LẦM'!R18 -> 0 | E72: ='TỒN KHO HÀ LẦM'!S18 -> 0 | F72: ='TỒN KHO HÀ LẦM'!T18 -> 0 | G72: ='TỒN KHO HÀ LẦM'!U18 -> 17 | H72: ='TỒN KHO HÀ LẦM'!V18 -> 30
B73: 26/9/2026 | C73: Kho Huế (5 úp + 42 vòi) | D73: ='TỒN KHO HUẾ'!#REF! -> #REF! | E73: ='TỒN KHO HUẾ'!#REF! -> #REF! | F73: ='TỒN KHO HUẾ'!#REF! -> #REF! | G73: ='TỒN KHO HUẾ'!#REF! -> #REF! | H73: ='TỒN KHO HUẾ'!#REF! -> #REF!
C74: Kho tăng áp | D74: ='TỒN KHO TĂNG ÁP'!#REF! -> #REF! | E74: ='TỒN KHO TĂNG ÁP'!#REF! -> #REF! | F74: ='TỒN KHO TĂNG ÁP'!#REF! -> #REF! | G74: ='TỒN KHO TĂNG ÁP'!#REF! -> #REF! | H74: ='TỒN KHO TĂNG ÁP'!#REF! -> #REF!
C75: Kho văn phòng | D75: ='Tồn kho VP'!R21 -> 0 | E75: ='Tồn kho VP'!S21 -> 1 | F75: ='Tồn kho VP'!T21 -> 0 | G75: ='Tồn kho VP'!U21 -> 25 | H75: ='Tồn kho VP'!V21 -> 0
C76: Tồn xe điện | D76: ='tồn xe'!O14 -> 0 | E76: ='tồn xe'!P14 -> 0 | F76: ='tồn xe'!Q14 -> 0 | G76: ='tồn xe'!R14 -> 0 | H76: ='tồn xe'!S14 -> 0
C77: Tồn kho Hà Lầm | D77: ='TỒN KHO HÀ LẦM'!R19 -> 0 | E77: ='TỒN KHO HÀ LẦM'!S19 -> 0 | F77: ='TỒN KHO HÀ LẦM'!T19 -> 0 | G77: ='TỒN KHO HÀ LẦM'!U19 -> 17 | H77: ='TỒN KHO HÀ LẦM'!V19 -> 30
B78: 28/9/2026 | C78: Kho Huế (2 úp + 6 vòi) | D78: ='TỒN KHO HUẾ'!#REF! -> #REF! | E78: ='TỒN KHO HUẾ'!#REF! -> #REF! | F78: ='TỒN KHO HUẾ'!#REF! -> #REF! | G78: ='TỒN KHO HUẾ'!#REF! -> #REF! | H78: ='TỒN KHO HUẾ'!#REF! -> #REF!
C79: Kho tăng áp | D79: ='TỒN KHO TĂNG ÁP'!#REF! -> #REF! | E79: ='TỒN KHO TĂNG ÁP'!#REF! -> #REF! | F79: ='TỒN KHO TĂNG ÁP'!#REF! -> #REF! | G79: ='TỒN KHO TĂNG ÁP'!#REF! -> #REF! | H79: ='TỒN KHO TĂNG ÁP'!#REF! -> #REF!
C80: Kho văn phòng | D80: ='Tồn kho VP'!R22 -> 0 | E80: ='Tồn kho VP'!S22 -> 1 | F80: ='Tồn kho VP'!T22 -> 0 | G80: ='Tồn kho VP'!U22 -> 24 | H80: ='Tồn kho VP'!V22 -> 0
C81: Tồn xe điện
C82: Tồn kho Hà Lầm | D82: ='TỒN KHO HÀ LẦM'!R19 -> 0 | E82: ='TỒN KHO HÀ LẦM'!S19 -> 0 | F82: ='TỒN KHO HÀ LẦM'!T19 -> 0 | G82: ='TỒN KHO HÀ LẦM'!U19 -> 17 | H82: ='TỒN KHO HÀ LẦM'!V19 -> 30
B83: 29/9/2026 | C83: Kho Huế (2 úp + 6 vòi) | D83: ='TỒN KHO HUẾ'!R5 -> 0 | E83: ='TỒN KHO HUẾ'!S5 -> 28 | F83: ='TỒN KHO HUẾ'!T5 -> 0 | G83: ='TỒN KHO HUẾ'!U5 -> 213 | H83: ='TỒN KHO HUẾ'!V5 -> 30
C84: Kho tăng áp | D84: ='TỒN KHO TĂNG ÁP'!R5 -> 1 | E84: ='TỒN KHO TĂNG ÁP'!S5 -> 47 | F84: ='TỒN KHO TĂNG ÁP'!T5 -> 0 | G84: ='TỒN KHO TĂNG ÁP'!U5 -> 237 | H84: ='TỒN KHO TĂNG ÁP'!V5 -> 4
C85: Kho văn phòng | D85: ='Tồn kho VP'!R22 -> 0 | E85: ='Tồn kho VP'!S22 -> 1 | F85: ='Tồn kho VP'!T22 -> 0 | G85: ='Tồn kho VP'!U22 -> 24 | H85: ='Tồn kho VP'!V22 -> 0
C86: Tồn xe điện
C87: Tồn kho Hà Lầm | D87: ='TỒN KHO HÀ LẦM'!R20 -> 0 | E87: ='TỒN KHO HÀ LẦM'!S20 -> 0 | F87: ='TỒN KHO HÀ LẦM'!T20 -> 0 | G87: ='TỒN KHO HÀ LẦM'!U20 -> 17 | H87: ='TỒN KHO HÀ LẦM'!V20 -> 19
B88: 30/9/2026 | C88: Kho Huế (2 úp + 6 vòi) | D88: ='TỒN KHO HUẾ'!R7 -> 10 | E88: ='TỒN KHO HUẾ'!S7 -> 28 | F88: ='TỒN KHO HUẾ'!T7 -> 0 | G88: ='TỒN KHO HUẾ'!U7 -> 201 | H88: ='TỒN KHO HUẾ'!V7 -> 6
C89: Kho tăng áp | D89: ='TỒN KHO TĂNG ÁP'!R6 -> 15 | E89: ='TỒN KHO TĂNG ÁP'!S6 -> 43 | F89: ='TỒN KHO TĂNG ÁP'!T6 -> 0 | G89: ='TỒN KHO TĂNG ÁP'!U6 -> 312 | H89: ='TỒN KHO TĂNG ÁP'!V6 -> 54
C90: Kho văn phòng
C91: Tồn xe điện | D91: ='tồn xe'!O15 -> 0 | E91: ='tồn xe'!P15 -> 0 | F91: ='tồn xe'!Q15 -> 6 | G91: ='tồn xe'!R15 -> 0 | H91: ='tồn xe'!S15 -> 0
C92: Tồn kho Hà Lầm | D92: ='TỒN KHO HÀ LẦM'!R21 -> 0 | E92: ='TỒN KHO HÀ LẦM'!S21 -> 0 | F92: ='TỒN KHO HÀ LẦM'!T21 -> 0 | G92: ='TỒN KHO HÀ LẦM'!U21 -> 17 | H92: ='TỒN KHO HÀ LẦM'!V21 -> 19
B93: 46032 | C93: Kho Huế (2 úp + 6 vòi) | D93: ='TỒN KHO HUẾ'!R8 -> 0 | E93: ='TỒN KHO HUẾ'!S8 -> 28 | F93: ='TỒN KHO HUẾ'!T8 -> 0 | G93: ='TỒN KHO HUẾ'!U8 -> 188 | H93: ='TỒN KHO HUẾ'!V8 -> 50
C94: Kho tăng áp | D94: ='TỒN KHO TĂNG ÁP'!R7 -> 0 | E94: ='TỒN KHO TĂNG ÁP'!S7 -> 42 | F94: ='TỒN KHO TĂNG ÁP'!T7 -> 0 | G94: ='TỒN KHO TĂNG ÁP'!U7 -> 301 | H94: ='TỒN KHO TĂNG ÁP'!V7 -> 6
C95: Kho văn phòng | D95: ='Tồn kho VP'!R23 -> 0 | E95: ='Tồn kho VP'!S23 -> 1 | F95: ='Tồn kho VP'!T23 -> 0 | G95: ='Tồn kho VP'!U23 -> 24 | H95: ='Tồn kho VP'!V23 -> 0
C96: Tồn xe điện | D96: ='tồn xe'!O16 -> 0 | E96: ='tồn xe'!P16 -> 0 | F96: ='tồn xe'!Q16 -> 11 | G96: ='tồn xe'!R16 -> 0 | H96: ='tồn xe'!S16 -> 0
C97: Tồn kho Hà Lầm | D97: ='TỒN KHO HÀ LẦM'!R22 -> 0 | E97: ='TỒN KHO HÀ LẦM'!S22 -> 0 | F97: ='TỒN KHO HÀ LẦM'!T22 -> 0 | G97: ='TỒN KHO HÀ LẦM'!U22 -> 17 | H97: ='TỒN KHO HÀ LẦM'!V22 -> 19
B98: 2//10/2026 | C98: Kho Huế (2 úp + 6 vòi) | D98: ='TỒN KHO HUẾ'!R9 -> 19 | E98: ='TỒN KHO HUẾ'!S9 -> 23 | F98: ='TỒN KHO HUẾ'!T9 -> 0 | G98: ='TỒN KHO HUẾ'!U9 -> 140 | H98: ='TỒN KHO HUẾ'!V9 -> 5
C99: Kho tăng áp | D99: ='TỒN KHO TĂNG ÁP'!R8 -> 0 | E99: ='TỒN KHO TĂNG ÁP'!S8 -> 41 | F99: ='TỒN KHO TĂNG ÁP'!T8 -> 0 | G99: ='TỒN KHO TĂNG ÁP'!U8 -> 301 | H99: ='TỒN KHO TĂNG ÁP'!V8 -> 4
C100: Kho văn phòng | D100: ='Tồn kho VP'!R24 -> 0 | E100: ='Tồn kho VP'!S24 -> 1 | F100: ='Tồn kho VP'!T24 -> 0 | G100: ='Tồn kho VP'!U24 -> 21 | H100: ='Tồn kho VP'!V24 -> 0
...

Sheet TỒN KHO HUẾ
A1: STT | B1: NGÀY | C1: TỒN ĐẦU KỲ | H1: NHẬP | M1: XUẤT | R1: TỒN CUỐI | W1: Ghi chú | Y1: XUẤT
C3: BÌNH RO | D3: BÌNH KIỀM | E3: hộp 500 ml | F3: VỈ 500ML | G3: VỈ 350ML | H3: BÌNH RO | I3: BÌNH KIỀM | J3: Hộp 500 ml | K3: VỈ 500ML | L3: VỈ 350ML | M3: BÌNH RO | N3: BÌNH KIỀM | O3: hộp 500 ml | P3: VỈ 500ML | Q3: VỈ 350ML | R3: BÌNH RO | S3: BÌNH KIỀM | T3: hộp 500ml | U3: VỈ 500ML | V3: VỈ 350ML | Y3: Họ tên | Z3: Bộ phận | AA3: Vỉ 500ml | AB3: TẶNG Vỉ 500ml | AC3: Thùng 500 ml | AD3: TẶNG Thùng 500 ml | AE3: Vỉ 350ml | AF3: TẶNG Vỉ 350ml | AG3: Thùng 350 ml | AH3: TẶNG Thùng 350 ml | AI3: Bình Ion | AJ3: TẶNG Bình Ion | AK3: Bình RO | AL3: TẶNG Bình RO
B4: 28/9/2026 | C4: 11 | D4: 11 | F4: 148 | G4: 28 | I4: 33 | K4: 108 | M4: 11 | N4: 36 | P4: 64 | Q4: 17 | R4: 0 | S4: 8 | T4: 0 | U4: 192 | V4: 11 | X4: 46269 | Y4: FLC | Z4: BC | AE4: 5
B5: 29/9/2026 | C5: =R4 -> 0 | D5: =S4 -> 8 | E5: =T4 -> 0 | F5: =U4 -> 192 | G5: =V4 -> 11 | I5: 20 | K5: 32 | L5: 30 | P5: 11 | Q5: 11 | R5: =C5+H5-M5 -> 0 | S5: =D5+I5-N5 -> 28 | T5: =E5+J5-O5 -> 0 | U5: =F5+K5-P5 -> 213 | V5: =G5+L5-Q5 -> 30 | X5: 46270 | Y5: huế bán- Thái Nguyên 1 | Z5: XN | AA5: 55
B6: 29/9/2026 | C6: =R5 -> 0 | D6: =S5 -> 28 | F6: =U5 -> 213 | G6: =V5 -> 30 | R6: =C6+H6-M6 -> 0 | S6: =D6+I6-N6 -> 28 | T6: =E6+J6-O6 -> 0 | U6: =F6+K6-P6 -> 213 | V6: =G6+L6-Q6 -> 30 | X6: 46271 | Y6: mai anh- HG | Z6: XN | AA6: 2
B7: 30/9/2026 | C7: =R6 -> 0 | D7: =S6 -> 28 | F7: =U6 -> 213 | G7: =V6 -> 30 | H7: 10 | K7: 10 | P7: 22 | Q7: 24 | R7: =C7+H7-M7 -> 10 | S7: =D7+I7-N7 -> 28 | T7: =E7+J7-O7 -> 0 | U7: =F7+K7-P7 -> 201 | V7: =G7+L7-Q7 -> 6 | X7: 46271 | Y7: tuyết lan | Z7: XN | AA7: 11
B8: 1/10/2026 | C8: =R7 -> 10 | D8: =S7 -> 28 | F8: =U7 -> 201 | G8: =V7 -> 6 | H8: 17 | K8: =12+25 -> 37 | L8: 50 | M8: =17+10 -> 27 | P8: =12+33+5 -> 50 | Q8: 6 | R8: =C8+H8-M8 -> 0 | S8: =D8+I8-N8 -> 28 | T8: =E8+J8-O8 -> 0 | U8: =F8+K8-P8 -> 188 | V8: =G8+L8-Q8 -> 50 | X8: 46271 | Y8: Phương- béo | Z8: XN | AE8: 1
B9: 2/10//2026 | C9: =R8 -> 0 | D9: =S8 -> 28 | F9: =U8 -> 188 | G9: =V8 -> 50 | H9: =11+10 -> 21 | K9: 17 | M9: 2 | N9: 5 | P9: 65 | Q9: 45 | R9: =C9+H9-M9 -> 19 | S9: =D9+I9-N9 -> 23 | T9: =E9+J9-O9 -> 0 | U9: =F9+K9-P9 -> 140 | V9: =G9+L9-Q9 -> 5 | X9: 7/9/2026 | Y9: xe điện | AA9: 22
B10: 46091 | C10: =R9 -> 19 | D10: =S9 -> 23 | F10: =U9 -> 140 | G10: =V9 -> 5 | M10: 8 | P10: 55 | R10: =C10+H10-M10 -> 11 | S10: =D10+I10-N10 -> 23 | T10: =E10+J10-O10 -> 0 | U10: =F10+K10-P10 -> 85 | V10: =G10+L10-Q10 -> 5 | X10: 7/9/2026 | Y10: xe điện | AA10: 17
X11: 7/9/2026 | Y11: Hồng gai ship | Z11: cty | AI11: 1
X12: 7/9/2026 | Y12: Hồng gai ship | Z12: cty | AI12: 1
X13: 8/9/2026 | Y13: E tú ghi số lấy 11 vỉ 500 ship đơn ngõ 14 bãi muối | AA13: 11
Y14: C Huyền lấy 4 vỉ 500 ship 2 đơn | AA14: 4
Y15: Chị hằng cx lấy 3 vỉ 500 | AA15: 3
X16: 10/9/2026 | Y16: 4 vỉ 500ml vào 315 Cao Xanh. Cửa hàng đt Dũng Tí, 098 4312638
Y17: Tươi Đá Trắng số 19 Ba Đèo, 8 bình ion+ 11 vỉ 500 ml, 0915158863, chở đến điêm gọi chị tươi đến bốc
Z84: TỔNG XUẤT | AA84: =SUM(AA5:AA83) -> 125 | AB84: =SUM(AB5:AB83) -> 0 | AC84: =SUM(AC5:AC83) -> 0 | AD84: =SUM(AD5:AD83) -> 0 | AE84: =SUM(AE5:AE83) -> 1 | AF84: =SUM(AF5:AF83) -> 0 | AG84: =SUM(AG5:AG83) -> 0 | AH84: =SUM(AH5:AH83) -> 0 | ... AL84: =SUM(AL5:AL83) -> 0
Z85: Tồn Cuối Kỳ | AA85: =#REF!+I84-AA84 -> #REF! | AB85: =#REF!+K84-AB84 -> #REF! | AC85: =#REF!+L84-AC84 -> #REF! | AD85: =#REF!+M84-AD84 -> #REF! | AE85: =#REF!+N84-AE84 -> #REF! | AF85: =#REF!+P84-AF84 -> #REF! | AG85: =#REF!+Q84-AG84 -> #REF! | AH85: =#REF!+R84-AH84 -> #REF! | AI85: =#REF!+S84-AI84 -> #REF! | AJ85: =#REF!+U84-AJ84 -> #REF! | AK85: =#REF!+V84-AK84 -> #REF! | AL85: =#REF!+W84-AL84 -> #REF!

Sheet TỒN KHO TĂNG ÁP
A1: STT | B1: NGÀY | C1: TỒN ĐẦU KỲ | H1: NHẬP | M1: XUẤT | R1: TỒN CUỐI | Y1: XUẤT
C2: BÌNH RO | D2: BÌNH KIỀM | E2: HỘP 500 | F2: VỈ 500ML | G2: VỈ 350ML | H2: BÌNH RO | I2: BÌNH KIỀM | J2: HỘP 500 | K2: VỈ 500ML | L2: VỈ 350ML | M2: BÌNH RO | N2: BÌNH KIỀM | O2: HỘP 500 | P2: VỈ 500ML | Q2: VỈ 350ML | R2: BÌNH RO | S2: BÌNH KIỀM | T2: HỘP 500 | U2: VỈ 500ML | V2: VỈ 350ML | Y2: Họ tên | Z2: Bộ phận | AA2: Vỉ 500ml | AB2: TẶNG Vỉ 500ml | AC2: Thùng 500 ml | AD2: TẶNG Thùng 500 ml | AE2: Vỉ 350ml | AF2: TẶNG Vỉ 350ml | AG2: Thùng 350 ml | AH2: TẶNG Thùng 350 ml | AI2: Bình Ion | AJ2: TẶNG Bình Ion | AK2: Bình RO | AL2: TẶNG Bình RO
B4: 28/9/2026 | C4: 20 | D4: 9 | F4: 230 | G4: 45 | M4: 19 | N4: 2 | P4: 16 | Q4: 41 | R4: 1 | S4: 7 | T4: 0 | U4: 214 | V4: 4 | X4: 46268 | Y4: sơn Hà tu | Z4: XN | AK4: 3
B5: 29/9/2026 | C5: =R4 -> 1 | D5: =S4 -> 7 | E5: =T4 -> 0 | F5: =U4 -> 214 | G5: =V4 -> 4 | H5: 33 | I5: 40 | K5: =11+34 -> 45 | M5: 33 | P5: =11+11 -> 22 | R5: =C5+H5-M5 -> 1 | S5: =D5+I5-N5 -> 47 | T5: =E5+J5-O5 -> 0 | U5: =F5+K5-P5 -> 237 | V5: =G5+L5-Q5 -> 4 | X5: 46268 | Y5: Nhung | Z5: Công ty | AI5: 2
B6: 30/9/2026 | C6: =R5 -> 1 | D6: =S5 -> 47 | F6: =U5 -> 237 | G6: =V5 -> 4 | H6: 30 | K6: =78+2 -> 80 | L6: 50 | M6: 16 | N6: 4 | P6: 5 | R6: =C6+H6-M6 -> 15 | S6: =D6+I6-N6 -> 43 | T6: =E6+J6-O6 -> 0 | U6: =F6+K6-P6 -> 312 | V6: =G6+L6-Q6 -> 54 | X6: 46268 | Y6: c nhã nhà trẻ hoa hồng | Z6: Công ty | AI6: 4
B7: 1/10/2026 | C7: =R6 -> 15 | D7: =S6 -> 43 | F7: =U6 -> 312 | G7: =V6 -> 54 | M7: 15 | N7: 1 | P7: 11 | Q7: 48 | R7: =C7+H7-M7 -> 0 | S7: =D7+I7-N7 -> 42 | T7: =E7+J7-O7 -> 0 | U7: =F7+K7-P7 -> 301 | V7: =G7+L7-Q7 -> 6 | X7: 46268 | Y7: xe điện | AA7: 21
B8: 46063 | C8: =R7 -> 0 | D8: =S7 -> 42 | F8: =U7 -> 301 | G8: =V7 -> 6 | N8: 1 | Q8: 2 | R8: =C8+H8-M8 -> 0 | S8: =D8+I8-N8 -> 41 | T8: =E8+J8-O8 -> 0 | U8: =F8+K8-P8 -> 301 | V8: =G8+L8-Q8 -> 4 | X8: 46268 | Y8: Thị Thu | AA8: 12
B9: 46091 | C9: =R8 -> 0 | D9: =S8 -> 41 | F9: =U8 -> 301 | G9: =V8 -> 4 | L9: 26 | P9: 51 | Q9: 2 | R9: =C9+H9-M9 -> 0 | S9: =D9+I9-N9 -> 41 | T9: =E9+J9-O9 -> 0 | U9: =F9+K9-P9 -> 250 | V9: =G9+L9-Q9 -> 28 | X9: 46269 | Y9: xe điện | AA9: 22 | AE9: 16
X10: 46269 | Y10: ngà | AI10: 3
X11: 46269 | Y11: liễu | AA11: 2
X12: 46270 | Y12: xe điện | AA12: 33
X13: 46270 | Y13: ngọc anh ship | Z13: BC | AA13: 2
X14: 46270 | Y14: đỗ hà ship | Z14: BC | AA14: 4
X15: 46271 | Y15: đỗ hà ship | Z15: BC | AE15: 2
X16: 46271 | Y16: chi ship | Z16: XN | AI16: 2
X17: 46271 | Y17: đỗ hà ship | Z17: BC | AI17: 2
X18: 46272 | Y18: Xuân | AA18: 3 | AE18: 2 | AI18: 10 | AJ18: 1
X19: 46272 | Y19: Xuân | AA19: 3 | AE19: 2 | AI19: 10 | AJ19: 1
Y20: Mai ghi số | AA20: 2
Y21: xe điện | AA21: 36
Y22: Hằng Bảo vệ | AA22: 6
Y23: phương thủ kho | AK23: 10 | AL23: 1
Y24: nam ( vâu) | AA24: 2
Y25: thùy bảo vệ | AA25: 6
Y26: Thanh ship | AA26: 2
Y27: Sinh | AI27: 4
Y28: xe điện | AA28: 11 | AE28: 33 | AI28: 2
Y29: ub | AK29: 8
Y30: ngà | AK30: 4
X31: 46243 | Y31: Phương+Huế | AA31: 22
Y32: Phương+Huế | AA32: 22
Y33: Phương+Huế | AE33: 11 | AI33: 4
Y34: Xuân | AA34: 3 | AE34: 3
Y35: lại Lan | AA35: 2
Y36: Hằng Bảo vệ | AA36: 4
Y37: Phương+Huế | AE37: 22
Y38: Hằng Bảo vệ ship đơn Đa khoa hoàng anh | AI38: 3
X39: 9/9/2026 | Y39: lại Lan | AI39: 1
Y40: Xuân | AA40: 4
Y41: lại Lan | AA41: 3 | AE41: 1
Y42: Chi | AI42: 2
Y43: xuân | AC43: 11
Z51: TỔNG XUẤT | AA51: =SUM(AA31:AA50) -> 60 | AB51: =SUM(AB31:AB50) -> 0 | AC51: =SUM(AC31:AC50) -> 11 | AD51: =SUM(AD31:AD50) -> 0 | AE51: =SUM(AE31:AE50) -> 37 | AF51: =SUM(AF31:AF50) -> 0 | AG51: =SUM(AG31:AG50) -> 0 | AH51: =SUM(AH31:AH50) -> 0 | ... AL51: =SUM(AL31:AL50) -> 0
Z52: Tồn Cuối Kỳ | AA52: =#REF!+I106-AA51 -> #REF! | AB52: =#REF!+K106-AB51 -> #REF! | AC52: =#REF!+L106-AC51 -> #REF! | AD52: =#REF!+M106-AD51 -> #REF! | AE52: =#REF!+N106-AE51 -> #REF! | AF52: =#REF!+P106-AF51 -> #REF! | AG52: =#REF!+Q106-AG51 -> #REF! | AH52: =#REF!+R106-AH51 -> #REF! | AI52: =#REF!+S106-AI51 -> #REF! | AJ52: =#REF!+U106-AJ51 -> #REF! | AK52: =#REF!+V106-AK51 -> #REF! | AL52: =#REF!+W106-AL51 -> #REF!

Sheet tồn xe
A1: STT | B1: NGÀY | C1: TỒN ĐẦU KỲ | G1: NHẬP | K1: XUẤT | O1: TỒN CUỐI | U1: XUẤT
C2: BÌNH RO | D2: BÌNH KIỀM | E2: VỈ 500ML | F2: VỈ 350ML | G2: BÌNH RO | H2: BÌNH KIỀM | I2: VỈ 500ML | J2: VỈ 350ML | K2: BÌNH RO | L2: BÌNH KIỀM | M2: VỈ 500ML | N2: VỈ 350ML | O2: BÌNH RO | P2: BÌNH KIỀM | Q2: VỈ 500ML | R2: VỈ 350ML | U2: Họ tên | V2: Bộ phận | W2: Vỉ 500ml | X2: TẶNG Vỉ 500ml | Y2: Thùng 500 ml | Z2: TẶNG Thùng 500 ml | AA2: Vỉ 350ml | AB2: TẶNG Vỉ 350ml | AC2: Thùng 350 ml | AD2: TẶNG Thùng 350 ml | AE2: Bình Ion | AF2: TẶNG Bình Ion | AG2: Bình RO | AH2: TẶNG Bình RO
B3: 46273 | E3: 11 | M3: 11 | O3: =C3+G3-K3 -> 0 | P3: =D3+H3-L3 -> 0 | Q3: =E3+I3-M3 -> 0 | R3: =F3+J3-N3 -> 0
B4: 46274 | O4: =C4+G4-K4 -> 0 | P4: =D4+H4-L4 -> 0 | Q4: =E4+I4-M4 -> 0 | R4: =F4+J4-N4 -> 0 | T4: 46243 | U4: Nhà Nghỉ Hà Duy, phố Trần Cao Vân, đường sông 3, 10 vỉ 500ml, ĐT 0977 367679 | W4: 11
B5: 13/9/2026 | I5: =49+8 -> 57 | M5: =22+24 -> 46 | O5: =C5+G5-K5 -> 0 | P5: =D5+H5-L5 -> 0 | Q5: =E5+I5-M5 -> 11 | R5: =F5+J5-N5 -> 0
B6: 14/9/2026 | C6: =O5 -> 0 | D6: =P5 -> 0 | E6: =Q5 -> 11 | F6: =R5 -> 0 | M6: 11 | O6: =C6+G6-K6 -> 0 | P6: =D6+H6-L6 -> 0 | Q6: =E6+I6-M6 -> 0 | R6: =F6+J6-N6 -> 0
B7: 15/9/2026 | C7: =O6 -> 0 | D7: =P6 -> 0 | E7: =Q6 -> 0 | F7: =R6 -> 0 | I7: 33 | M7: =22+11 -> 33 | O7: =C7+G7-K7 -> 0 | P7: =D7+H7-L7 -> 0 | Q7: =E7+I7-M7 -> 0 | R7: =F7+J7-N7 -> 0
B8: 16/9/2026 | C8: =O7 -> 0 | D8: =P7 -> 0 | E8: =Q7 -> 0 | F8: =R7 -> 0 | O8: =C8+G8-K8 -> 0 | P8: =D8+H8-L8 -> 0 | Q8: =E8+I8-M8 -> 0 | R8: =F8+J8-N8 -> 0
B9: 17/9/2026 | C9: =O8 -> 0 | D9: =P8 -> 0 | E9: =Q8 -> 0 | F9: =R8 -> 0 | O9: =C9+G9-K9 -> 0 | P9: =D9+H9-L9 -> 0 | Q9: =E9+I9-M9 -> 0 | R9: =F9+J9-N9 -> 0
B10: 18/9/2026 | C10: =O9 -> 0 | D10: =P9 -> 0 | E10: =Q9 -> 0 | F10: =R9 -> 0 | O10: =C10+G10-K10 -> 0 | P10: =D10+H10-L10 -> 0 | Q10: =E10+I10-M10 -> 0 | R10: =F10+J10-N10 -> 0
B11: 19/9/2026 | C11: =O10 -> 0 | D11: =P10 -> 0 | E11: =Q10 -> 0 | F11: =R10 -> 0 | O11: =C11+G11-K11 -> 0 | P11: =D11+H11-L11 -> 0 | Q11: =E11+I11-M11 -> 0 | R11: =F11+J11-N11 -> 0
B12: 20/9/2026 | C12: =O11 -> 0 | D12: =P11 -> 0 | E12: =Q11 -> 0 | F12: =R11 -> 0 | O12: =C12+G12-K12 -> 0 | P12: =D12+H12-L12 -> 0 | Q12: =E12+I12-M12 -> 0 | R12: =F12+J12-N12 -> 0
B13: 25/9/2026 | C13: =O12 -> 0 | D13: =P12 -> 0 | E13: =Q12 -> 0 | F13: =R12 -> 0 | I13: 22 | O13: =C13+G13-K13 -> 0 | P13: =D13+H13-L13 -> 0 | Q13: =E13+I13-M13 -> 22 | R13: =F13+J13-N13 -> 0
B14: 26/9/2026 | C14: =O13 -> 0 | D14: =P13 -> 0 | E14: =Q13 -> 22 | F14: =R13 -> 0 | M14: =12+10 -> 22 | O14: =C14+G14-K14 -> 0 | P14: =D14+H14-L14 -> 0 | Q14: =E14+I14-M14 -> 0 | R14: =F14+J14-N14 -> 0
B15: 30/9/2026 | C15: =O14 -> 0 | D15: =P14 -> 0 | E15: =Q14 -> 0 | F15: =R14 -> 0 | I15: 22 | M15: 16 | O15: =C15+G15-K15 -> 0 | P15: =D15+H15-L15 -> 0 | Q15: =E15+I15-M15 -> 6 | R15: =F15+J15-N15 -> 0
B16: 46032 | C16: =O15 -> 0 | D16: =P15 -> 0 | E16: =Q15 -> 6 | F16: =R15 -> 0 | I16: 5 | O16: =C16+G16-K16 -> 0 | P16: =D16+H16-L16 -> 0 | Q16: =E16+I16-M16 -> 11 | R16: =F16+J16-N16 -> 0
U38: Mai ghi số | W38: 2
U39: xe điện | W39: 36
U40: Hằng Bảo vệ | W40: 6
U41: phương thủ kho | AG41: 10 | AH41: 1
U42: nam ( vâu) | W42: 2
U43: thùy bảo vệ | W43: 6
U44: Thanh ship | W44: 2
U45: Sinh | AE45: 4
U46: xe điện | W46: 11 | AA46: 33 | AE46: 2
U47: ub | AG47: 8
U48: ngà | AG48: 4
T49: 46243 | U49: Phương+Huế | W49: 22
U50: Phương+Huế | W50: 22
U51: Phương+Huế | AA51: 11 | AE51: 4
U52: Xuân | W52: 3 | AA52: 3
U53: lại Lan | W53: 2
U54: Hằng Bảo vệ | W54: 4
U55: Phương+Huế | AA55: 22
U56: Hằng Bảo vệ ship đơn Đa khoa hoàng anh | AE56: 3
V69: TỔNG XUẤT | W69: =SUM(W38:W65) -> 118 | X69: =SUM(X38:X65) -> 0 | Y69: =SUM(Y38:Y65) -> 0 | Z69: =SUM(Z38:Z65) -> 0 | AA69: =SUM(AA38:AA65) -> 69 | AB69: =SUM(AB38:AB65) -> 0 | AC69: =SUM(AC38:AC65) -> 0 | AD69: =SUM(AD38:AD65) -> 0 | ... AH69: =SUM(AH38:AH65) -> 1
V70: Tồn Cuối Kỳ | W70: =H4+H124-W69 -> -118 | X70: =I4+I124-X69 -> 0 | Y70: =J4+J124-Y69 -> 0 | Z70: =K4+K124-Z69 -> 0 | AA70: =L4+L124-AA69 -> -69 | AB70: =M4+M124-AB69 -> 0 | AC70: =N4+N124-AC69 -> 0 | AD70: =O4+O124-AD69 -> 0 | ... AH70: =S4+S124-AH69 -> -1

Sheet Tồn kho VP
A1: STT | B1: NGÀY | C1: TỒN ĐẦU KỲ | H1: NHẬP | M1: XUẤT | R1: TỒN CUỐI | Y1: XUẤT
C2: BÌNH RO | D2: BÌNH KIỀM | E2: hộp 500 ml | F2: VỈ 500ML | G2: VỈ 350ML | H2: BÌNH RO | I2: BÌNH KIỀM | J2: hộp 500 ml | K2: VỈ 500ML | L2: VỈ 350ML | M2: BÌNH RO | N2: BÌNH KIỀM | O2: hộp 500 | P2: VỈ 500ML | Q2: VỈ 350ML | R2: BÌNH RO | S2: BÌNH KIỀM | T2: hộp 500 | U2: VỈ 500ML | V2: VỈ 350ML | Y2: Họ tên | Z2: Bộ phận | AA2: Vỉ 500ml | AB2: TẶNG Vỉ 500ml | AC2: Thùng 500 ml | AD2: TẶNG Thùng 500 ml | AE2: Vỉ 350ml | AF2: TẶNG Vỉ 350ml | AG2: Thùng 350 ml | AH2: TẶNG Thùng 350 ml | AI2: Bình Ion | AJ2: TẶNG Bình Ion | AK2: Bình RO | AL2: TẶNG Bình RO
B3: 46273 | R3: =C3+H3-M3 -> 0 | S3: =D3+I3-N3 -> 0 | U3: =F3+K3-P3 -> 0 | V3: =G3+L3-Q3 -> 0
B4: 46274 | K4: 50 | P4: 2 | R4: =C4+H4-M4 -> 0 | S4: =D4+I4-N4 -> 0 | U4: =F4+K4-P4 -> 48 | V4: =G4+L4-Q4 -> 0
B5: 46304 | C5: =R4 -> 0 | D5: =S4 -> 0 | F5: =U4 -> 48 | G5: =V4 -> 0 | K5: 40 | P5: =20+40+13 -> 73 | R5: =C5+H5-M5 -> 0 | S5: =D5+I5-N5 -> 0 | U5: =F5+K5-P5 -> 15 | V5: =G5+L5-Q5 -> 0 | Y5: 9/9 | Z5: Long KD lấy ra đội múa | AA5: 2
B6: 11/9/2026 | C6: =R5 -> 0 | D6: =S5 -> 0 | F6: =U5 -> 15 | G6: =V5 -> 0 | K6: 40 | P6: 4 | R6: =C6+H6-M6 -> 0 | S6: =D6+I6-N6 -> 0 | U6: =F6+K6-P6 -> 51 | V6: =G6+L6-Q6 -> 0 | Y6: 10/9 | Z6: Nhung trả nợ nước hội thao | AA6: 60
B7: 12/9/2026 | C7: =R6 -> 0 | D7: =S6 -> 0 | F7: =U6 -> 51 | G7: =V6 -> 0 | P7: 4 | R7: =C7+H7-M7 -> 0 | S7: =D7+I7-N7 -> 0 | U7: =F7+K7-P7 -> 47 | V7: =G7+L7-Q7 -> 0 | Y7: 10/9 | Z7: Lương Vân Mai | AA7: 2
B8: 13/9/2026 | C8: =R7 -> 0 | D8: =S7 -> 0 | F8: =U7 -> 47 | G8: =V7 -> 0 | P8: =11+7 -> 18 | R8: =C8+H8-M8 -> 0 | S8: =D8+I8-N8 -> 0 | U8: =F8+K8-P8 -> 29 | V8: =G8+L8-Q8 -> 0 | Y8: 10/9 | Z8: Trường Dân tộc nội trú | AA8: 11
B9: 14/9/2026 | C9: =R8 -> 0 | D9: =S8 -> 0 | F9: =U8 -> 29 | G9: =V8 -> 0 | K9: 40 | P9: 40 | R9: =C9+H9-M9 -> 0 | S9: =D9+I9-N9 -> 0 | U9: =F9+K9-P9 -> 29 | V9: =G9+L9-Q9 -> 0 | X9: xuất 40 vỉ 500 cho trạm Hồng Gai
B10: 15/9/2026 | C10: =R9 -> 0 | D10: =S9 -> 0 | F10: =U9 -> 29 | G10: =V9 -> 0 | I10: 11 | N10: 11 | P10: 1 | R10: =C10+H10-M10 -> 0 | S10: =D10+I10-N10 -> 0 | U10: =F10+K10-P10 -> 28 | V10: =G10+L10-Q10 -> 0
B11: 16/9/2026 | C11: =R10 -> 0 | D11: =S10 -> 0 | F11: =U10 -> 28 | G11: =V10 -> 0 | P11: 4 | R11: =C11+H11-M11 -> 0 | S11: =D11+I11-N11 -> 0 | U11: =F11+K11-P11 -> 24 | V11: =G11+L11-Q11 -> 0
B12: 17/9/2026 | C12: =R11 -> 0 | D12: =S11 -> 0 | F12: =U11 -> 24 | G12: =V11 -> 0 | P12: 2 | R12: =C12+H12-M12 -> 0 | S12: =D12+I12-N12 -> 0 | U12: =F12+K12-P12 -> 22 | V12: =G12+L12-Q12 -> 0
B13: 18/9/2026 | C13: =R12 -> 0 | D13: =S12 -> 0 | F13: =U12 -> 22 | G13: =V12 -> 0 | P13: 4 | R13: =C13+H13-M13 -> 0 | S13: =D13+I13-N13 -> 0 | U13: =F13+K13-P13 -> 18 | V13: =G13+L13-Q13 -> 0
B14: 19/9/2026 | C14: =R13 -> 0 | D14: =S13 -> 0 | F14: =U13 -> 18 | G14: =V13 -> 0 | P14: 1 | R14: =C14+H14-M14 -> 0 | S14: =D14+I14-N14 -> 0 | U14: =F14+K14-P14 -> 17 | V14: =G14+L14-Q14 -> 0
B15: 20/9/2026 | C15: =R14 -> 0 | D15: =S14 -> 0 | F15: =U14 -> 17 | G15: =V14 -> 0 | P15: 1 | R15: =C15+H15-M15 -> 0 | S15: =D15+I15-N15 -> 0 | U15: =F15+K15-P15 -> 16 | V15: =G15+L15-Q15 -> 0
B16: 21/9/2026 | C16: =R15 -> 0 | D16: =S15 -> 0 | F16: =U15 -> 16 | G16: =V15 -> 0 | I16: 11 | K16: =4+40 -> 44 | N16: 10 | P16: 11 | R16: =C16+H16-M16 -> 0 | S16: =D16+I16-N16 -> 1 | U16: =F16+K16-P16 -> 49 | V16: =G16+L16-Q16 -> 0 | X16: 4 vỉ anh Nguyên trả nợ, nhập 11 bình có 7 úp+4 vòi
B17: 22/9/2026 | C17: =R16 -> 0 | D17: =S16 -> 1 | F17: =U16 -> 49 | G17: =V16 -> 0 | H17: =44+20 -> 64 | M17: =44+20 -> 64 | P17: =5+2+5 -> 12 | R17: =C17+H17-M17 -> 0 | S17: =D17+I17-N17 -> 1 | U17: =F17+K17-P17 -> 37 | V17: =G17+L17-Q17 -> 0
B18: 23/9//2026 | C18: =R17 -> 0 | D18: =S17 -> 1 | F18: =U17 -> 37 | G18: =V17 -> 0 | P18: 10 | R18: =C18+H18-M18 -> 0 | S18: =D18+I18-N18 -> 1 | U18: =F18+K18-P18 -> 27 | V18: =G18+L18-Q18 -> 0
B19: 24/9/2026 | C19: =R18 -> 0 | D19: =S18 -> 1 | F19: =U18 -> 27 | G19: =V18 -> 0 | R19: =C19+H19-M19 -> 0 | S19: =D19+I19-N19 -> 1 | U19: =F19+K19-P19 -> 27 | V19: =G19+L19-Q19 -> 0
B20: 25/9/2026 | C20: =R19 -> 0 | D20: =S19 -> 1 | F20: =U19 -> 27 | G20: =V19 -> 0 | P20: 2 | R20: =C20+H20-M20 -> 0 | S20: =D20+I20-N20 -> 1 | U20: =F20+K20-P20 -> 25 | V20: =G20+L20-Q20 -> 0
B21: 26/9/2026 | C21: =R20 -> 0 | D21: =S20 -> 1 | F21: =U20 -> 25 | G21: =V20 -> 0 | R21: =C21+H21-M21 -> 0 | S21: =D21+I21-N21 -> 1 | U21: =F21+K21-P21 -> 25 | V21: =G21+L21-Q21 -> 0
B22: 28/9/2026 | C22: =R21 -> 0 | D22: =S21 -> 1 | F22: =U21 -> 25 | G22: =V21 -> 0 | P22: 1 | R22: =C22+H22-M22 -> 0 | S22: =D22+I22-N22 -> 1 | U22: =F22+K22-P22 -> 24 | V22: =G22+L22-Q22 -> 0
B23: 46032 | C23: =R22 -> 0 | D23: =S22 -> 1 | F23: =U22 -> 24 | G23: =V22 -> 0 | R23: =C23+H23-M23 -> 0 | S23: =D23+I23-N23 -> 1 | U23: =F23+K23-P23 -> 24 | V23: =G23+L23-Q23 -> 0
B24: 46063 | C24: =R23 -> 0 | D24: =S23 -> 1 | F24: =U23 -> 24 | G24: =V23 -> 0 | P24: 3 | R24: =C24+H24-M24 -> 0 | S24: =D24+I24-N24 -> 1 | U24: =F24+K24-P24 -> 21 | V24: =G24+L24-Q24 -> 0
Y38: Mai ghi số | AA38: 2
Y39: xe điện | AA39: 36
Y40: Hằng Bảo vệ | AA40: 6
Y41: phương thủ kho | AK41: 10 | AL41: 1
Y42: nam ( vâu) | AA42: 2
Y43: thùy bảo vệ | AA43: 6
Y44: Thanh ship | AA44: 2
Y45: Sinh | AI45: 4
Y46: xe điện | AA46: 11 | AE46: 33 | AI46: 2
Y47: ub | AK47: 8
Y48: ngà | AK48: 4
X49: 46243 | Y49: Phương+Huế | AA49: 22
Y50: Phương+Huế | AA50: 22
Y51: Phương+Huế | AE51: 11 | AI51: 4
Y52: Xuân | AA52: 3 | AE52: 3
Y53: lại Lan | AA53: 2
Y54: Hằng Bảo vệ | AA54: 4
Y55: Phương+Huế | AE55: 22
Y56: Hằng Bảo vệ ship đơn Đa khoa hoàng anh | AI56: 3
Z69: TỔNG XUẤT | AA69: =SUM(AA38:AA65) -> 118 | AB69: =SUM(AB38:AB65) -> 0 | AC69: =SUM(AC38:AC65) -> 0 | AD69: =SUM(AD38:AD65) -> 0 | AE69: =SUM(AE38:AE65) -> 69 | AF69: =SUM(AF38:AF65) -> 0 | AG69: =SUM(AG38:AG65) -> 0 | AH69: =SUM(AH38:AH65) -> 0 | ... AL69: =SUM(AL38:AL65) -> 1
Z70: Tồn Cuối Kỳ | AA70: =I4+I124-AA69 -> -118 | AB70: =K4+K124-AB69 -> 50 | AC70: =L4+L124-AC69 -> 0 | AD70: =M4+M124-AD69 -> 0 | AE70: =N4+N124-AE69 -> -69 | AF70: =P4+P124-AF69 -> 2 | AG70: =Q4+Q124-AG69 -> 0 | AH70: =R4+R124-AH69 -> 0 | AI70: =S4+S124-AI69 -> -13 | AJ70: =U4+U124-AJ69 -> 48 | AK70: =V4+V124-AK69 -> -22 | AL70: =W4+W124-AL69 -> -1

Sheet TỒN KHO HÀ LẦM
A1: STT | B1: NGÀY | C1: TỒN ĐẦU KỲ | H1: NHẬP | M1: XUẤT | R1: TỒN CUỐI | Y1: XUẤT
C2: BÌNH RO | D2: BÌNH KIỀM | E2: hộp 500 ml | F2: VỈ 500ML | G2: VỈ 350ML | H2: BÌNH RO | I2: BÌNH KIỀM | J2: hộp 500 ml | K2: VỈ 500ML | L2: VỈ 350ML | M2: BÌNH RO | N2: BÌNH KIỀM | O2: hộp 500 | P2: VỈ 500ML | Q2: VỈ 350ML | R2: BÌNH RO | S2: BÌNH KIỀM | T2: hộp 500 | U2: VỈ 500ML | V2: VỈ 350ML | Y2: Họ tên | Z2: Bộ phận | AA2: Vỉ 500ml | AB2: TẶNG Vỉ 500ml | AC2: Thùng 500 ml | AD2: TẶNG Thùng 500 ml | AE2: Vỉ 350ml | AF2: TẶNG Vỉ 350ml | AG2: Thùng 350 ml | AH2: TẶNG Thùng 350 ml | AI2: Bình Ion | AJ2: TẶNG Bình Ion | AK2: Bình RO | AL2: TẶNG Bình RO
B3: 46273 | R3: =C3+H3-M3 -> 0 | S3: =D3+I3-N3 -> 0 | U3: =F3+K3-P3 -> 0 | V3: =G3+L3-Q3 -> 0
B4: 46274 | K4: 50 | P4: 2 | R4: =C4+H4-M4 -> 0 | S4: =D4+I4-N4 -> 0 | U4: =F4+K4-P4 -> 48 | V4: =G4+L4-Q4 -> 0
B5: 46304 | C5: =R4 -> 0 | D5: =S4 -> 0 | F5: =U4 -> 48 | G5: =V4 -> 0 | K5: 40 | P5: =20+40+13 -> 73 | R5: =C5+H5-M5 -> 0 | S5: =D5+I5-N5 -> 0 | U5: =F5+K5-P5 -> 15 | V5: =G5+L5-Q5 -> 0 | Y5: 9/9 | Z5: Long KD lấy ra đội múa | AA5: 2
B6: 11/9/2026 | C6: =R5 -> 0 | D6: =S5 -> 0 | F6: =U5 -> 15 | G6: =V5 -> 0 | K6: 40 | P6: 4 | R6: =C6+H6-M6 -> 0 | S6: =D6+I6-N6 -> 0 | U6: =F6+K6-P6 -> 51 | V6: =G6+L6-Q6 -> 0 | Y6: 10/9 | Z6: Nhung trả nợ nước hội thao | AA6: 60
B7: 14/9/2026 | K7: 17 | L7: 30 | R7: =C7+H7-M7 -> 0 | S7: =D7+I7-N7 -> 0 | T7: =E7+J7-O7 -> 0 | U7: =F7+K7-P7 -> 17 | V7: =G7+L7-Q7 -> 30
B8: 15/9/2026 | C8: =R7 -> 0 | D8: =S7 -> 0 | E8: =T7 -> 0 | F8: =U7 -> 17 | G8: =V7 -> 30 | R8: =C8+H8-M8 -> 0 | S8: =D8+I8-N8 -> 0 | T8: =E8+J8-O8 -> 0 | U8: =F8+K8-P8 -> 17 | V8: =G8+L8-Q8 -> 30
B9: 16/9/2026 | C9: =R8 -> 0 | D9: =S8 -> 0 | E9: =T8 -> 0 | F9: =U8 -> 17 | G9: =V8 -> 30 | R9: =C9+H9-M9 -> 0 | S9: =D9+I9-N9 -> 0 | T9: =E9+J9-O9 -> 0 | U9: =F9+K9-P9 -> 17 | V9: =G9+L9-Q9 -> 30
B10: 17/9/2026 | C10: =R9 -> 0 | D10: =S9 -> 0 | E10: =T9 -> 0 | F10: =U9 -> 17 | G10: =V9 -> 30 | R10: =C10+H10-M10 -> 0 | S10: =D10+I10-N10 -> 0 | T10: =E10+J10-O10 -> 0 | U10: =F10+K10-P10 -> 17 | V10: =G10+L10-Q10 -> 30
B11: 18/9/2026 | C11: =R10 -> 0 | D11: =S10 -> 0 | E11: =T10 -> 0 | F11: =U10 -> 17 | G11: =V10 -> 30 | R11: =C11+H11-M11 -> 0 | S11: =D11+I11-N11 -> 0 | T11: =E11+J11-O11 -> 0 | U11: =F11+K11-P11 -> 17 | V11: =G11+L11-Q11 -> 30
B12: 19/9/2026 | C12: =R11 -> 0 | D12: =S11 -> 0 | E12: =T11 -> 0 | F12: =U11 -> 17 | G12: =V11 -> 30 | R12: =C12+H12-M12 -> 0 | S12: =D12+I12-N12 -> 0 | T12: =E12+J12-O12 -> 0 | U12: =F12+K12-P12 -> 17 | V12: =G12+L12-Q12 -> 30
B13: 20/9/2026 | C13: =R12 -> 0 | D13: =S12 -> 0 | E13: =T12 -> 0 | F13: =U12 -> 17 | G13: =V12 -> 30 | R13: =C13+H13-M13 -> 0 | S13: =D13+I13-N13 -> 0 | T13: =E13+J13-O13 -> 0 | U13: =F13+K13-P13 -> 17 | V13: =G13+L13-Q13 -> 30
B14: 21/9/2026 | C14: =R13 -> 0 | D14: =S13 -> 0 | E14: =T13 -> 0 | F14: =U13 -> 17 | G14: =V13 -> 30 | R14: =C14+H14-M14 -> 0 | S14: =D14+I14-N14 -> 0 | T14: =E14+J14-O14 -> 0 | U14: =F14+K14-P14 -> 17 | V14: =G14+L14-Q14 -> 30
B15: 22/9/2026 | C15: =R14 -> 0 | D15: =S14 -> 0 | E15: =T14 -> 0 | F15: =U14 -> 17 | G15: =V14 -> 30 | R15: =C15+H15-M15 -> 0 | S15: =D15+I15-N15 -> 0 | T15: =E15+J15-O15 -> 0 | U15: =F15+K15-P15 -> 17 | V15: =G15+L15-Q15 -> 30
B16: 23/9/2026 | C16: =R15 -> 0 | D16: =S15 -> 0 | E16: =T15 -> 0 | F16: =U15 -> 17 | G16: =V15 -> 30 | R16: =C16+H16-M16 -> 0 | S16: =D16+I16-N16 -> 0 | T16: =E16+J16-O16 -> 0 | U16: =F16+K16-P16 -> 17 | V16: =G16+L16-Q16 -> 30
B17: 24/9/2026 | C17: =R16 -> 0 | D17: =S16 -> 0 | E17: =T16 -> 0 | F17: =U16 -> 17 | G17: =V16 -> 30 | R17: =C17+H17-M17 -> 0 | S17: =D17+I17-N17 -> 0 | T17: =E17+J17-O17 -> 0 | U17: =F17+K17-P17 -> 17 | V17: =G17+L17-Q17 -> 30
B18: 25/9/2026 | C18: =R17 -> 0 | D18: =S17 -> 0 | E18: =T17 -> 0 | F18: =U17 -> 17 | G18: =V17 -> 30 | R18: =C18+H18-M18 -> 0 | S18: =D18+I18-N18 -> 0 | T18: =E18+J18-O18 -> 0 | U18: =F18+K18-P18 -> 17 | V18: =G18+L18-Q18 -> 30
B19: 26/9/2026 | C19: =R18 -> 0 | D19: =S18 -> 0 | E19: =T18 -> 0 | F19: =U18 -> 17 | G19: =V18 -> 30 | R19: =C19+H19-M19 -> 0 | S19: =D19+I19-N19 -> 0 | T19: =E19+J19-O19 -> 0 | U19: =F19+K19-P19 -> 17 | V19: =G19+L19-Q19 -> 30
B20: 29/9/2026 | C20: =R19 -> 0 | D20: =S19 -> 0 | E20: =T19 -> 0 | F20: =U19 -> 17 | G20: =V19 -> 30 | Q20: 11 | R20: =C20+H20-M20 -> 0 | S20: =D20+I20-N20 -> 0 | T20: =E20+J20-O20 -> 0 | U20: =F20+K20-P20 -> 17 | V20: =G20+L20-Q20 -> 19
B21: 30/9/2026 | C21: =R20 -> 0 | D21: =S20 -> 0 | E21: =T20 -> 0 | F21: =U20 -> 17 | G21: =V20 -> 19 | R21: =C21+H21-M21 -> 0 | S21: =D21+I21-N21 -> 0 | T21: =E21+J21-O21 -> 0 | U21: =F21+K21-P21 -> 17 | V21: =G21+L21-Q21 -> 19
B22: 46032 | C22: =R21 -> 0 | D22: =S21 -> 0 | E22: =T21 -> 0 | F22: =U21 -> 17 | G22: =V21 -> 19 | R22: =C22+H22-M22 -> 0 | S22: =D22+I22-N22 -> 0 | T22: =E22+J22-O22 -> 0 | U22: =F22+K22-P22 -> 17 | V22: =G22+L22-Q22 -> 19
B23: 46063 | C23: =R22 -> 0 | D23: =S22 -> 0 | E23: =T22 -> 0 | F23: =U22 -> 17 | G23: =V22 -> 19 | R23: =C23+H23-M23 -> 0 | S23: =D23+I23-N23 -> 0 | T23: =E23+J23-O23 -> 0 | U23: =F23+K23-P23 -> 17 | V23: =G23+L23-Q23 -> 19
Y36: Mai ghi số | AA36: 2
Y37: xe điện | AA37: 36
Y38: Hằng Bảo vệ | AA38: 6
Y39: phương thủ kho | AK39: 10 | AL39: 1
Y40: nam ( vâu) | AA40: 2
Y41: thùy bảo vệ | AA41: 6
Y42: Thanh ship | AA42: 2
Y43: Sinh | AI43: 4
Y44: xe điện | AA44: 11 | AE44: 33 | AI44: 2
Y45: ub | AK45: 8
Y46: ngà | AK46: 4
X47: 46243 | Y47: Phương+Huế | AA47: 22
Y48: Phương+Huế | AA48: 22
Y49: Phương+Huế | AE49: 11 | AI49: 4
Y50: Xuân | AA50: 3 | AE50: 3
Y51: lại Lan | AA51: 2
Y52: Hằng Bảo vệ | AA52: 4
Y53: Phương+Huế | AE53: 22
Y54: Hằng Bảo vệ ship đơn Đa khoa hoàng anh | AI54: 3
Z67: TỔNG XUẤT | AA67: =SUM(AA36:AA63) -> 118 | AB67: =SUM(AB36:AB63) -> 0 | AC67: =SUM(AC36:AC63) -> 0 | AD67: =SUM(AD36:AD63) -> 0 | AE67: =SUM(AE36:AE63) -> 69 | AF67: =SUM(AF36:AF63) -> 0 | AG67: =SUM(AG36:AG63) -> 0 | AH67: =SUM(AH36:AH63) -> 0 | ... AL67: =SUM(AL36:AL63) -> 1
Z68: Tồn Cuối Kỳ | AA68: =I4+I122-AA67 -> -118 | AB68: =K4+K122-AB67 -> 50 | AC68: =L4+L122-AC67 -> 0 | AD68: =M4+M122-AD67 -> 0 | AE68: =N4+N122-AE67 -> -69 | AF68: =P4+P122-AF67 -> 2 | AG68: =Q4+Q122-AG67 -> 0 | AH68: =R4+R122-AH67 -> 0 | AI68: =S4+S122-AI67 -> -13 | AJ68: =U4+U122-AJ67 -> 48 | AK68: =V4+V122-AK67 -> -22 | AL68: =W4+W122-AL67 -> -1

Sheet nhập từ CP
A1: STT | B1: Ngày | C1: Kho tăng áp | J1: Kho chị Huế | Q1: Kho vp | X1: Kho Hà Lầm | AE1: Tổng nhận
C2: Bình ro | D2: Bình ion | F2: 500ml | H2: 350 ml | J2: Bình ro | K2: Bình ion | M2: 500ml | O2: 350 ml | Q2: Bình ro | R2: Bình ion | T2: 500ml | V2: vỉ 350 ml | X2: Bình ro | Y2: Bình ion | AA2: 500ml | AC2: vỉ 350 ml | AE2: Bình ro | AF2: Bình ion | AH2: 500ml | AJ2: 350 ml
D3: Vòi | E3: úp | F3: Vỉ | G3: hộp | H3: Vỉ | I3: hộp | K3: Vòi | L3: úp | M3: Vỉ | N3: hộp | O3: Vỉ | P3: hộp | R3: Vòi | S3: Úp | T3: Vỉ | U3: hộp | V3: Vỉ | W3: hộp | Y3: Vòi | Z3: Úp | AA3: vỉ | AB3: hộp | AC3: Vỉ | AD3: hộp | AF3: Vòi | AG3: Úp | AH3: Vỉ | AI3: hộp | AJ3: Vỉ | AK3: hộp
A5: 1 | B5: 46273 | F5: =60 -> 60 | M5: 120 | AE5: =C5+J5+Q5+X5 -> 0 | AF5: =D5+K5+R5+Y5 -> 0 | AG5: =E5+L5+S5+Z5 -> 0 | AH5: =F5+M5+T5+AA5 -> 180 | AI5: =G5+N5+U5 -> 0 | AJ5: =H5+O5+V5+AD5 -> 0 | AK5: =I5+P5+W5+AD5 -> 0
A6: 2 | B6: 46274 | D6: 20 | G6: 11 | H6: 40 | T6: 50 | AE6: =C6+J6+Q6+X6 -> 0 | AF6: =D6+K6+R6+Y6 -> 20 | AG6: =E6+L6+S6+Z6 -> 0 | AH6: =F6+M6+T6+AA6 -> 50 | AI6: =G6+N6+U6+AB6 -> 11 | AJ6: =H6+O6+V6+AD6 -> 40 | AK6: =I6+P6+W6+AD6 -> 0
A7: 3 | B7: 46275 | D7: 22 | F7: 66 | T7: 40 | AE7: =C7+J7+Q7+X7 -> 0 | AF7: =D7+K7+R7+Y7 -> 22 | AG7: =E7+L7+S7+Z7 -> 0 | AH7: =F7+M7+T7+AA7 -> 106 | AI7: =G7+N7+U7+AB7 -> 0 | AJ7: =H7+O7+V7+AD7 -> 0 | AK7: =I7+P7+W7+AD7 -> 0
A8: 4 | B8: 46276 | T8: 40 | AE8: =C8+J8+Q8+X8 -> 0 | AF8: =D8+K8+R8+Y8 -> 0 | AG8: =E8+L8+S8+Z8 -> 0 | AH8: =F8+M8+T8+AA8 -> 40 | AI8: =G8+N8+U8+AB8 -> 0 | AJ8: =H8+O8+V8+AD8 -> 0 | AK8: =I8+P8+W8+AD8 -> 0
A9: 5 | B9: 46277 | AE9: =C9+J9+Q9+X9 -> 0 | AF9: =D9+K9+R9+Y9 -> 0 | AG9: =E9+L9+S9+Z9 -> 0 | AH9: =F9+M9+T9+AA9 -> 0 | AI9: =G9+N9+U9+AB9 -> 0 | AJ9: =H9+O9+V9+AD9 -> 0 | AK9: =I9+P9+W9+AD9 -> 0
A10: 6 | B10: 46278 | AE10: =C10+J10+Q10+X10 -> 0 | AF10: =D10+K10+R10+Y10 -> 0 | AG10: =E10+L10+S10+Z10 -> 0 | AH10: =F10+M10+T10+AA10 -> 0 | AI10: =G10+N10+U10+AB10 -> 0 | AJ10: =H10+O10+V10+AD10 -> 0 | AK10: =I10+P10+W10+AD10 -> 0
A11: 7 | B11: 46279 | F11: 90 | M11: 38 | O11: 50 | R11: 15 | W11: 2 | AA11: 17 | AC11: 30 | AE11: =C11+J11+Q11+X11 -> 0 | AF11: =D11+K11+R11+Y11 -> 15 | AG11: =E11+L11+S11+Z11 -> 0 | AH11: =F11+M11+T11+AA11 -> 145 | AI11: =G11+N11+U11+AB11 -> 0 | AJ11: =H11+O11+V11+AD11 -> 50 | AK11: =I11+P11+W11+AD11 -> 2
A12: 8 | B12: 46280 | C12: 4 | D12: 10 | F12: 54 | M12: 50 | S12: 11 | AE12: =C12+J12+Q12+X12 -> 4 | AF12: 21 | AH12: =F12+M12+T12+AA12 -> 104 | AI12: =G12+N12+U12+AB12 -> 0 | AJ12: =H12+O12+V12+AD12 -> 0 | AK12: =I12+P12+W12+AD12 -> 0
A13: 9 | B13: 46281 | F13: 58 | J13: =17+13 -> 30 | K13: 22 | M13: 8 | AE13: =C13+J13+Q13+X13 -> 30 | AF13: =D13+K13+R13+Y13 -> 22 | AG13: =E13+L13+S13+Z13 -> 0 | AH13: =F13+M13+T13+AA13 -> 66 | AI13: =G13+N13+U13+AB13 -> 0 | AJ13: =H13+O13+V13+AD13 -> 0 | AK13: =I13+P13+W13+AD13 -> 0
A14: 10 | B14: 46282 | F14: 85 | J14: 29 | K14: 26 | M14: 55 | V14: 3 | W14: 3 | AE14: =C14+J14+Q14+X14 -> 29 | AF14: =D14+K14+R14+Y14 -> 26 | AG14: =E14+L14+S14+Z14 -> 0 | AH14: =F14+M14+T14+AA14 -> 140 | AI14: =G14+N14+U14+AB14 -> 0 | AJ14: =H14+O14+V14+AD14 -> 3 | AK14: =I14+P14+W14+AD14 -> 3
A15: 11 | B15: 46283 | F15: 70 | M15: 50 | Q15: 2 | T15: 11 | V15: 2 | W15: 2 | AE15: =C15+J15+Q15+X15 -> 2 | AF15: 0 | AG15: =E15+L15+S15+Z15 -> 0 | AH15: =F15+M15+T15+AA15 -> 131 | AI15: =G15+N15+U15+AB15 -> 0 | AJ15: =H15+O15+V15+AD15 -> 2 | AK15: =I15+P15+W15+AD15 -> 2
A16: 12 | B16: 46284 | D16: 30 | F16: 72 | AE16: =C16+J16+Q16+X16 -> 0 | AF16: =D16+K16+R16+Y16 -> 30 | AG16: =E16+L16+S16+Z16 -> 0 | AH16: =F16+M16+T16+AA16 -> 72 | AI16: =G16+N16+U16+AB16 -> 0 | AJ16: =H16+O16+V16+AD16 -> 0 | AK16: =I16+P16+W16+AD16 -> 0
A17: 13 | B17: 46285 | AE17: =C17+J17+Q17+X17 -> 0 | AF17: =D17+K17+R17+Y17 -> 0 | AG17: =E17+L17+S17+Z17 -> 0 | AH17: =F17+M17+T17+AA17 -> 0 | AI17: =G17+N17+U17+AB17 -> 0 | AJ17: =H17+O17+V17+AD17 -> 0 | AK17: =I17+P17+W17+AD17 -> 0
A18: 14 | B18: 46286 | J18: 10 | K18: 30 | M18: 28 | O18: 10 | R18: 4 | S18: 7 | T18: 40 | AE18: =C18+J18+Q18+X18 -> 10 | AF18: =D18+K18+R18+Y18 -> 34 | AG18: =E18+L18+S18+Z18 -> 7 | AH18: =F18+M18+T18+AA18 -> 68 | AI18: =G18+N18+U18+AB18 -> 0 | AJ18: =H18+O18+V18+AD18 -> 10 | AK18: =I18+P18+W18+AD18 -> 0
A19: 15 | B19: 46287 | M19: =50+85 -> 135 | Q19: =44+20 -> 64 | AE19: =C19+J19+Q19+X19 -> 64 | AF19: =D19+K19+R19+Y19 -> 0 | AG19: =E19+L19+S19+Z19 -> 0 | AH19: =F19+M19+T19+AA19 -> 135 | AI19: =G19+N19+U19+AB19 -> 0 | AJ19: =H19+O19+V19+AD19 -> 0 | AK19: =I19+P19+W19+AD19 -> 0
A20: 16 | B20: 46288 | C20: 10 | D20: 31 | E20: 5 | F20: 67 | H20: 30 | J20: 20 | M20: 88 | AE20: =C20+J20+Q20+X20 -> 30 | AF20: 24 | AG20: =E20+L20+S20+Z20 -> 5 | AH20: 145 | AI20: =G20+N20+U20+AB20 -> 0 | AJ20: =H20+O20+V20+AD20 -> 30 | AK20: =I20+P20+W20+AD20 -> 0
A21: 17 | B21: 46289 | F21: 104 | AE21: =C21+J21+Q21+X21 -> 0 | AF21: =D21+K21+R21+Y21 -> 0 | AG21: =E21+L21+S21+Z21 -> 0 | AH21: =F21+M21+T21+AA21 -> 104 | AI21: =G21+N21+U21+AB21 -> 0 | AJ21: =H21+O21+V21+AD21 -> 0 | AK21: =I21+P21+W21+AD21 -> 0
A22: Tổng | C22: =SUM(C5:C21) -> 14 | D22: =SUM(D5:D21) -> 113 | E22: =SUM(E5:E21) -> 5 | F22: =SUM(F5:F21) -> 726 | G22: =SUM(G5:G21) -> 11 | H22: =SUM(H5:H21) -> 70 | J22: =SUM(J5:J21) -> 89 | K22: =SUM(K5:K21) -> 78 | M22: =SUM(M5:M21) -> 572 | O22: =SUM(O5:O21) -> 60 | Q22: =SUM(Q5:Q21) -> 66 | R22: =SUM(R5:R21) -> 19 | S22: =SUM(S5:S21) -> 18 | T22: =SUM(T5:T21) -> 181 | V22: =SUM(V5:V21) -> 5 | W22: =SUM(W5:W21) -> 7 | X22: =SUM(X5:X21) -> 0 | Y22: =SUM(Y5:Y21) -> 0 | AA22: =SUM(AA5:AA21) -> 17 | AC22: =SUM(AC5:AC21) -> 30 | AE22: =SUM(AE5:AE21) -> 169 | AF22: =SUM(AF5:AF21) -> 214 | AG22: =SUM(AG5:AG21) -> 12 | AH22: =SUM(AH5:AH21) -> 1486 | AI22: =SUM(AI5:AI21) -> 11 | AJ22: =SUM(AJ5:AJ21) -> 135 | AK22: =SUM(AK5:AK21) -> 7
A23: 18 | B23: 46290 | J23: 10 | AE23: =C23+J23+Q23+X23 -> 10 | AF23: =D23+K23+R23+Y23 -> 0 | AG23: =E23+L23+S23+Z23 -> 0 | AH23: =F23+M23+T23+AA23 -> 0 | AI23: =G23+N23+U23+AB23 -> 0 | AJ23: =H23+O23+V23+AC23 -> 0 | AK23: =I23+P23+W23+AD23 -> 0
A24: 19 | B24: 46291 | C24: 10 | D24: 12 | F24: 110 | AE24: =C24+J24+Q24+X24 -> 10 | AF24: =D24+K24+R24+Y24 -> 12 | AG24: =E24+L24+S24+Z24 -> 0 | AH24: =F24+M24+T24+AA24 -> 110 | AI24: =G24+N24+U24+AB24 -> 0 | AJ24: =H24+O24+V24+AC24 -> 0 | AK24: =I24+P24+W24+AD24 -> 0
A25: 20 | B25: 46292 | AE25: =C25+J25+Q25+X25 -> 0 | AF25: =D25+K25+R25+Y25 -> 0 | AG25: =E25+L25+S25+Z25 -> 0 | AH25: =F25+M25+T25+AA25 -> 0 | AI25: =G25+N25+U25+AB25 -> 0 | AJ25: =H25+O25+V25+AC25 -> 0 | AK25: =I25+P25+W25+AD25 -> 0
A26: 21 | B26: 46293 | M26: 108 | Y26: 33 | AE26: =C26+J26+Q26+X26 -> 0 | AF26: =D26+K26+R26+Y26 -> 33 | AG26: =E26+L26+S26+Z26 -> 0 | AH26: =F26+M26+T26+AA26 -> 108 | AI26: =G26+N26+U26+AB26 -> 0 | AJ26: =H26+O26+V26+AC26 -> 0 | AK26: =I26+P26+W26+AD26 -> 0
A27: 22 | B27: 46294 | C27: 33 | D27: 40 | F27: =34+11 -> 45 | K27: 20 | M27: 32 | O27: 30 | AE27: =C27+J27+Q27+X27 -> 33 | AF27: =D27+K27+R27+Y27 -> 60 | AG27: =E27+L27+S27+Z27 -> 0 | AH27: =F27+M27+T27+AA27 -> 77 | AI27: =G27+N27+U27+AB27 -> 0 | AJ27: =H27+O27+V27+AC27 -> 30 | AK27: =I27+P27+W27+AD27 -> 0
A28: 23 | B28: 46295 | C28: 30 | F28: 78 | H28: 50 | J28: 10 | AE28: =C28+J28+Q28+X28 -> 40 | AF28: =D28+K28+R28+Y28 -> 0 | AG28: =E28+L28+S28+Z28 -> 0 | AH28: =F28+M28+T28+AA28 -> 78 | AI28: =G28+N28+U28+AB28 -> 0 | AJ28: =H28+O28+V28+AC28 -> 50 | AK28: =I28+P28+W28+AD28 -> 0
A29: 24 | B29: 46032 | J29: 17 | M29: =12+25 -> 37 | O29: =2+50 -> 52 | AE29: =C29+J29+Q29+X29 -> 17 | AF29: =D29+K29+R29+Y29 -> 0 | AG29: =E29+L29+S29+Z29 -> 0 | AH29: =F29+M29+T29+AA29 -> 37 | AI29: =G29+N29+U29+AB29 -> 0 | AJ29: =H29+O29+V29+AC29 -> 52 | AK29: =I29+P29+W29+AD29 -> 0
A30: 25 | B30: 46063 | J30: =11+10 -> 21 | M30: 17 | AE30: =C30+J30+Q30+X30 -> 21 | AF30: =D30+K30+R30+Y30 -> 0 | AG30: =E30+L30+S30+Z30 -> 0 | AH30: =F30+M30+T30+AA30 -> 17 | AI30: =G30+N30+U30+AB30 -> 0 | AJ30: =H30+O30+V30+AC30 -> 0 | AK30: =I30+P30+W30+AD30 -> 0
A31: 26 | B31: 46091 | H31: 26 | AE31: =C31+J31+Q31+X31 -> 0 | AF31: =D31+K31+R31+Y31 -> 0 | AG31: =E31+L31+S31+Z31 -> 0 | AH31: =F31+M31+T31+AA31 -> 0 | AI31: =G31+N31+U31+AB31 -> 0 | AJ31: =H31+O31+V31+AC31 -> 26 | AK31: =I31+P31+W31+AD31 -> 0
AE32: =C32+J32+Q32+X32 -> 0 | AF32: =D32+K32+R32+Y32 -> 0 | AG32: =E32+L32+S32+Z32 -> 0 | AH32: =F32+M32+T32+AA32 -> 0 | AI32: =G32+N32+U32+AB32 -> 0 | AJ32: =H32+O32+V32+AC32 -> 0 | AK32: =I32+P32+W32+AD32 -> 0
AE33: =C33+J33+Q33+X33 -> 0 | AF33: =D33+K33+R33+Y33 -> 0 | AG33: =E33+L33+S33+Z33 -> 0 | AH33: =F33+M33+T33+AA33 -> 0 | AI33: =G33+N33+U33+AB33 -> 0 | AJ33: =H33+O33+V33+AC33 -> 0 | AK33: =I33+P33+W33+AD33 -> 0
AE34: =C34+J34+Q34+X34 -> 0 | AF34: =D34+K34+R34+Y34 -> 0 | AG34: =E34+L34+S34+Z34 -> 0 | AH34: =F34+M34+T34+AA34 -> 0 | AI34: =G34+N34+U34+AB34 -> 0 | AJ34: =H34+O34+V34+AC34 -> 0 | AK34: =I34+P34+W34+AD34 -> 0
AE35: =C35+J35+Q35+X35 -> 0 | AF35: =D35+K35+R35+Y35 -> 0 | AG35: =E35+L35+S35+Z35 -> 0 | AH35: =F35+M35+T35+AA35 -> 0 | AI35: =G35+N35+U35+AB35 -> 0 | AJ35: =H35+O35+V35+AC35 -> 0 | AK35: =I35+P35+W35+AD35 -> 0
